<?xml version="1.0" standalone="yes"?>
<?xml-stylesheet href="x2script.xsl" type="text/xsl"?>
<!-- Generated using X-Studio -->
<script>
	<name>plugin.zanzal.droneminer.bustroid</name>
	<version>1</version>
	<engineversion>50</engineversion>
	<description></description>
	<arguments />
	<sourcetext>
		<line linenr="001" indent="">
			<comment>* ************************************************</comment>
		</line>
		<line linenr="002" indent="">
			<comment>* SCRIPT NAME: plugin.zanzal.droneminer.bustroid</comment>
		</line>
		<line linenr="003" indent="">
			<comment>* DESCRIPTION: Bust an astroid</comment>
		</line>
		<line linenr="004" indent="">
			<comment>* </comment>
		</line>
		<line linenr="005" indent="">
			<comment>* AUTHOR: Zanzal          DATE: 4 January 2014</comment>
		</line>
		<line linenr="006" indent="">
			<comment>* ************************************************</comment>
		</line>
		<line linenr="007" indent="">
			<var>$pageid</var>
			<text> </text>
			<text>=</text>
			<text> </text>
			<var>8101</var>
		</line>
		<line linenr="008" indent="">
			<var>$result</var>
			<text> </text>
			<text>=</text>
			<text> </text>
			<var>[FALSE]</var>
		</line>
		<line linenr="009" indent="">
			<var>$vars</var>
			<text> </text>
			<text>=</text>
			<text> </text>
			<var>[THIS]</var>
			<text>-&gt;</text>
			<text> </text>
			<text>get</text>
			<text> </text>
			<text>local</text>
			<text> </text>
			<text>variable</text>
			<text>:</text>
			<text> </text>
			<text>name</text>
			<text>=</text>
			<text>'zanzal.droneminer'</text>
		</line>
		<line linenr="010" indent="" />
		<line linenr="011" indent="">
			<text>if</text>
			<text> </text>
			<var>[DOCKEDAT]</var>
		</line>
		<line linenr="012" indent="&#160;" interruptable="@">
			<text>=</text>
			<text> </text>
			<var>[THIS]</var>
			<text>-&gt;</text>
			<text> </text>
			<text>call</text>
			<text> </text>
			<text>script</text>
			<text> </text>
			<call>!move.undock</call>
			<text> </text>
			<text>:</text>
		</line>
		<line linenr="013" indent="">
			<text>end</text>
		</line>
		<line linenr="014" indent="" />
		<line linenr="015" indent="">
			<var>$IDX_MINERALS</var>
			<text> </text>
			<text>=</text>
			<text> </text>
			<var>3</var>
		</line>
		<line linenr="016" indent="">
			<var>$IDX_BUSTROIDS</var>
			<text> </text>
			<text>=</text>
			<text> </text>
			<var>10</var>
		</line>
		<line linenr="017" indent="">
			<var>$config.detect.rock.range</var>
			<text> </text>
			<text>=</text>
			<text> </text>
			<var>250000</var>
		</line>
		<line linenr="018" indent="" />
		<line linenr="019" indent="">
			<var>$bustroid.setting</var>
			<text> </text>
			<text>=</text>
			<text> </text>
			<var>$vars</var>
			<text>[</text>
			<var>$IDX_BUSTROIDS</var>
			<text>]</text>
		</line>
		<line linenr="020" indent="">
			<var>$minerals</var>
			<text> </text>
			<text>=</text>
			<text> </text>
			<var>$vars</var>
			<text>[</text>
			<var>$IDX_MINERALS</var>
			<text>]</text>
		</line>
		<line linenr="021" indent="">
			<var>$target.roid</var>
			<text> </text>
			<text>=</text>
			<text> </text>
			<var>null</var>
		</line>
		<line linenr="022" indent="">
			<var>$can.use.drill</var>
			<text> </text>
			<text>=</text>
			<text> </text>
			<var>[FALSE]</var>
		</line>
		<line linenr="023" indent="">
			<var>$missile</var>
			<text> </text>
			<text>=</text>
			<text> </text>
			<var>null</var>
		</line>
		<line linenr="024" indent="">
			<text>if</text>
			<text> </text>
			<var>$bustroid.setting</var>
			<text> </text>
			<text>&gt;</text>
			<text> </text>
			<var>0</var>
		</line>
		<line linenr="025" indent="&#160;">
			<text>gosub</text>
			<text> </text>
			<var>check_weapon_capabilities</var>
			<text>:</text>
		</line>
		<line linenr="026" indent="&#160;">
			<text>if</text>
			<text> </text>
			<var>$can.use.drill</var>
			<text> </text>
			<text>OR</text>
			<text> </text>
			<var>$missile</var>
			<text> </text>
			<text>!=</text>
			<text> </text>
			<var>null</var>
		</line>
		<line linenr="027" indent="&#160;&#160;">
			<text>gosub</text>
			<text> </text>
			<var>select_roid</var>
			<text>:</text>
		</line>
		<line linenr="028" indent="&#160;&#160;">
			<text>if</text>
			<text> </text>
			<var>$target.roid</var>
			<text>-&gt;</text>
			<text> </text>
			<text>exists</text>
		</line>
		<line linenr="029" indent="&#160;&#160;&#160;">
			<text>gosub</text>
			<text> </text>
			<var>attack_roid</var>
			<text>:</text>
		</line>
		<line linenr="030" indent="&#160;&#160;">
			<text>end</text>
		</line>
		<line linenr="031" indent="&#160;">
			<text>end</text>
		</line>
		<line linenr="032" indent="">
			<text>end</text>
		</line>
		<line linenr="033" indent="" />
		<line linenr="034" indent="">
			<text>return</text>
			<text> </text>
			<var>$result</var>
		</line>
		<line linenr="035" indent="" />
		<line linenr="036" indent="">
			<var>check_weapon_capabilities</var>
			<text>:</text>
		</line>
		<line linenr="037" indent="&#160;">
			<comment>* Do we have a roid busting missile</comment>
		</line>
		<line linenr="038" indent="&#160;">
			<var>$use.turret</var>
			<text> </text>
			<text>=</text>
			<text> </text>
			<var>0</var>
		</line>
		<line linenr="039" indent="&#160;">
			<var>$missile.count</var>
			<text> </text>
			<text>=</text>
			<text> </text>
			<var>null</var>
		</line>
		<line linenr="040" indent="&#160;">
			<text>if</text>
			<text> </text>
			<var>[THIS]</var>
			<text>-&gt;</text>
			<text> </text>
			<text>can</text>
			<text> </text>
			<text>missile</text>
			<text> </text>
			<var>{Hornet Missile}</var>
			<text> </text>
			<text>be</text>
			<text> </text>
			<text>installed</text>
		</line>
		<line linenr="041" indent="&#160;&#160;">
			<var>$missile</var>
			<text> </text>
			<text>=</text>
			<text> </text>
			<var>{Hornet Missile}</var>
		</line>
		<line linenr="042" indent="&#160;">
			<text>else</text>
			<text> </text>
			<text>if</text>
			<text> </text>
			<var>[THIS]</var>
			<text>-&gt;</text>
			<text> </text>
			<text>can</text>
			<text> </text>
			<text>missile</text>
			<text> </text>
			<var>{Spectre Missile}</var>
			<text> </text>
			<text>be</text>
			<text> </text>
			<text>installed</text>
		</line>
		<line linenr="043" indent="&#160;&#160;">
			<var>$missile</var>
			<text> </text>
			<text>=</text>
			<text> </text>
			<var>{Spectre Missile}</var>
		</line>
		<line linenr="044" indent="&#160;">
			<text>else</text>
		</line>
		<line linenr="045" indent="&#160;&#160;">
			<var>$missile</var>
			<text> </text>
			<text>=</text>
			<text> </text>
			<var>null</var>
		</line>
		<line linenr="046" indent="&#160;">
			<text>end</text>
		</line>
		<line linenr="047" indent="&#160;" />
		<line linenr="048" indent="&#160;">
			<text>if</text>
			<text> </text>
			<var>$missile</var>
			<text> </text>
			<text>!=</text>
			<text> </text>
			<var>null</var>
		</line>
		<line linenr="049" indent="&#160;&#160;">
			<var>$missile.count</var>
			<text> </text>
			<text>=</text>
			<text> </text>
			<var>[THIS]</var>
			<text>-&gt;</text>
			<text> </text>
			<text>get</text>
			<text> </text>
			<text>amount</text>
			<text> </text>
			<text>of</text>
			<text> </text>
			<text>ware</text>
			<text> </text>
			<var>$missile</var>
			<text> </text>
			<text>in</text>
			<text> </text>
			<text>cargo</text>
			<text> </text>
			<text>bay</text>
		</line>
		<line linenr="050" indent="&#160;&#160;">
			<text>if</text>
			<text> </text>
			<var>$missile.count</var>
			<text> </text>
			<text>&lt;=</text>
			<text> </text>
			<var>0</var>
		</line>
		<line linenr="051" indent="&#160;&#160;&#160;">
			<var>$missile</var>
			<text> </text>
			<text>=</text>
			<text> </text>
			<var>null</var>
		</line>
		<line linenr="052" indent="&#160;&#160;">
			<text>end</text>
		</line>
		<line linenr="053" indent="&#160;">
			<text>end</text>
		</line>
		<line linenr="054" indent="&#160;" />
		<line linenr="055" indent="&#160;">
			<var>$can.use.drill</var>
			<text> </text>
			<text>=</text>
			<text> </text>
			<var>[FALSE]</var>
		</line>
		<line linenr="056" indent="&#160;">
			<var>$needs.drill</var>
			<text> </text>
			<text>=</text>
			<text> </text>
			<var>[TRUE]</var>
		</line>
		<line linenr="057" indent="&#160;" />
		<line linenr="058" indent="&#160;">
			<var>$t</var>
			<text> </text>
			<text>=</text>
			<text> </text>
			<var>0</var>
		</line>
		<line linenr="059" indent="&#160;">
			<var>$max.t</var>
			<text> </text>
			<text>=</text>
			<text> </text>
			<var>[THIS]</var>
			<text>-&gt;</text>
			<text> </text>
			<text>get</text>
			<text> </text>
			<text>number</text>
			<text> </text>
			<text>of</text>
			<text> </text>
			<text>turrets</text>
		</line>
		<line linenr="060" indent="&#160;">
			<text>while</text>
			<text> </text>
			<var>$t</var>
			<text> </text>
			<text>&lt;</text>
			<text> </text>
			<var>$max.t</var>
			<text> </text>
			<text>AND</text>
			<text> </text>
			<var>$needs.drill</var>
			<text> </text>
			<text>==</text>
			<text> </text>
			<var>[TRUE]</var>
		</line>
		<line linenr="061" indent="&#160;&#160;">
			<var>$lasers</var>
			<text> </text>
			<text>=</text>
			<text> </text>
			<var>[THIS]</var>
			<text>-&gt;</text>
			<text> </text>
			<text>get</text>
			<text> </text>
			<text>compatible</text>
			<text> </text>
			<text>laser</text>
			<text> </text>
			<text>array</text>
			<text>:</text>
			<text> </text>
			<text>turret</text>
			<text>=</text>
			<var>$t</var>
		</line>
		<line linenr="062" indent="&#160;&#160;">
			<text>if</text>
			<text> </text>
			<text>find</text>
			<text> </text>
			<var>{Mobile Drilling System}</var>
			<text> </text>
			<text>in</text>
			<text> </text>
			<text>array</text>
			<text>:</text>
			<text> </text>
			<var>$lasers</var>
		</line>
		<line linenr="063" indent="&#160;&#160;&#160;">
			<text>if</text>
			<text> </text>
			<var>$can.use.drill</var>
			<text> </text>
			<text>==</text>
			<text> </text>
			<var>[FALSE]</var>
		</line>
		<line linenr="064" indent="&#160;&#160;&#160;&#160;">
			<var>$can.use.drill</var>
			<text> </text>
			<text>=</text>
			<text> </text>
			<var>[TRUE]</var>
		</line>
		<line linenr="065" indent="&#160;&#160;&#160;&#160;">
			<var>$use.turret</var>
			<text> </text>
			<text>=</text>
			<text> </text>
			<var>$t</var>
		</line>
		<line linenr="066" indent="&#160;&#160;&#160;">
			<text>end</text>
		</line>
		<line linenr="067" indent="&#160;&#160;&#160;">
			<var>$l</var>
			<text> </text>
			<text>=</text>
			<text> </text>
			<var>0</var>
		</line>
		<line linenr="068" indent="&#160;&#160;&#160;">
			<var>$max.l</var>
			<text> </text>
			<text>=</text>
			<text> </text>
			<var>[THIS]</var>
			<text>-&gt;</text>
			<text> </text>
			<text>get</text>
			<text> </text>
			<text>max.</text>
			<text> </text>
			<text>number</text>
			<text> </text>
			<text>of</text>
			<text> </text>
			<text>lasers</text>
			<text> </text>
			<text>in</text>
			<text> </text>
			<text>turret</text>
			<text> </text>
			<var>$t</var>
		</line>
		<line linenr="069" indent="&#160;&#160;&#160;">
			<text>while</text>
			<text> </text>
			<var>$l</var>
			<text> </text>
			<text>&lt;</text>
			<text> </text>
			<var>$max.l</var>
		</line>
		<line linenr="070" indent="&#160;&#160;&#160;&#160;">
			<var>$gun</var>
			<text> </text>
			<text>=</text>
			<text> </text>
			<var>[THIS]</var>
			<text>-&gt;</text>
			<text> </text>
			<text>get</text>
			<text> </text>
			<text>laser</text>
			<text> </text>
			<text>type</text>
			<text> </text>
			<text>in</text>
			<text> </text>
			<text>turret</text>
			<text> </text>
			<var>$t</var>
			<text> </text>
			<text>at</text>
			<text> </text>
			<text>slot</text>
			<text> </text>
			<var>$l</var>
		</line>
		<line linenr="071" indent="&#160;&#160;&#160;&#160;">
			<text>if</text>
			<text> </text>
			<var>$gun</var>
			<text> </text>
			<text>==</text>
			<text> </text>
			<var>{Mobile Drilling System}</var>
		</line>
		<line linenr="072" indent="&#160;&#160;&#160;&#160;&#160;">
			<var>$needs.drill</var>
			<text> </text>
			<text>=</text>
			<text> </text>
			<var>[FALSE]</var>
		</line>
		<line linenr="073" indent="&#160;&#160;&#160;&#160;&#160;">
			<var>$use.turret</var>
			<text> </text>
			<text>=</text>
			<text> </text>
			<var>$t</var>
		</line>
		<line linenr="074" indent="&#160;&#160;&#160;&#160;&#160;">
			<text>break</text>
		</line>
		<line linenr="075" indent="&#160;&#160;&#160;&#160;">
			<text>end</text>
		</line>
		<line linenr="076" indent="&#160;&#160;&#160;&#160;">
			<text>inc</text>
			<text> </text>
			<var>$l</var>
		</line>
		<line linenr="077" indent="&#160;&#160;&#160;">
			<text>end</text>
		</line>
		<line linenr="078" indent="&#160;&#160;">
			<text>end</text>
		</line>
		<line linenr="079" indent="&#160;&#160;">
			<text>inc</text>
			<text> </text>
			<var>$t</var>
		</line>
		<line linenr="080" indent="&#160;">
			<text>end</text>
		</line>
		<line linenr="081" indent="&#160;" />
		<line linenr="082" indent="&#160;">
			<text>if</text>
			<text> </text>
			<var>$needs.drill</var>
			<text> </text>
			<text>==</text>
			<text> </text>
			<var>[TRUE]</var>
		</line>
		<line linenr="083" indent="&#160;&#160;">
			<text>if</text>
			<text> </text>
			<text>not</text>
			<text> </text>
			<var>[THIS]</var>
			<text>-&gt;</text>
			<text> </text>
			<text>get</text>
			<text> </text>
			<text>amount</text>
			<text> </text>
			<text>of</text>
			<text> </text>
			<text>ware</text>
			<text> </text>
			<var>{Mobile Drilling System}</var>
			<text> </text>
			<text>in</text>
			<text> </text>
			<text>cargo</text>
			<text> </text>
			<text>bay</text>
		</line>
		<line linenr="084" indent="&#160;&#160;&#160;">
			<var>$can.use.drill</var>
			<text> </text>
			<text>=</text>
			<text> </text>
			<var>[FALSE]</var>
		</line>
		<line linenr="085" indent="&#160;&#160;">
			<text>end</text>
		</line>
		<line linenr="086" indent="&#160;">
			<text>end</text>
		</line>
		<line linenr="087" indent="">
			<text>endsub</text>
		</line>
		<line linenr="088" indent="" />
		<line linenr="089" indent="">
			<var>select_roid</var>
			<text>:</text>
		</line>
		<line linenr="090" indent="&#160;">
			<var>$flags</var>
			<text> </text>
			<text>=</text>
			<text> </text>
			<var>[Find.Known]</var>
			<text> </text>
			<text>|</text>
			<text> </text>
			<var>[Find.Multiple]</var>
		</line>
		<line linenr="091" indent="&#160;">
			<var>$roid.list</var>
			<text> </text>
			<text>=</text>
			<text> </text>
			<text>find</text>
			<text> </text>
			<text>asteroid</text>
			<text>:</text>
			<text> </text>
			<text>sector</text>
			<text>=</text>
			<var>[SECTOR]</var>
			<text> </text>
			<text>resourcetype</text>
			<text>=</text>
			<var>null</var>
			<text> </text>
			<text>min.yield</text>
			<text>=</text>
			<var>2</var>
			<text> </text>
			<text>flags</text>
			<text>=</text>
			<var>$flags</var>
			<text> </text>
			<text>refobj</text>
			<text>=</text>
			<var>[THIS]</var>
			<text> </text>
			<text>maxdist</text>
			<text>=</text>
			<var>$config.detect.rock.range</var>
			<text> </text>
			<text>maxnum</text>
			<text>=</text>
			<var>100</var>
			<text> </text>
			<text>refpos</text>
			<text>=</text>
			<var>null</var>
		</line>
		<line linenr="092" indent="&#160;">
			<var>$target.roid</var>
			<text> </text>
			<text>=</text>
			<text> </text>
			<var>null</var>
		</line>
		<line linenr="093" indent="&#160;">
			<var>$lowest.yield</var>
			<text> </text>
			<text>=</text>
			<text> </text>
			<var>10000</var>
		</line>
		<line linenr="094" indent="&#160;">
			<var>$XS.Iterator1</var>
			<text> </text>
			<text>=</text>
			<text> </text>
			<text>size</text>
			<text> </text>
			<text>of</text>
			<text> </text>
			<text>array</text>
			<text> </text>
			<var>$roid.list</var>
		</line>
		<line linenr="095" indent="&#160;&#160;">
			<text>while</text>
			<text> </text>
			<var>$XS.Iterator1</var>
		</line>
		<line linenr="096" indent="&#160;&#160;">
			<text>dec</text>
			<text> </text>
			<var>$XS.Iterator1</var>
		</line>
		<line linenr="097" indent="&#160;&#160;">
			<var>$roid</var>
			<text> </text>
			<text>=</text>
			<text> </text>
			<var>$roid.list</var>
			<text>[</text>
			<var>$XS.Iterator1</var>
			<text>]</text>
		</line>
		<line linenr="098" indent="&#160;&#160;">
			<var>$is.scanned</var>
			<text> </text>
			<text>=</text>
			<text> </text>
			<var>$roid</var>
			<text>-&gt;</text>
			<text> </text>
			<text>is</text>
			<text> </text>
			<text>asteroid</text>
			<text> </text>
			<text>scanned</text>
		</line>
		<line linenr="099" indent="&#160;&#160;&#160;">
			<var>$yield</var>
			<text> </text>
			<text>=</text>
			<text> </text>
			<var>$roid</var>
			<text>-&gt;</text>
			<text> </text>
			<text>get</text>
			<text> </text>
			<text>asteroid</text>
			<text> </text>
			<text>yield</text>
		</line>
		<line linenr="100" indent="&#160;&#160;&#160;&#160;">
			<var>$mineral</var>
			<text> </text>
			<text>=</text>
			<text> </text>
			<var>$roid</var>
			<text>-&gt;</text>
			<text> </text>
			<text>get</text>
			<text> </text>
			<text>resource</text>
			<text> </text>
			<text>waretype</text>
			<text> </text>
			<text>of</text>
			<text> </text>
			<text>asteroid</text>
		</line>
		<line linenr="101" indent="&#160;&#160;&#160;&#160;&#160;">
			<text>if</text>
			<text> </text>
			<text>not</text>
			<text> </text>
			<var>$roid</var>
			<text>-&gt;</text>
			<text> </text>
			<text>is</text>
			<text> </text>
			<text>hidden</text>
		</line>
		<line linenr="102" indent="&#160;&#160;&#160;&#160;&#160;&#160;">
			<text>if</text>
			<text> </text>
			<text>not</text>
			<text> </text>
			<var>$roid</var>
			<text>-&gt;</text>
			<text> </text>
			<text>is</text>
			<text> </text>
			<text>invincible</text>
		</line>
		<line linenr="103" indent="&#160;&#160;&#160;&#160;&#160;&#160;&#160;">
			<text>if</text>
			<text> </text>
			<var>$is.scanned</var>
		</line>
		<line linenr="104" indent="&#160;&#160;&#160;&#160;&#160;&#160;&#160;&#160;">
			<text>if</text>
			<text> </text>
			<var>$yield</var>
			<text> </text>
			<text>&lt;=</text>
			<text> </text>
			<var>$bustroid.setting</var>
		</line>
		<line linenr="105" indent="&#160;&#160;&#160;&#160;&#160;&#160;&#160;&#160;">
			<text>if</text>
			<text> </text>
			<text>find</text>
			<text> </text>
			<var>$mineral</var>
			<text> </text>
			<text>in</text>
			<text> </text>
			<text>array</text>
			<text>:</text>
			<text> </text>
			<var>$minerals</var>
		</line>
		<line linenr="106" indent="&#160;&#160;&#160;&#160;&#160;&#160;&#160;">
			<text>if</text>
			<text> </text>
			<var>$yield</var>
			<text> </text>
			<text>&lt;</text>
			<text> </text>
			<var>$lowest.yield</var>
		</line>
		<line linenr="107" indent="&#160;&#160;&#160;&#160;&#160;&#160;">
			<var>$target.roid</var>
			<text> </text>
			<text>=</text>
			<text> </text>
			<var>$roid</var>
		</line>
		<line linenr="108" indent="&#160;&#160;&#160;&#160;&#160;">
			<var>$lowest.yield</var>
			<text> </text>
			<text>=</text>
			<text> </text>
			<var>$yield</var>
		</line>
		<line linenr="109" indent="&#160;&#160;&#160;&#160;">
			<text>end</text>
		</line>
		<line linenr="110" indent="&#160;&#160;&#160;">
			<text>end</text>
		</line>
		<line linenr="111" indent="&#160;&#160;">
			<text>end</text>
		</line>
		<line linenr="112" indent="&#160;">
			<text>end</text>
		</line>
		<line linenr="113" indent="">
			<text>end</text>
		</line>
		<line linenr="114" indent="">
			<text>end</text>
		</line>
		<line linenr="115" indent="">
			<text>end</text>
		</line>
		<line linenr="116" indent="&#160;">
			<text>endsub</text>
		</line>
		<line linenr="117" indent="&#160;" />
		<line linenr="118" indent="&#160;">
			<var>attack_roid</var>
			<text>:</text>
		</line>
		<line linenr="119" indent="&#160;">
			<var>$reequip</var>
			<text> </text>
			<text>=</text>
			<text> </text>
			<var>[FALSE]</var>
		</line>
		<line linenr="120" indent="&#160;">
			<var>$reequip.ware</var>
			<text> </text>
			<text>=</text>
			<text> </text>
			<var>null</var>
		</line>
		<line linenr="121" indent="&#160;&#160;">
			<var>$try</var>
			<text> </text>
			<text>=</text>
			<text> </text>
			<var>0</var>
		</line>
		<line linenr="122" indent="&#160;&#160;">
			<var>[THIS]</var>
			<text>-&gt;</text>
			<text> </text>
			<text>set</text>
			<text> </text>
			<text>destination</text>
			<text> </text>
			<text>to</text>
			<text> </text>
			<var>$target.roid</var>
		</line>
		<line linenr="123" indent="&#160;&#160;">
			<text>while</text>
			<text> </text>
			<var>$try</var>
			<text> </text>
			<text>&lt;</text>
			<text> </text>
			<var>4</var>
		</line>
		<line linenr="124" indent="&#160;&#160;&#160;" interruptable="@">
			<text>=</text>
			<text> </text>
			<var>[THIS]</var>
			<text>-&gt;</text>
			<text> </text>
			<text>call</text>
			<text> </text>
			<text>script</text>
			<text> </text>
			<call>plugin.zanzal.defensivewait</call>
			<text> </text>
			<text>:</text>
			<text> </text>
			<text>from</text>
			<text>=</text>
			<var>200</var>
			<text> </text>
			<text>to</text>
			<text>=</text>
			<var>300</var>
		</line>
		<line linenr="125" indent="&#160;&#160;&#160;">
			<var>$ret</var>
			<text> </text>
			<text>=</text>
			<text> </text>
			<var>[THIS]</var>
			<text>-&gt;</text>
			<text> </text>
			<text>move</text>
			<text> </text>
			<text>to</text>
			<text> </text>
			<text>debris</text>
			<text>/</text>
			<text>asteroid</text>
			<text> </text>
			<var>$target.roid</var>
			<text> </text>
			<text>and</text>
			<text> </text>
			<text>turn</text>
			<text> </text>
			<text>turret</text>
			<text> </text>
			<var>$use.turret</var>
			<text> </text>
			<text>to</text>
			<text> </text>
			<text>target</text>
			<text>:</text>
			<text> </text>
			<text>timeout</text>
			<text>=</text>
			<var>30000</var>
		</line>
		<line linenr="126" indent="&#160;&#160;&#160;&#160;">
			<text>if</text>
			<text> </text>
			<var>$ret</var>
			<text> </text>
			<text>==</text>
			<text> </text>
			<var>[FLRET_FIREFREE]</var>
		</line>
		<line linenr="127" indent="&#160;&#160;&#160;&#160;&#160;">
			<text>inc</text>
			<text> </text>
			<var>$try</var>
		</line>
		<line linenr="128" indent="&#160;&#160;&#160;&#160;&#160;&#160;">
			<text>if</text>
			<text> </text>
			<var>$can.use.drill</var>
			<text> </text>
			<text>AND</text>
			<text> </text>
			<var>$try</var>
			<text> </text>
			<text>&lt;</text>
			<text> </text>
			<var>4</var>
		</line>
		<line linenr="129" indent="&#160;&#160;&#160;&#160;&#160;&#160;">
			<text>if</text>
			<text> </text>
			<var>$needs.drill</var>
		</line>
		<line linenr="130" indent="&#160;&#160;&#160;&#160;&#160;&#160;">
			<text>if</text>
			<text> </text>
			<var>[THIS]</var>
			<text>-&gt;</text>
			<text> </text>
			<text>get</text>
			<text> </text>
			<text>amount</text>
			<text> </text>
			<text>of</text>
			<text> </text>
			<text>ware</text>
			<text> </text>
			<var>{Mobile Drilling System}</var>
			<text> </text>
			<text>in</text>
			<text> </text>
			<text>cargo</text>
			<text> </text>
			<text>bay</text>
		</line>
		<line linenr="131" indent="&#160;&#160;&#160;&#160;&#160;&#160;">
			<var>$reequip.ware</var>
			<text> </text>
			<text>=</text>
			<text> </text>
			<var>[THIS]</var>
			<text>-&gt;</text>
			<text> </text>
			<text>get</text>
			<text> </text>
			<text>laser</text>
			<text> </text>
			<text>type</text>
			<text> </text>
			<text>in</text>
			<text> </text>
			<text>turret</text>
			<text> </text>
			<var>$use.turret</var>
			<text> </text>
			<text>at</text>
			<text> </text>
			<text>slot</text>
			<text> </text>
			<var>0</var>
		</line>
		<line linenr="132" indent="&#160;&#160;&#160;&#160;&#160;">
			<var>$reequip</var>
			<text> </text>
			<text>=</text>
			<text> </text>
			<var>[TRUE]</var>
		</line>
		<line linenr="133" indent="&#160;&#160;&#160;&#160;">
			<var>$needs.drill</var>
			<text> </text>
			<text>=</text>
			<text> </text>
			<var>[FALSE]</var>
		</line>
		<line linenr="134" indent="&#160;&#160;&#160;&#160;">
			<var>[THIS]</var>
			<text>-&gt;</text>
			<text> </text>
			<text>switch</text>
			<text> </text>
			<text>laser</text>
			<text> </text>
			<text>in</text>
			<text> </text>
			<text>turret</text>
			<text> </text>
			<var>$use.turret</var>
			<text> </text>
			<text>gun</text>
			<text> </text>
			<var>0</var>
			<text> </text>
			<text>to</text>
			<text> </text>
			<var>{Mobile Drilling System}</var>
		</line>
		<line linenr="135" indent="&#160;&#160;&#160;&#160;">
			<text>end</text>
		</line>
		<line linenr="136" indent="&#160;&#160;&#160;&#160;">
			<text>end</text>
		</line>
		<line linenr="137" indent="&#160;&#160;&#160;&#160;">
			<text>=</text>
			<text> </text>
			<var>[THIS]</var>
			<text>-&gt;</text>
			<text> </text>
			<text>fire</text>
			<text> </text>
			<text>lasers</text>
			<text> </text>
			<text>on</text>
			<text> </text>
			<text>target</text>
			<text> </text>
			<var>$target.roid</var>
			<text> </text>
			<text>using</text>
			<text> </text>
			<text>turret</text>
			<text> </text>
			<var>$use.turret</var>
		</line>
		<line linenr="138" indent="&#160;&#160;&#160;&#160;&#160;" interruptable="@">
			<text>=</text>
			<text> </text>
			<var>[THIS]</var>
			<text>-&gt;</text>
			<text> </text>
			<text>call</text>
			<text> </text>
			<text>script</text>
			<text> </text>
			<call>plugin.zanzal.defensivewait</call>
			<text> </text>
			<text>:</text>
			<text> </text>
			<text>from</text>
			<text>=</text>
			<var>9000</var>
			<text> </text>
			<text>to</text>
			<text>=</text>
			<var>11000</var>
		</line>
		<line linenr="139" indent="&#160;&#160;&#160;&#160;">
			<var>$player.sector</var>
			<text> </text>
			<text>=</text>
			<text> </text>
			<var>[PLAYERSHIP]</var>
			<text>-&gt;</text>
			<text> </text>
			<text>get</text>
			<text> </text>
			<text>sector</text>
		</line>
		<line linenr="140" indent="&#160;&#160;&#160;">
			<text>if</text>
			<text> </text>
			<var>[SECTOR]</var>
			<text> </text>
			<text>!=</text>
			<text> </text>
			<var>$player.sector</var>
		</line>
		<line linenr="141" indent="&#160;&#160;&#160;&#160;">
			<text>gosub</text>
			<text> </text>
			<var>force_break_roid</var>
			<text>:</text>
		</line>
		<line linenr="142" indent="&#160;&#160;&#160;&#160;">
			<text>end</text>
		</line>
		<line linenr="143" indent="&#160;&#160;&#160;&#160;">
			<text>else</text>
			<text> </text>
			<text>if</text>
			<text> </text>
			<var>$missile</var>
			<text> </text>
			<text>!=</text>
			<text> </text>
			<var>null</var>
		</line>
		<line linenr="144" indent="&#160;&#160;&#160;&#160;">
			<text>=</text>
			<text> </text>
			<var>[THIS]</var>
			<text>-&gt;</text>
			<text> </text>
			<text>fire</text>
			<text> </text>
			<text>missile</text>
			<text> </text>
			<var>$missile</var>
			<text> </text>
			<text>on</text>
			<text> </text>
			<var>$target.roid</var>
		</line>
		<line linenr="145" indent="&#160;&#160;&#160;&#160;&#160;" interruptable="@">
			<text>=</text>
			<text> </text>
			<var>[THIS]</var>
			<text>-&gt;</text>
			<text> </text>
			<text>call</text>
			<text> </text>
			<text>script</text>
			<text> </text>
			<call>plugin.zanzal.defensivewait</call>
			<text> </text>
			<text>:</text>
			<text> </text>
			<text>from</text>
			<text>=</text>
			<var>30000</var>
			<text> </text>
			<text>to</text>
			<text>=</text>
			<var>34000</var>
		</line>
		<line linenr="146" indent="&#160;&#160;&#160;&#160;">
			<var>$player.sector</var>
			<text> </text>
			<text>=</text>
			<text> </text>
			<var>[PLAYERSHIP]</var>
			<text>-&gt;</text>
			<text> </text>
			<text>get</text>
			<text> </text>
			<text>sector</text>
		</line>
		<line linenr="147" indent="&#160;&#160;&#160;">
			<text>if</text>
			<text> </text>
			<var>[SECTOR]</var>
			<text> </text>
			<text>!=</text>
			<text> </text>
			<var>$player.sector</var>
		</line>
		<line linenr="148" indent="&#160;&#160;">
			<text>gosub</text>
			<text> </text>
			<var>force_break_roid</var>
			<text>:</text>
		</line>
		<line linenr="149" indent="&#160;&#160;">
			<text>end</text>
		</line>
		<line linenr="150" indent="&#160;&#160;">
			<text>end</text>
		</line>
		<line linenr="151" indent="&#160;&#160;&#160;">
			<text>end</text>
		</line>
		<line linenr="152" indent="&#160;&#160;&#160;">
			<var>$roids</var>
			<text> </text>
			<text>=</text>
			<text> </text>
			<var>[SECTOR]</var>
			<text>-&gt;</text>
			<text> </text>
			<text>get</text>
			<text> </text>
			<text>asteroid</text>
			<text> </text>
			<text>array</text>
			<text> </text>
			<text>from</text>
			<text> </text>
			<text>sector</text>
		</line>
		<line linenr="153" indent="&#160;&#160;">
			<text>if</text>
			<text> </text>
			<text>not</text>
			<text> </text>
			<text>find</text>
			<text> </text>
			<var>$target.roid</var>
			<text> </text>
			<text>in</text>
			<text> </text>
			<text>array</text>
			<text>:</text>
			<text> </text>
			<var>$roids</var>
		</line>
		<line linenr="154" indent="&#160;">
			<var>$result</var>
			<text> </text>
			<text>=</text>
			<text> </text>
			<var>[TRUE]</var>
		</line>
		<line linenr="155" indent="&#160;">
			<text>break</text>
		</line>
		<line linenr="156" indent="&#160;">
			<text>end</text>
		</line>
		<line linenr="157" indent="&#160;&#160;">
			<text>end</text>
		</line>
		<line linenr="158" indent="&#160;" />
		<line linenr="159" indent="&#160;">
			<text>if</text>
			<text> </text>
			<var>$reequip</var>
		</line>
		<line linenr="160" indent="">
			<var>[THIS]</var>
			<text>-&gt;</text>
			<text> </text>
			<text>switch</text>
			<text> </text>
			<text>laser</text>
			<text> </text>
			<text>in</text>
			<text> </text>
			<text>turret</text>
			<text> </text>
			<var>$use.turret</var>
			<text> </text>
			<text>gun</text>
			<text> </text>
			<var>0</var>
			<text> </text>
			<text>to</text>
			<text> </text>
			<var>$reequip.ware</var>
		</line>
		<line linenr="161" indent="">
			<text>end</text>
		</line>
		<line linenr="162" indent="">
			<var>[THIS]</var>
			<text>-&gt;</text>
			<text> </text>
			<text>set</text>
			<text> </text>
			<text>destination</text>
			<text> </text>
			<text>to</text>
			<text> </text>
			<var>null</var>
		</line>
		<line linenr="163" indent="&#160;">
			<text>endsub</text>
		</line>
		<line linenr="164" indent="&#160;&#160;" />
		<line linenr="165" indent="&#160;&#160;">
			<var>force_break_roid</var>
			<text>:</text>
		</line>
		<line linenr="166" indent="&#160;&#160;">
			<text>if</text>
			<text> </text>
			<var>$target.roid</var>
			<text>-&gt;</text>
			<text> </text>
			<text>exists</text>
		</line>
		<line linenr="167" indent="&#160;&#160;">
			<var>$yield</var>
			<text> </text>
			<text>=</text>
			<text> </text>
			<var>$target.roid</var>
			<text>-&gt;</text>
			<text> </text>
			<text>get</text>
			<text> </text>
			<text>asteroid</text>
			<text> </text>
			<text>yield</text>
		</line>
		<line linenr="168" indent="&#160;&#160;">
			<var>$yield</var>
			<text> </text>
			<text>=</text>
			<text> </text>
			<var>$yield</var>
		</line>
		<line linenr="169" indent="&#160;&#160;">
			<var>$ware</var>
			<text> </text>
			<text>=</text>
			<text> </text>
			<var>$target.roid</var>
			<text>-&gt;</text>
			<text> </text>
			<text>get</text>
			<text> </text>
			<text>resource</text>
			<text> </text>
			<text>waretype</text>
			<text> </text>
			<text>of</text>
			<text> </text>
			<text>asteroid</text>
		</line>
		<line linenr="170" indent="&#160;&#160;">
			<var>$x</var>
			<text> </text>
			<text>=</text>
			<text> </text>
			<var>$target.roid</var>
			<text>-&gt;</text>
			<text> </text>
			<text>get</text>
			<text> </text>
			<text>x</text>
			<text> </text>
			<text>position</text>
		</line>
		<line linenr="171" indent="&#160;&#160;">
			<var>$y</var>
			<text> </text>
			<text>=</text>
			<text> </text>
			<var>$target.roid</var>
			<text>-&gt;</text>
			<text> </text>
			<text>get</text>
			<text> </text>
			<text>y</text>
			<text> </text>
			<text>position</text>
		</line>
		<line linenr="172" indent="&#160;&#160;">
			<var>$z</var>
			<text> </text>
			<text>=</text>
			<text> </text>
			<var>$target.roid</var>
			<text>-&gt;</text>
			<text> </text>
			<text>get</text>
			<text> </text>
			<text>z</text>
			<text> </text>
			<text>position</text>
		</line>
		<line linenr="173" indent="&#160;&#160;">
			<var>$target.roid</var>
			<text>-&gt;</text>
			<text> </text>
			<text>disable</text>
			<text> </text>
			<text>ship</text>
			<text> </text>
			<text>rebuild</text>
		</line>
		<line linenr="174" indent="&#160;">
			<var>$target.roid</var>
			<text>-&gt;</text>
			<text> </text>
			<text>destruct</text>
			<text>:</text>
			<text> </text>
			<text>show</text>
			<text> </text>
			<text>no</text>
			<text> </text>
			<text>explosion</text>
			<text>=</text>
			<var>[TRUE]</var>
		</line>
		<line linenr="175" indent="">
			<var>$debris</var>
			<text> </text>
			<text>=</text>
			<text> </text>
			<text>create</text>
			<text> </text>
			<text>debris</text>
			<text>:</text>
			<text> </text>
			<text>type</text>
			<text>=</text>
			<var>null</var>
			<text> </text>
			<text>addto</text>
			<text>=</text>
			<var>[SECTOR]</var>
			<text> </text>
			<text>resource</text>
			<text>=</text>
			<var>$ware</var>
			<text> </text>
			<text>yield</text>
			<text>=</text>
			<var>$yield</var>
			<text> </text>
			<text>x</text>
			<text>=</text>
			<var>$x</var>
			<text> </text>
			<text>y</text>
			<text>=</text>
			<var>$y</var>
			<text> </text>
			<text>z</text>
			<text>=</text>
			<var>$z</var>
		</line>
		<line linenr="176" indent="">
			<var>$debris</var>
			<text>-&gt;</text>
			<text> </text>
			<text>disable</text>
			<text> </text>
			<text>ship</text>
			<text> </text>
			<text>rebuild</text>
		</line>
		<line linenr="177" indent="">
			<text>end</text>
		</line>
		<line linenr="178" indent="">
			<text>endsub</text>
		</line>
	</sourcetext>
	<codearray>
		<sval type="array" size="10">
			<sval type="string" val="plugin.zanzal.droneminer.bustroid" />
			<sval type="int" val="50" />
			<sval type="string" val="" />
			<sval type="int" val="1" />
			<sval type="int" val="0" />
			<sval type="array" size="39">
				<sval type="string" val="pageid" />
				<sval type="string" val="result" />
				<sval type="string" val="vars" />
				<sval type="string" val="IDX_MINERALS" />
				<sval type="string" val="IDX_BUSTROIDS" />
				<sval type="string" val="config.detect.rock.range" />
				<sval type="string" val="bustroid.setting" />
				<sval type="string" val="minerals" />
				<sval type="string" val="target.roid" />
				<sval type="string" val="can.use.drill" />
				<sval type="string" val="missile" />
				<sval type="string" val="use.turret" />
				<sval type="string" val="missile.count" />
				<sval type="string" val="needs.drill" />
				<sval type="string" val="t" />
				<sval type="string" val="max.t" />
				<sval type="string" val="lasers" />
				<sval type="string" val="l" />
				<sval type="string" val="max.l" />
				<sval type="string" val="gun" />
				<sval type="string" val="flags" />
				<sval type="string" val="roid.list" />
				<sval type="string" val="lowest.yield" />
				<sval type="string" val="roid" />
				<sval type="string" val="XS.Iterator1" />
				<sval type="string" val="is.scanned" />
				<sval type="string" val="yield" />
				<sval type="string" val="mineral" />
				<sval type="string" val="reequip" />
				<sval type="string" val="reequip.ware" />
				<sval type="string" val="try" />
				<sval type="string" val="ret" />
				<sval type="string" val="player.sector" />
				<sval type="string" val="roids" />
				<sval type="string" val="ware" />
				<sval type="string" val="x" />
				<sval type="string" val="y" />
				<sval type="string" val="z" />
				<sval type="string" val="debris" />
			</sval>
			<sval type="array" size="133">
				<sval type="array" size="7">
					<sval type="int" val="104" />
					<sval type="int" val="0" />
					<sval type="int" val="1" />
					<sval type="int" val="4" />
					<sval type="int" val="8101" />
					<sval type="int" val="1" />
					<sval type="int" val="-1" />
				</sval>
				<sval type="array" size="7">
					<sval type="int" val="104" />
					<sval type="int" val="1" />
					<sval type="int" val="1" />
					<sval type="int" val="131075" />
					<sval type="int" val="9" />
					<sval type="int" val="1" />
					<sval type="int" val="-1" />
				</sval>
				<sval type="array" size="6">
					<sval type="int" val="156" />
					<sval type="int" val="131075" />
					<sval type="int" val="1" />
					<sval type="int" val="5" />
					<sval type="string" val="zanzal.droneminer" />
					<sval type="int" val="2" />
				</sval>
				<sval type="array" size="7">
					<sval type="int" val="104" />
					<sval type="int" val="-1610611453" />
					<sval type="int" val="1" />
					<sval type="int" val="131075" />
					<sval type="int" val="11" />
					<sval type="int" val="1" />
					<sval type="int" val="-1" />
				</sval>
				<sval type="array" size="6">
					<sval type="int" val="102" />
					<sval type="string" val="!move.undock" />
					<sval type="int" val="-2147483647" />
					<sval type="int" val="131075" />
					<sval type="int" val="1" />
					<sval type="int" val="0" />
				</sval>
				<sval type="array" size="7">
					<sval type="int" val="104" />
					<sval type="int" val="3" />
					<sval type="int" val="1" />
					<sval type="int" val="4" />
					<sval type="int" val="3" />
					<sval type="int" val="1" />
					<sval type="int" val="-1" />
				</sval>
				<sval type="array" size="7">
					<sval type="int" val="104" />
					<sval type="int" val="4" />
					<sval type="int" val="1" />
					<sval type="int" val="4" />
					<sval type="int" val="10" />
					<sval type="int" val="1" />
					<sval type="int" val="-1" />
				</sval>
				<sval type="array" size="7">
					<sval type="int" val="104" />
					<sval type="int" val="5" />
					<sval type="int" val="1" />
					<sval type="int" val="4" />
					<sval type="int" val="250000" />
					<sval type="int" val="1" />
					<sval type="int" val="-1" />
				</sval>
				<sval type="array" size="6">
					<sval type="int" val="129" />
					<sval type="int" val="6" />
					<sval type="int" val="131074" />
					<sval type="int" val="2" />
					<sval type="int" val="131074" />
					<sval type="int" val="4" />
				</sval>
				<sval type="array" size="6">
					<sval type="int" val="129" />
					<sval type="int" val="7" />
					<sval type="int" val="131074" />
					<sval type="int" val="2" />
					<sval type="int" val="131074" />
					<sval type="int" val="3" />
				</sval>
				<sval type="array" size="7">
					<sval type="int" val="104" />
					<sval type="int" val="8" />
					<sval type="int" val="1" />
					<sval type="int" val="0" />
					<sval type="int" val="0" />
					<sval type="int" val="1" />
					<sval type="int" val="-1" />
				</sval>
				<sval type="array" size="7">
					<sval type="int" val="104" />
					<sval type="int" val="9" />
					<sval type="int" val="1" />
					<sval type="int" val="131075" />
					<sval type="int" val="9" />
					<sval type="int" val="1" />
					<sval type="int" val="-1" />
				</sval>
				<sval type="array" size="7">
					<sval type="int" val="104" />
					<sval type="int" val="10" />
					<sval type="int" val="1" />
					<sval type="int" val="0" />
					<sval type="int" val="0" />
					<sval type="int" val="1" />
					<sval type="int" val="-1" />
				</sval>
				<sval type="array" size="13">
					<sval type="int" val="104" />
					<sval type="int" val="-1610607869" />
					<sval type="int" val="3" />
					<sval type="int" val="131074" />
					<sval type="int" val="6" />
					<sval type="int" val="4" />
					<sval type="int" val="0" />
					<sval type="int" val="15" />
					<sval type="int" val="2" />
					<sval type="int" val="3" />
					<sval type="int" val="-1" />
					<sval type="int" val="2" />
					<sval type="int" val="-2" />
				</sval>
				<sval type="array" size="2">
					<sval type="int" val="1167" />
					<sval type="int" val="20" />
				</sval>
				<sval type="array" size="19">
					<sval type="int" val="104" />
					<sval type="int" val="-1610607869" />
					<sval type="int" val="5" />
					<sval type="int" val="131074" />
					<sval type="int" val="9" />
					<sval type="int" val="131074" />
					<sval type="int" val="10" />
					<sval type="int" val="0" />
					<sval type="int" val="0" />
					<sval type="int" val="15" />
					<sval type="int" val="1" />
					<sval type="int" val="15" />
					<sval type="int" val="10" />
					<sval type="int" val="5" />
					<sval type="int" val="-1" />
					<sval type="int" val="10" />
					<sval type="int" val="-2" />
					<sval type="int" val="1" />
					<sval type="int" val="-3" />
				</sval>
				<sval type="array" size="2">
					<sval type="int" val="1167" />
					<sval type="int" val="60" />
				</sval>
				<sval type="array" size="4">
					<sval type="int" val="706" />
					<sval type="int" val="131074" />
					<sval type="int" val="8" />
					<sval type="int" val="-1610607869" />
				</sval>
				<sval type="array" size="2">
					<sval type="int" val="1167" />
					<sval type="int" val="82" />
				</sval>
				<sval type="array" size="3">
					<sval type="int" val="103" />
					<sval type="int" val="131074" />
					<sval type="int" val="1" />
				</sval>
				<sval type="array" size="2">
					<sval type="int" val="101" />
					<sval type="string" val="check_weapon_capabilities" />
				</sval>
				<sval type="array" size="7">
					<sval type="int" val="104" />
					<sval type="int" val="11" />
					<sval type="int" val="1" />
					<sval type="int" val="4" />
					<sval type="int" val="0" />
					<sval type="int" val="1" />
					<sval type="int" val="-1" />
				</sval>
				<sval type="array" size="7">
					<sval type="int" val="104" />
					<sval type="int" val="12" />
					<sval type="int" val="1" />
					<sval type="int" val="0" />
					<sval type="int" val="0" />
					<sval type="int" val="1" />
					<sval type="int" val="-1" />
				</sval>
				<sval type="array" size="6">
					<sval type="int" val="571" />
					<sval type="int" val="131075" />
					<sval type="int" val="1" />
					<sval type="int" val="-1610606077" />
					<sval type="int" val="9" />
					<sval type="int" val="655364" />
				</sval>
				<sval type="array" size="7">
					<sval type="int" val="104" />
					<sval type="int" val="10" />
					<sval type="int" val="1" />
					<sval type="int" val="9" />
					<sval type="int" val="655364" />
					<sval type="int" val="1" />
					<sval type="int" val="-1" />
				</sval>
				<sval type="array" size="2">
					<sval type="int" val="112" />
					<sval type="int" val="30" />
				</sval>
				<sval type="array" size="6">
					<sval type="int" val="571" />
					<sval type="int" val="131075" />
					<sval type="int" val="1" />
					<sval type="int" val="-1610605307" />
					<sval type="int" val="9" />
					<sval type="int" val="655388" />
				</sval>
				<sval type="array" size="7">
					<sval type="int" val="104" />
					<sval type="int" val="10" />
					<sval type="int" val="1" />
					<sval type="int" val="9" />
					<sval type="int" val="655388" />
					<sval type="int" val="1" />
					<sval type="int" val="-1" />
				</sval>
				<sval type="array" size="2">
					<sval type="int" val="112" />
					<sval type="int" val="30" />
				</sval>
				<sval type="array" size="7">
					<sval type="int" val="104" />
					<sval type="int" val="10" />
					<sval type="int" val="1" />
					<sval type="int" val="0" />
					<sval type="int" val="0" />
					<sval type="int" val="1" />
					<sval type="int" val="-1" />
				</sval>
				<sval type="array" size="13">
					<sval type="int" val="104" />
					<sval type="int" val="-1610604029" />
					<sval type="int" val="3" />
					<sval type="int" val="131074" />
					<sval type="int" val="10" />
					<sval type="int" val="0" />
					<sval type="int" val="0" />
					<sval type="int" val="15" />
					<sval type="int" val="1" />
					<sval type="int" val="3" />
					<sval type="int" val="-1" />
					<sval type="int" val="1" />
					<sval type="int" val="-2" />
				</sval>
				<sval type="array" size="6">
					<sval type="int" val="618" />
					<sval type="int" val="131075" />
					<sval type="int" val="1" />
					<sval type="int" val="12" />
					<sval type="int" val="131074" />
					<sval type="int" val="10" />
				</sval>
				<sval type="array" size="13">
					<sval type="int" val="104" />
					<sval type="int" val="-1610604029" />
					<sval type="int" val="3" />
					<sval type="int" val="131074" />
					<sval type="int" val="12" />
					<sval type="int" val="4" />
					<sval type="int" val="0" />
					<sval type="int" val="15" />
					<sval type="int" val="5" />
					<sval type="int" val="3" />
					<sval type="int" val="-1" />
					<sval type="int" val="5" />
					<sval type="int" val="-2" />
				</sval>
				<sval type="array" size="7">
					<sval type="int" val="104" />
					<sval type="int" val="10" />
					<sval type="int" val="1" />
					<sval type="int" val="0" />
					<sval type="int" val="0" />
					<sval type="int" val="1" />
					<sval type="int" val="-1" />
				</sval>
				<sval type="array" size="7">
					<sval type="int" val="104" />
					<sval type="int" val="9" />
					<sval type="int" val="1" />
					<sval type="int" val="131075" />
					<sval type="int" val="9" />
					<sval type="int" val="1" />
					<sval type="int" val="-1" />
				</sval>
				<sval type="array" size="7">
					<sval type="int" val="104" />
					<sval type="int" val="13" />
					<sval type="int" val="1" />
					<sval type="int" val="131075" />
					<sval type="int" val="10" />
					<sval type="int" val="1" />
					<sval type="int" val="-1" />
				</sval>
				<sval type="array" size="7">
					<sval type="int" val="104" />
					<sval type="int" val="14" />
					<sval type="int" val="1" />
					<sval type="int" val="4" />
					<sval type="int" val="0" />
					<sval type="int" val="1" />
					<sval type="int" val="-1" />
				</sval>
				<sval type="array" size="4">
					<sval type="int" val="556" />
					<sval type="int" val="131075" />
					<sval type="int" val="1" />
					<sval type="int" val="15" />
				</sval>
				<sval type="array" size="25">
					<sval type="int" val="104" />
					<sval type="int" val="-1610598391" />
					<sval type="int" val="7" />
					<sval type="int" val="131074" />
					<sval type="int" val="14" />
					<sval type="int" val="131074" />
					<sval type="int" val="15" />
					<sval type="int" val="15" />
					<sval type="int" val="3" />
					<sval type="int" val="131074" />
					<sval type="int" val="13" />
					<sval type="int" val="131075" />
					<sval type="int" val="10" />
					<sval type="int" val="15" />
					<sval type="int" val="0" />
					<sval type="int" val="15" />
					<sval type="int" val="9" />
					<sval type="int" val="7" />
					<sval type="int" val="-1" />
					<sval type="int" val="3" />
					<sval type="int" val="-2" />
					<sval type="int" val="9" />
					<sval type="int" val="-4" />
					<sval type="int" val="0" />
					<sval type="int" val="-5" />
				</sval>
				<sval type="array" size="6">
					<sval type="int" val="1452" />
					<sval type="int" val="131075" />
					<sval type="int" val="1" />
					<sval type="int" val="16" />
					<sval type="int" val="131074" />
					<sval type="int" val="14" />
				</sval>
				<sval type="array" size="6">
					<sval type="int" val="1406" />
					<sval type="int" val="-1610598909" />
					<sval type="int" val="9" />
					<sval type="int" val="524316" />
					<sval type="int" val="131074" />
					<sval type="int" val="16" />
				</sval>
				<sval type="array" size="13">
					<sval type="int" val="104" />
					<sval type="int" val="-1610601469" />
					<sval type="int" val="3" />
					<sval type="int" val="131074" />
					<sval type="int" val="9" />
					<sval type="int" val="131075" />
					<sval type="int" val="9" />
					<sval type="int" val="15" />
					<sval type="int" val="0" />
					<sval type="int" val="3" />
					<sval type="int" val="-1" />
					<sval type="int" val="0" />
					<sval type="int" val="-2" />
				</sval>
				<sval type="array" size="7">
					<sval type="int" val="104" />
					<sval type="int" val="9" />
					<sval type="int" val="1" />
					<sval type="int" val="131075" />
					<sval type="int" val="10" />
					<sval type="int" val="1" />
					<sval type="int" val="-1" />
				</sval>
				<sval type="array" size="7">
					<sval type="int" val="104" />
					<sval type="int" val="11" />
					<sval type="int" val="1" />
					<sval type="int" val="131074" />
					<sval type="int" val="14" />
					<sval type="int" val="1" />
					<sval type="int" val="-1" />
				</sval>
				<sval type="array" size="7">
					<sval type="int" val="104" />
					<sval type="int" val="17" />
					<sval type="int" val="1" />
					<sval type="int" val="4" />
					<sval type="int" val="0" />
					<sval type="int" val="1" />
					<sval type="int" val="-1" />
				</sval>
				<sval type="array" size="6">
					<sval type="int" val="554" />
					<sval type="int" val="131075" />
					<sval type="int" val="1" />
					<sval type="int" val="18" />
					<sval type="int" val="131074" />
					<sval type="int" val="14" />
				</sval>
				<sval type="array" size="13">
					<sval type="int" val="104" />
					<sval type="int" val="-1610598903" />
					<sval type="int" val="3" />
					<sval type="int" val="131074" />
					<sval type="int" val="17" />
					<sval type="int" val="131074" />
					<sval type="int" val="18" />
					<sval type="int" val="15" />
					<sval type="int" val="3" />
					<sval type="int" val="3" />
					<sval type="int" val="-1" />
					<sval type="int" val="3" />
					<sval type="int" val="-2" />
				</sval>
				<sval type="array" size="8">
					<sval type="int" val="555" />
					<sval type="int" val="131075" />
					<sval type="int" val="1" />
					<sval type="int" val="19" />
					<sval type="int" val="131074" />
					<sval type="int" val="14" />
					<sval type="int" val="131074" />
					<sval type="int" val="17" />
				</sval>
				<sval type="array" size="13">
					<sval type="int" val="104" />
					<sval type="int" val="-1610599421" />
					<sval type="int" val="3" />
					<sval type="int" val="131074" />
					<sval type="int" val="19" />
					<sval type="int" val="9" />
					<sval type="int" val="524316" />
					<sval type="int" val="15" />
					<sval type="int" val="0" />
					<sval type="int" val="3" />
					<sval type="int" val="-1" />
					<sval type="int" val="0" />
					<sval type="int" val="-2" />
				</sval>
				<sval type="array" size="7">
					<sval type="int" val="104" />
					<sval type="int" val="13" />
					<sval type="int" val="1" />
					<sval type="int" val="131075" />
					<sval type="int" val="9" />
					<sval type="int" val="1" />
					<sval type="int" val="-1" />
				</sval>
				<sval type="array" size="7">
					<sval type="int" val="104" />
					<sval type="int" val="11" />
					<sval type="int" val="1" />
					<sval type="int" val="131074" />
					<sval type="int" val="14" />
					<sval type="int" val="1" />
					<sval type="int" val="-1" />
				</sval>
				<sval type="array" size="2">
					<sval type="int" val="112" />
					<sval type="int" val="54" />
				</sval>
				<sval type="array" size="2">
					<sval type="int" val="142" />
					<sval type="int" val="17" />
				</sval>
				<sval type="array" size="2">
					<sval type="int" val="112" />
					<sval type="int" val="46" />
				</sval>
				<sval type="array" size="2">
					<sval type="int" val="142" />
					<sval type="int" val="14" />
				</sval>
				<sval type="array" size="2">
					<sval type="int" val="112" />
					<sval type="int" val="38" />
				</sval>
				<sval type="array" size="13">
					<sval type="int" val="104" />
					<sval type="int" val="-1610597629" />
					<sval type="int" val="3" />
					<sval type="int" val="131074" />
					<sval type="int" val="13" />
					<sval type="int" val="131075" />
					<sval type="int" val="10" />
					<sval type="int" val="15" />
					<sval type="int" val="0" />
					<sval type="int" val="3" />
					<sval type="int" val="-1" />
					<sval type="int" val="0" />
					<sval type="int" val="-2" />
				</sval>
				<sval type="array" size="6">
					<sval type="int" val="618" />
					<sval type="int" val="131075" />
					<sval type="int" val="1" />
					<sval type="int" val="-536855804" />
					<sval type="int" val="9" />
					<sval type="int" val="524316" />
				</sval>
				<sval type="array" size="7">
					<sval type="int" val="104" />
					<sval type="int" val="9" />
					<sval type="int" val="1" />
					<sval type="int" val="131075" />
					<sval type="int" val="9" />
					<sval type="int" val="1" />
					<sval type="int" val="-1" />
				</sval>
				<sval type="array" size="1">
					<sval type="int" val="1168" />
				</sval>
				<sval type="array" size="2">
					<sval type="int" val="101" />
					<sval type="string" val="select_roid" />
				</sval>
				<sval type="array" size="13">
					<sval type="int" val="104" />
					<sval type="int" val="20" />
					<sval type="int" val="3" />
					<sval type="int" val="131075" />
					<sval type="int" val="123" />
					<sval type="int" val="131075" />
					<sval type="int" val="111" />
					<sval type="int" val="15" />
					<sval type="int" val="7" />
					<sval type="int" val="3" />
					<sval type="int" val="-1" />
					<sval type="int" val="7" />
					<sval type="int" val="-2" />
				</sval>
				<sval type="array" size="18">
					<sval type="int" val="758" />
					<sval type="int" val="21" />
					<sval type="int" val="131075" />
					<sval type="int" val="6" />
					<sval type="int" val="0" />
					<sval type="int" val="0" />
					<sval type="int" val="4" />
					<sval type="int" val="2" />
					<sval type="int" val="131074" />
					<sval type="int" val="20" />
					<sval type="int" val="131075" />
					<sval type="int" val="1" />
					<sval type="int" val="131074" />
					<sval type="int" val="5" />
					<sval type="int" val="4" />
					<sval type="int" val="100" />
					<sval type="int" val="0" />
					<sval type="int" val="0" />
				</sval>
				<sval type="array" size="7">
					<sval type="int" val="104" />
					<sval type="int" val="8" />
					<sval type="int" val="1" />
					<sval type="int" val="0" />
					<sval type="int" val="0" />
					<sval type="int" val="1" />
					<sval type="int" val="-1" />
				</sval>
				<sval type="array" size="7">
					<sval type="int" val="104" />
					<sval type="int" val="22" />
					<sval type="int" val="1" />
					<sval type="int" val="4" />
					<sval type="int" val="10000" />
					<sval type="int" val="1" />
					<sval type="int" val="-1" />
				</sval>
				<sval type="array" size="4">
					<sval type="int" val="131" />
					<sval type="int" val="24" />
					<sval type="int" val="131074" />
					<sval type="int" val="21" />
				</sval>
				<sval type="array" size="7">
					<sval type="int" val="104" />
					<sval type="int" val="-1610591991" />
					<sval type="int" val="1" />
					<sval type="int" val="131074" />
					<sval type="int" val="24" />
					<sval type="int" val="1" />
					<sval type="int" val="-1" />
				</sval>
				<sval type="array" size="2">
					<sval type="int" val="143" />
					<sval type="int" val="24" />
				</sval>
				<sval type="array" size="6">
					<sval type="int" val="129" />
					<sval type="int" val="23" />
					<sval type="int" val="131074" />
					<sval type="int" val="21" />
					<sval type="int" val="131074" />
					<sval type="int" val="24" />
				</sval>
				<sval type="array" size="4">
					<sval type="int" val="1198" />
					<sval type="int" val="131074" />
					<sval type="int" val="23" />
					<sval type="int" val="25" />
				</sval>
				<sval type="array" size="4">
					<sval type="int" val="1179" />
					<sval type="int" val="131074" />
					<sval type="int" val="23" />
					<sval type="int" val="26" />
				</sval>
				<sval type="array" size="4">
					<sval type="int" val="1213" />
					<sval type="int" val="131074" />
					<sval type="int" val="23" />
					<sval type="int" val="27" />
				</sval>
				<sval type="array" size="4">
					<sval type="int" val="1144" />
					<sval type="int" val="131074" />
					<sval type="int" val="23" />
					<sval type="int" val="-536850428" />
				</sval>
				<sval type="array" size="4">
					<sval type="int" val="1498" />
					<sval type="int" val="131074" />
					<sval type="int" val="23" />
					<sval type="int" val="-536850428" />
				</sval>
				<sval type="array" size="7">
					<sval type="int" val="104" />
					<sval type="int" val="-1610592253" />
					<sval type="int" val="1" />
					<sval type="int" val="131074" />
					<sval type="int" val="25" />
					<sval type="int" val="1" />
					<sval type="int" val="-1" />
				</sval>
				<sval type="array" size="13">
					<sval type="int" val="104" />
					<sval type="int" val="-1610592253" />
					<sval type="int" val="3" />
					<sval type="int" val="131074" />
					<sval type="int" val="26" />
					<sval type="int" val="131074" />
					<sval type="int" val="6" />
					<sval type="int" val="15" />
					<sval type="int" val="5" />
					<sval type="int" val="3" />
					<sval type="int" val="-1" />
					<sval type="int" val="5" />
					<sval type="int" val="-2" />
				</sval>
				<sval type="array" size="6">
					<sval type="int" val="1406" />
					<sval type="int" val="-1610592253" />
					<sval type="int" val="131074" />
					<sval type="int" val="27" />
					<sval type="int" val="131074" />
					<sval type="int" val="7" />
				</sval>
				<sval type="array" size="13">
					<sval type="int" val="104" />
					<sval type="int" val="-1610592253" />
					<sval type="int" val="3" />
					<sval type="int" val="131074" />
					<sval type="int" val="26" />
					<sval type="int" val="131074" />
					<sval type="int" val="22" />
					<sval type="int" val="15" />
					<sval type="int" val="3" />
					<sval type="int" val="3" />
					<sval type="int" val="-1" />
					<sval type="int" val="3" />
					<sval type="int" val="-2" />
				</sval>
				<sval type="array" size="7">
					<sval type="int" val="104" />
					<sval type="int" val="8" />
					<sval type="int" val="1" />
					<sval type="int" val="131074" />
					<sval type="int" val="23" />
					<sval type="int" val="1" />
					<sval type="int" val="-1" />
				</sval>
				<sval type="array" size="7">
					<sval type="int" val="104" />
					<sval type="int" val="22" />
					<sval type="int" val="1" />
					<sval type="int" val="131074" />
					<sval type="int" val="26" />
					<sval type="int" val="1" />
					<sval type="int" val="-1" />
				</sval>
				<sval type="array" size="2">
					<sval type="int" val="112" />
					<sval type="int" val="66" />
				</sval>
				<sval type="array" size="1">
					<sval type="int" val="1168" />
				</sval>
				<sval type="array" size="2">
					<sval type="int" val="101" />
					<sval type="string" val="attack_roid" />
				</sval>
				<sval type="array" size="7">
					<sval type="int" val="104" />
					<sval type="int" val="28" />
					<sval type="int" val="1" />
					<sval type="int" val="131075" />
					<sval type="int" val="9" />
					<sval type="int" val="1" />
					<sval type="int" val="-1" />
				</sval>
				<sval type="array" size="7">
					<sval type="int" val="104" />
					<sval type="int" val="29" />
					<sval type="int" val="1" />
					<sval type="int" val="0" />
					<sval type="int" val="0" />
					<sval type="int" val="1" />
					<sval type="int" val="-1" />
				</sval>
				<sval type="array" size="7">
					<sval type="int" val="104" />
					<sval type="int" val="30" />
					<sval type="int" val="1" />
					<sval type="int" val="4" />
					<sval type="int" val="0" />
					<sval type="int" val="1" />
					<sval type="int" val="-1" />
				</sval>
				<sval type="array" size="5">
					<sval type="int" val="519" />
					<sval type="int" val="131075" />
					<sval type="int" val="1" />
					<sval type="int" val="131074" />
					<sval type="int" val="8" />
				</sval>
				<sval type="array" size="13">
					<sval type="int" val="104" />
					<sval type="int" val="-1610583031" />
					<sval type="int" val="3" />
					<sval type="int" val="131074" />
					<sval type="int" val="30" />
					<sval type="int" val="4" />
					<sval type="int" val="4" />
					<sval type="int" val="15" />
					<sval type="int" val="3" />
					<sval type="int" val="3" />
					<sval type="int" val="-1" />
					<sval type="int" val="3" />
					<sval type="int" val="-2" />
				</sval>
				<sval type="array" size="10">
					<sval type="int" val="102" />
					<sval type="string" val="plugin.zanzal.defensivewait" />
					<sval type="int" val="-2147483647" />
					<sval type="int" val="131075" />
					<sval type="int" val="1" />
					<sval type="int" val="2" />
					<sval type="int" val="4" />
					<sval type="int" val="200" />
					<sval type="int" val="4" />
					<sval type="int" val="300" />
				</sval>
				<sval type="array" size="10">
					<sval type="int" val="1216" />
					<sval type="int" val="131075" />
					<sval type="int" val="1" />
					<sval type="int" val="31" />
					<sval type="int" val="131074" />
					<sval type="int" val="8" />
					<sval type="int" val="131074" />
					<sval type="int" val="11" />
					<sval type="int" val="4" />
					<sval type="int" val="30000" />
				</sval>
				<sval type="array" size="13">
					<sval type="int" val="104" />
					<sval type="int" val="-1610584317" />
					<sval type="int" val="3" />
					<sval type="int" val="131074" />
					<sval type="int" val="31" />
					<sval type="int" val="19" />
					<sval type="int" val="9" />
					<sval type="int" val="15" />
					<sval type="int" val="0" />
					<sval type="int" val="3" />
					<sval type="int" val="-1" />
					<sval type="int" val="0" />
					<sval type="int" val="-2" />
				</sval>
				<sval type="array" size="2">
					<sval type="int" val="142" />
					<sval type="int" val="30" />
				</sval>
				<sval type="array" size="19">
					<sval type="int" val="104" />
					<sval type="int" val="-1610585853" />
					<sval type="int" val="5" />
					<sval type="int" val="131074" />
					<sval type="int" val="9" />
					<sval type="int" val="131074" />
					<sval type="int" val="30" />
					<sval type="int" val="4" />
					<sval type="int" val="4" />
					<sval type="int" val="15" />
					<sval type="int" val="3" />
					<sval type="int" val="15" />
					<sval type="int" val="9" />
					<sval type="int" val="5" />
					<sval type="int" val="-1" />
					<sval type="int" val="9" />
					<sval type="int" val="-2" />
					<sval type="int" val="3" />
					<sval type="int" val="-3" />
				</sval>
				<sval type="array" size="7">
					<sval type="int" val="104" />
					<sval type="int" val="-1610587389" />
					<sval type="int" val="1" />
					<sval type="int" val="131074" />
					<sval type="int" val="13" />
					<sval type="int" val="1" />
					<sval type="int" val="-1" />
				</sval>
				<sval type="array" size="6">
					<sval type="int" val="618" />
					<sval type="int" val="131075" />
					<sval type="int" val="1" />
					<sval type="int" val="-1610587389" />
					<sval type="int" val="9" />
					<sval type="int" val="524316" />
				</sval>
				<sval type="array" size="8">
					<sval type="int" val="555" />
					<sval type="int" val="131075" />
					<sval type="int" val="1" />
					<sval type="int" val="29" />
					<sval type="int" val="131074" />
					<sval type="int" val="11" />
					<sval type="int" val="4" />
					<sval type="int" val="0" />
				</sval>
				<sval type="array" size="7">
					<sval type="int" val="104" />
					<sval type="int" val="28" />
					<sval type="int" val="1" />
					<sval type="int" val="131075" />
					<sval type="int" val="10" />
					<sval type="int" val="1" />
					<sval type="int" val="-1" />
				</sval>
				<sval type="array" size="7">
					<sval type="int" val="104" />
					<sval type="int" val="13" />
					<sval type="int" val="1" />
					<sval type="int" val="131075" />
					<sval type="int" val="9" />
					<sval type="int" val="1" />
					<sval type="int" val="-1" />
				</sval>
				<sval type="array" size="9">
					<sval type="int" val="648" />
					<sval type="int" val="131075" />
					<sval type="int" val="1" />
					<sval type="int" val="9" />
					<sval type="int" val="524316" />
					<sval type="int" val="131074" />
					<sval type="int" val="11" />
					<sval type="int" val="4" />
					<sval type="int" val="0" />
				</sval>
				<sval type="array" size="8">
					<sval type="int" val="505" />
					<sval type="int" val="131075" />
					<sval type="int" val="1" />
					<sval type="int" val="-2147483647" />
					<sval type="int" val="131074" />
					<sval type="int" val="8" />
					<sval type="int" val="131074" />
					<sval type="int" val="11" />
				</sval>
				<sval type="array" size="10">
					<sval type="int" val="102" />
					<sval type="string" val="plugin.zanzal.defensivewait" />
					<sval type="int" val="-2147483647" />
					<sval type="int" val="131075" />
					<sval type="int" val="1" />
					<sval type="int" val="2" />
					<sval type="int" val="4" />
					<sval type="int" val="9000" />
					<sval type="int" val="4" />
					<sval type="int" val="11000" />
				</sval>
				<sval type="array" size="4">
					<sval type="int" val="703" />
					<sval type="int" val="131075" />
					<sval type="int" val="3" />
					<sval type="int" val="32" />
				</sval>
				<sval type="array" size="13">
					<sval type="int" val="104" />
					<sval type="int" val="-1610586109" />
					<sval type="int" val="3" />
					<sval type="int" val="131075" />
					<sval type="int" val="6" />
					<sval type="int" val="131074" />
					<sval type="int" val="32" />
					<sval type="int" val="15" />
					<sval type="int" val="1" />
					<sval type="int" val="3" />
					<sval type="int" val="-1" />
					<sval type="int" val="1" />
					<sval type="int" val="-2" />
				</sval>
				<sval type="array" size="2">
					<sval type="int" val="1167" />
					<sval type="int" val="120" />
				</sval>
				<sval type="array" size="2">
					<sval type="int" val="112" />
					<sval type="int" val="111" />
				</sval>
				<sval type="array" size="13">
					<sval type="int" val="104" />
					<sval type="int" val="-1610584315" />
					<sval type="int" val="3" />
					<sval type="int" val="131074" />
					<sval type="int" val="10" />
					<sval type="int" val="0" />
					<sval type="int" val="0" />
					<sval type="int" val="15" />
					<sval type="int" val="1" />
					<sval type="int" val="3" />
					<sval type="int" val="-1" />
					<sval type="int" val="1" />
					<sval type="int" val="-2" />
				</sval>
				<sval type="array" size="8">
					<sval type="int" val="542" />
					<sval type="int" val="131075" />
					<sval type="int" val="1" />
					<sval type="int" val="-2147483647" />
					<sval type="int" val="131074" />
					<sval type="int" val="8" />
					<sval type="int" val="131074" />
					<sval type="int" val="10" />
				</sval>
				<sval type="array" size="10">
					<sval type="int" val="102" />
					<sval type="string" val="plugin.zanzal.defensivewait" />
					<sval type="int" val="-2147483647" />
					<sval type="int" val="131075" />
					<sval type="int" val="1" />
					<sval type="int" val="2" />
					<sval type="int" val="4" />
					<sval type="int" val="30000" />
					<sval type="int" val="4" />
					<sval type="int" val="34000" />
				</sval>
				<sval type="array" size="4">
					<sval type="int" val="703" />
					<sval type="int" val="131075" />
					<sval type="int" val="3" />
					<sval type="int" val="32" />
				</sval>
				<sval type="array" size="13">
					<sval type="int" val="104" />
					<sval type="int" val="-1610584317" />
					<sval type="int" val="3" />
					<sval type="int" val="131075" />
					<sval type="int" val="6" />
					<sval type="int" val="131074" />
					<sval type="int" val="32" />
					<sval type="int" val="15" />
					<sval type="int" val="1" />
					<sval type="int" val="3" />
					<sval type="int" val="-1" />
					<sval type="int" val="1" />
					<sval type="int" val="-2" />
				</sval>
				<sval type="array" size="2">
					<sval type="int" val="1167" />
					<sval type="int" val="120" />
				</sval>
				<sval type="array" size="4">
					<sval type="int" val="1014" />
					<sval type="int" val="131075" />
					<sval type="int" val="6" />
					<sval type="int" val="33" />
				</sval>
				<sval type="array" size="6">
					<sval type="int" val="1406" />
					<sval type="int" val="-536841468" />
					<sval type="int" val="131074" />
					<sval type="int" val="8" />
					<sval type="int" val="131074" />
					<sval type="int" val="33" />
				</sval>
				<sval type="array" size="7">
					<sval type="int" val="104" />
					<sval type="int" val="1" />
					<sval type="int" val="1" />
					<sval type="int" val="131075" />
					<sval type="int" val="10" />
					<sval type="int" val="1" />
					<sval type="int" val="-1" />
				</sval>
				<sval type="array" size="2">
					<sval type="int" val="112" />
					<sval type="int" val="116" />
				</sval>
				<sval type="array" size="2">
					<sval type="int" val="112" />
					<sval type="int" val="87" />
				</sval>
				<sval type="array" size="7">
					<sval type="int" val="104" />
					<sval type="int" val="-1610582525" />
					<sval type="int" val="1" />
					<sval type="int" val="131074" />
					<sval type="int" val="28" />
					<sval type="int" val="1" />
					<sval type="int" val="-1" />
				</sval>
				<sval type="array" size="9">
					<sval type="int" val="648" />
					<sval type="int" val="131075" />
					<sval type="int" val="1" />
					<sval type="int" val="131074" />
					<sval type="int" val="29" />
					<sval type="int" val="131074" />
					<sval type="int" val="11" />
					<sval type="int" val="4" />
					<sval type="int" val="0" />
				</sval>
				<sval type="array" size="5">
					<sval type="int" val="519" />
					<sval type="int" val="131075" />
					<sval type="int" val="1" />
					<sval type="int" val="0" />
					<sval type="int" val="0" />
				</sval>
				<sval type="array" size="1">
					<sval type="int" val="1168" />
				</sval>
				<sval type="array" size="2">
					<sval type="int" val="101" />
					<sval type="string" val="force_break_roid" />
				</sval>
				<sval type="array" size="4">
					<sval type="int" val="706" />
					<sval type="int" val="131074" />
					<sval type="int" val="8" />
					<sval type="int" val="-1610578941" />
				</sval>
				<sval type="array" size="4">
					<sval type="int" val="1179" />
					<sval type="int" val="131074" />
					<sval type="int" val="8" />
					<sval type="int" val="26" />
				</sval>
				<sval type="array" size="7">
					<sval type="int" val="104" />
					<sval type="int" val="26" />
					<sval type="int" val="1" />
					<sval type="int" val="131074" />
					<sval type="int" val="26" />
					<sval type="int" val="1" />
					<sval type="int" val="-1" />
				</sval>
				<sval type="array" size="4">
					<sval type="int" val="1213" />
					<sval type="int" val="131074" />
					<sval type="int" val="8" />
					<sval type="int" val="34" />
				</sval>
				<sval type="array" size="4">
					<sval type="int" val="740" />
					<sval type="int" val="131074" />
					<sval type="int" val="8" />
					<sval type="int" val="35" />
				</sval>
				<sval type="array" size="4">
					<sval type="int" val="741" />
					<sval type="int" val="131074" />
					<sval type="int" val="8" />
					<sval type="int" val="36" />
				</sval>
				<sval type="array" size="4">
					<sval type="int" val="742" />
					<sval type="int" val="131074" />
					<sval type="int" val="8" />
					<sval type="int" val="37" />
				</sval>
				<sval type="array" size="3">
					<sval type="int" val="1096" />
					<sval type="int" val="131074" />
					<sval type="int" val="8" />
				</sval>
				<sval type="array" size="5">
					<sval type="int" val="765" />
					<sval type="int" val="131074" />
					<sval type="int" val="8" />
					<sval type="int" val="131075" />
					<sval type="int" val="10" />
				</sval>
				<sval type="array" size="16">
					<sval type="int" val="799" />
					<sval type="int" val="38" />
					<sval type="int" val="0" />
					<sval type="int" val="0" />
					<sval type="int" val="131075" />
					<sval type="int" val="6" />
					<sval type="int" val="131074" />
					<sval type="int" val="34" />
					<sval type="int" val="131074" />
					<sval type="int" val="26" />
					<sval type="int" val="131074" />
					<sval type="int" val="35" />
					<sval type="int" val="131074" />
					<sval type="int" val="36" />
					<sval type="int" val="131074" />
					<sval type="int" val="37" />
				</sval>
				<sval type="array" size="3">
					<sval type="int" val="1096" />
					<sval type="int" val="131074" />
					<sval type="int" val="38" />
				</sval>
				<sval type="array" size="1">
					<sval type="int" val="1168" />
				</sval>
			</sval>
			<sval type="int" val="0" />
			<sval type="array" size="54">
				<sval type="array" size="3">
					<sval type="int" val="0" />
					<sval type="int" val="1" />
					<sval type="string" val="************************************************" />
				</sval>
				<sval type="array" size="3">
					<sval type="int" val="0" />
					<sval type="int" val="1" />
					<sval type="string" val="SCRIPT NAME: plugin.zanzal.droneminer.bustroid" />
				</sval>
				<sval type="array" size="3">
					<sval type="int" val="0" />
					<sval type="int" val="1" />
					<sval type="string" val="DESCRIPTION: Bust an astroid" />
				</sval>
				<sval type="array" size="3">
					<sval type="int" val="0" />
					<sval type="int" val="1" />
					<sval type="string" val="" />
				</sval>
				<sval type="array" size="3">
					<sval type="int" val="0" />
					<sval type="int" val="1" />
					<sval type="string" val="AUTHOR: Zanzal          DATE: 4 January 2014" />
				</sval>
				<sval type="array" size="3">
					<sval type="int" val="0" />
					<sval type="int" val="1" />
					<sval type="string" val="************************************************" />
				</sval>
				<sval type="array" size="2">
					<sval type="int" val="3" />
					<sval type="int" val="2" />
				</sval>
				<sval type="array" size="2">
					<sval type="int" val="5" />
					<sval type="int" val="4" />
				</sval>
				<sval type="array" size="2">
					<sval type="int" val="5" />
					<sval type="int" val="2" />
				</sval>
				<sval type="array" size="2">
					<sval type="int" val="8" />
					<sval type="int" val="2" />
				</sval>
				<sval type="array" size="2">
					<sval type="int" val="19" />
					<sval type="int" val="4" />
				</sval>
				<sval type="array" size="2">
					<sval type="int" val="19" />
					<sval type="int" val="4" />
				</sval>
				<sval type="array" size="2">
					<sval type="int" val="19" />
					<sval type="int" val="4" />
				</sval>
				<sval type="array" size="2">
					<sval type="int" val="19" />
					<sval type="int" val="2" />
				</sval>
				<sval type="array" size="2">
					<sval type="int" val="20" />
					<sval type="int" val="2" />
				</sval>
				<sval type="array" size="3">
					<sval type="int" val="21" />
					<sval type="int" val="1" />
					<sval type="string" val="Do we have a roid busting missile" />
				</sval>
				<sval type="array" size="2">
					<sval type="int" val="29" />
					<sval type="int" val="5" />
				</sval>
				<sval type="array" size="2">
					<sval type="int" val="30" />
					<sval type="int" val="4" />
				</sval>
				<sval type="array" size="2">
					<sval type="int" val="30" />
					<sval type="int" val="2" />
				</sval>
				<sval type="array" size="2">
					<sval type="int" val="34" />
					<sval type="int" val="4" />
				</sval>
				<sval type="array" size="2">
					<sval type="int" val="34" />
					<sval type="int" val="4" />
				</sval>
				<sval type="array" size="2">
					<sval type="int" val="34" />
					<sval type="int" val="2" />
				</sval>
				<sval type="array" size="2">
					<sval type="int" val="36" />
					<sval type="int" val="2" />
				</sval>
				<sval type="array" size="2">
					<sval type="int" val="44" />
					<sval type="int" val="4" />
				</sval>
				<sval type="array" size="2">
					<sval type="int" val="52" />
					<sval type="int" val="7" />
				</sval>
				<sval type="array" size="2">
					<sval type="int" val="52" />
					<sval type="int" val="4" />
				</sval>
				<sval type="array" size="2">
					<sval type="int" val="54" />
					<sval type="int" val="4" />
				</sval>
				<sval type="array" size="2">
					<sval type="int" val="54" />
					<sval type="int" val="4" />
				</sval>
				<sval type="array" size="2">
					<sval type="int" val="56" />
					<sval type="int" val="4" />
				</sval>
				<sval type="array" size="2">
					<sval type="int" val="56" />
					<sval type="int" val="2" />
				</sval>
				<sval type="array" size="2">
					<sval type="int" val="59" />
					<sval type="int" val="4" />
				</sval>
				<sval type="array" size="2">
					<sval type="int" val="59" />
					<sval type="int" val="4" />
				</sval>
				<sval type="array" size="2">
					<sval type="int" val="60" />
					<sval type="int" val="2" />
				</sval>
				<sval type="array" size="2">
					<sval type="int" val="80" />
					<sval type="int" val="4" />
				</sval>
				<sval type="array" size="2">
					<sval type="int" val="80" />
					<sval type="int" val="4" />
				</sval>
				<sval type="array" size="2">
					<sval type="int" val="80" />
					<sval type="int" val="4" />
				</sval>
				<sval type="array" size="2">
					<sval type="int" val="80" />
					<sval type="int" val="4" />
				</sval>
				<sval type="array" size="2">
					<sval type="int" val="80" />
					<sval type="int" val="4" />
				</sval>
				<sval type="array" size="2">
					<sval type="int" val="80" />
					<sval type="int" val="4" />
				</sval>
				<sval type="array" size="2">
					<sval type="int" val="81" />
					<sval type="int" val="4" />
				</sval>
				<sval type="array" size="2">
					<sval type="int" val="82" />
					<sval type="int" val="2" />
				</sval>
				<sval type="array" size="2">
					<sval type="int" val="99" />
					<sval type="int" val="4" />
				</sval>
				<sval type="array" size="2">
					<sval type="int" val="99" />
					<sval type="int" val="4" />
				</sval>
				<sval type="array" size="2">
					<sval type="int" val="104" />
					<sval type="int" val="4" />
				</sval>
				<sval type="array" size="2">
					<sval type="int" val="111" />
					<sval type="int" val="4" />
				</sval>
				<sval type="array" size="2">
					<sval type="int" val="111" />
					<sval type="int" val="4" />
				</sval>
				<sval type="array" size="2">
					<sval type="int" val="111" />
					<sval type="int" val="4" />
				</sval>
				<sval type="array" size="2">
					<sval type="int" val="115" />
					<sval type="int" val="7" />
				</sval>
				<sval type="array" size="2">
					<sval type="int" val="115" />
					<sval type="int" val="4" />
				</sval>
				<sval type="array" size="2">
					<sval type="int" val="116" />
					<sval type="int" val="4" />
				</sval>
				<sval type="array" size="2">
					<sval type="int" val="116" />
					<sval type="int" val="2" />
				</sval>
				<sval type="array" size="2">
					<sval type="int" val="118" />
					<sval type="int" val="4" />
				</sval>
				<sval type="array" size="2">
					<sval type="int" val="120" />
					<sval type="int" val="2" />
				</sval>
				<sval type="array" size="2">
					<sval type="int" val="132" />
					<sval type="int" val="4" />
				</sval>
			</sval>
			<sval type="int" val="0" />
		</sval>
	</codearray>
</script>
