<?xml version="1.0" standalone="yes"?>
<?xml-stylesheet href="x2script.xsl" type="text/xsl"?>
<!-- Generated using X-Studio -->
<script>
	<name>setup.zanzal.droneminer</name>
	<version>1</version>
	<engineversion>50</engineversion>
	<description></description>
	<arguments />
	<sourcetext>
		<line linenr="001" indent="">
			<comment>* ************************************************</comment>
		</line>
		<line linenr="002" indent="">
			<comment>* SCRIPT NAME: setup.zanzal.droneminer</comment>
		</line>
		<line linenr="003" indent="">
			<comment>* DESCRIPTION: Setup a command for drone mining.</comment>
		</line>
		<line linenr="004" indent="">
			<comment>* </comment>
		</line>
		<line linenr="005" indent="">
			<comment>* AUTHOR: Zanzal          DATE: 25 December 2013</comment>
		</line>
		<line linenr="006" indent="">
			<comment>* ************************************************</comment>
		</line>
		<line linenr="007" indent="">
			<var>$pageid</var>
			<text> </text>
			<text>=</text>
			<text> </text>
			<var>8101</var>
		</line>
		<line linenr="008" indent="" />
		<line linenr="009" indent="">
			<text>load</text>
			<text> </text>
			<text>text</text>
			<text>:</text>
			<text> </text>
			<text>id</text>
			<text>=</text>
			<var>$pageid</var>
		</line>
		<line linenr="010" indent="" />
		<line linenr="011" indent="">
			<var>$key</var>
			<text> </text>
			<text>=</text>
			<text> </text>
			<var>[COMMAND_DRONEMINER_TRADER]</var>
		</line>
		<line linenr="012" indent="">
			<text>set</text>
			<text> </text>
			<text>script</text>
			<text> </text>
			<text>command</text>
			<text> </text>
			<text>upgrade</text>
			<text>:</text>
			<text> </text>
			<text>command</text>
			<text>=</text>
			<var>$key</var>
			<text>  </text>
			<text>upgrade</text>
			<text>=</text>
			<var>{Trade Command Software MK3}</var>
		</line>
		<line linenr="013" indent="">
			<text>global</text>
			<text> </text>
			<text>script</text>
			<text> </text>
			<text>map</text>
			<text>:</text>
			<text> </text>
			<text>set</text>
			<text>:</text>
			<text> </text>
			<text>key</text>
			<text>=</text>
			<var>$key</var>
			<text>,</text>
			<text> </text>
			<text>class</text>
			<text>=</text>
			<var>[Carrier]</var>
			<text>,</text>
			<text> </text>
			<text>race</text>
			<text>=</text>
			<var>[Player]</var>
			<text>,</text>
			<text> </text>
			<text>script</text>
			<text>=</text>
			<call>plugin.zanzal.droneminer.command</call>
			<text>,</text>
			<text> </text>
			<text>prio</text>
			<text>=</text>
			<var>0</var>
		</line>
		<line linenr="014" indent="">
			<text>set</text>
			<text> </text>
			<text>ship</text>
			<text> </text>
			<text>command</text>
			<text> </text>
			<text>preload</text>
			<text> </text>
			<text>script</text>
			<text>:</text>
			<text> </text>
			<text>command</text>
			<text>=</text>
			<var>$key</var>
			<text> </text>
			<text>script</text>
			<text>=</text>
			<call>plugin.zanzal.droneminer.menu</call>
		</line>
		<line linenr="015" indent="">
			<text>return</text>
			<text> </text>
			<var>null</var>
		</line>
	</sourcetext>
	<codearray>
		<sval type="array" size="10">
			<sval type="string" val="setup.zanzal.droneminer" />
			<sval type="int" val="50" />
			<sval type="string" val="" />
			<sval type="int" val="1" />
			<sval type="int" val="0" />
			<sval type="array" size="2">
				<sval type="string" val="pageid" />
				<sval type="string" val="key" />
			</sval>
			<sval type="array" size="7">
				<sval type="array" size="7">
					<sval type="int" val="104" />
					<sval type="int" val="0" />
					<sval type="int" val="1" />
					<sval type="int" val="4" />
					<sval type="int" val="8101" />
					<sval type="int" val="1" />
					<sval type="int" val="-1" />
				</sval>
				<sval type="array" size="3">
					<sval type="int" val="151" />
					<sval type="int" val="131074" />
					<sval type="int" val="0" />
				</sval>
				<sval type="array" size="7">
					<sval type="int" val="104" />
					<sval type="int" val="1" />
					<sval type="int" val="1" />
					<sval type="int" val="18" />
					<sval type="int" val="421" />
					<sval type="int" val="1" />
					<sval type="int" val="-1" />
				</sval>
				<sval type="array" size="5">
					<sval type="int" val="144" />
					<sval type="int" val="131074" />
					<sval type="int" val="1" />
					<sval type="int" val="9" />
					<sval type="int" val="1048647" />
				</sval>
				<sval type="array" size="10">
					<sval type="int" val="118" />
					<sval type="int" val="131074" />
					<sval type="int" val="1" />
					<sval type="string" val="plugin.zanzal.droneminer.command" />
					<sval type="int" val="4" />
					<sval type="int" val="0" />
					<sval type="int" val="12" />
					<sval type="int" val="2033" />
					<sval type="int" val="10" />
					<sval type="int" val="10" />
				</sval>
				<sval type="array" size="4">
					<sval type="int" val="1466" />
					<sval type="int" val="131074" />
					<sval type="int" val="1" />
					<sval type="string" val="plugin.zanzal.droneminer.menu" />
				</sval>
				<sval type="array" size="3">
					<sval type="int" val="103" />
					<sval type="int" val="0" />
					<sval type="int" val="0" />
				</sval>
			</sval>
			<sval type="int" val="0" />
			<sval type="array" size="8">
				<sval type="array" size="3">
					<sval type="int" val="0" />
					<sval type="int" val="1" />
					<sval type="string" val="************************************************" />
				</sval>
				<sval type="array" size="3">
					<sval type="int" val="0" />
					<sval type="int" val="1" />
					<sval type="string" val="SCRIPT NAME: setup.zanzal.droneminer" />
				</sval>
				<sval type="array" size="3">
					<sval type="int" val="0" />
					<sval type="int" val="1" />
					<sval type="string" val="DESCRIPTION: Setup a command for drone mining." />
				</sval>
				<sval type="array" size="3">
					<sval type="int" val="0" />
					<sval type="int" val="1" />
					<sval type="string" val="" />
				</sval>
				<sval type="array" size="3">
					<sval type="int" val="0" />
					<sval type="int" val="1" />
					<sval type="string" val="AUTHOR: Zanzal          DATE: 25 December 2013" />
				</sval>
				<sval type="array" size="3">
					<sval type="int" val="0" />
					<sval type="int" val="1" />
					<sval type="string" val="************************************************" />
				</sval>
				<sval type="array" size="2">
					<sval type="int" val="1" />
					<sval type="int" val="2" />
				</sval>
				<sval type="array" size="2">
					<sval type="int" val="2" />
					<sval type="int" val="2" />
				</sval>
			</sval>
			<sval type="int" val="0" />
		</sval>
	</codearray>
</script>
