<?xml version="1.0" encoding="UTF-8" standalone="yes"?>
<!-- Generated using X-Studio -->
<language id="44">

	<page id="382008" title="" desc="" voice="no">
		<t id="1121">COMMAND_FDRONE_PROD</t>
	</page>

	<page id="382010" title="" desc="" voice="no">
		<t id="1121">\33OFreight Drone Production\33X</t>
	</page>

	<page id="382011" title="" desc="" voice="no">
		<t id="1121">F.Dr</t>
	</page>

	<page id="382022" title="" desc="" voice="no">
		<t id="1121">Easily produce Freight Drones from your player HQ.</t>
	</page>

	<page id="8105" title="" desc="" voice="no">
		<t id="1">Freight Drone Production 1.0</t>
		<t id="2">This command requires that you license the Freight Drone blue print for use with your player HQ. The cost is 1,000,000 cr, proceed?</t>
		<t id="3">1000000</t>
		<t id="4">License the blueprint?</t>
	</page>
</language>
