<?xml version="1.0" standalone="yes"?>
<?xml-stylesheet href="x2script.xsl" type="text/xsl"?>
<!-- Generated using X-Studio -->
<script>
	<name>plugin.zanzal.defensivewait</name>
	<version>1</version>
	<engineversion>50</engineversion>
	<description></description>
	<arguments>
		<argument index="1" name="from" type="Var/Number" desc="" />
		<argument index="2" name="to" type="Var/Number" desc="" />
	</arguments>
	<sourcetext>
		<line linenr="001" indent="">
			<comment>* ************************************************</comment>
		</line>
		<line linenr="002" indent="">
			<comment>* SCRIPT NAME: plugin.zanzal.defensivewait</comment>
		</line>
		<line linenr="003" indent="">
			<comment>* DESCRIPTION: Defend ourselves while waiting for something to complete.</comment>
		</line>
		<line linenr="004" indent="">
			<comment>* </comment>
		</line>
		<line linenr="005" indent="">
			<comment>* AUTHOR: Zanzal          DATE: 31 December 2013</comment>
		</line>
		<line linenr="006" indent="">
			<comment>* ************************************************</comment>
		</line>
		<line linenr="007" indent="" />
		<line linenr="008" indent="">
			<var>$vars</var>
			<text> </text>
			<text>=</text>
			<text> </text>
			<var>[THIS]</var>
			<text>-&gt;</text>
			<text> </text>
			<text>get</text>
			<text> </text>
			<text>local</text>
			<text> </text>
			<text>variable</text>
			<text>:</text>
			<text> </text>
			<text>name</text>
			<text>=</text>
			<text>'zanzal.droneminer'</text>
		</line>
		<line linenr="009" indent="">
			<var>$IDX_USEMISSILES</var>
			<text> </text>
			<text>=</text>
			<text> </text>
			<var>26</var>
		</line>
		<line linenr="010" indent="">
			<var>$use.missiles</var>
			<text> </text>
			<text>=</text>
			<text> </text>
			<var>0</var>
		</line>
		<line linenr="011" indent="">
			<text>if</text>
			<text> </text>
			<var>$vars</var>
		</line>
		<line linenr="012" indent="&#160;">
			<var>$use.missiles</var>
			<text> </text>
			<text>=</text>
			<text> </text>
			<var>$vars</var>
			<text>[</text>
			<var>$IDX_USEMISSILES</var>
			<text>]</text>
		</line>
		<line linenr="013" indent="">
			<text>end</text>
		</line>
		<line linenr="014" indent="" />
		<line linenr="015" indent="">
			<var>$random</var>
			<text> </text>
			<text>=</text>
			<text> </text>
			<text>random</text>
			<text> </text>
			<text>value</text>
			<text> </text>
			<text>between</text>
			<text> </text>
			<var>$from</var>
			<text> </text>
			<text>and</text>
			<text> </text>
			<var>$to</var>
		</line>
		<line linenr="016" indent="" />
		<line linenr="017" indent="">
			<text>if</text>
			<text> </text>
			<var>$use.missiles</var>
		</line>
		<line linenr="018" indent="&#160;">
			<text>while</text>
			<text> </text>
			<var>$random</var>
			<text> </text>
			<text>&gt;=</text>
			<text> </text>
			<var>100</var>
		</line>
		<line linenr="019" indent="&#160;&#160;">
			<var>$flags</var>
			<text> </text>
			<text>=</text>
			<text> </text>
			<var>[Find.Enemy]</var>
			<text> </text>
			<text>|</text>
			<text> </text>
			<var>[Find.Multiple]</var>
		</line>
		<line linenr="020" indent="&#160;&#160;">
			<var>$enemies</var>
			<text> </text>
			<text>=</text>
			<text> </text>
			<text>find</text>
			<text> </text>
			<text>ship</text>
			<text>:</text>
			<text> </text>
			<text>sector</text>
			<text>=</text>
			<var>[SECTOR]</var>
			<text> </text>
			<text>class</text>
			<text> </text>
			<text>or</text>
			<text> </text>
			<text>type</text>
			<text>=</text>
			<var>null</var>
			<text> </text>
			<text>race</text>
			<text>=</text>
			<var>null</var>
			<text> </text>
			<text>flags</text>
			<text>=</text>
			<var>$flags</var>
			<text> </text>
			<text>refobj</text>
			<text>=</text>
			<var>[THIS]</var>
			<text> </text>
			<text>maxdist</text>
			<text>=</text>
			<var>20000</var>
			<text> </text>
			<text>maxnum</text>
			<text>=</text>
			<var>15</var>
			<text> </text>
			<text>refpos</text>
			<text>=</text>
			<var>null</var>
		</line>
		<line linenr="021" indent="&#160;&#160;">
			<var>$sector.owner</var>
			<text> </text>
			<text>=</text>
			<text> </text>
			<var>[SECTOR]</var>
			<text>-&gt;</text>
			<text> </text>
			<text>get</text>
			<text> </text>
			<text>owner</text>
			<text> </text>
			<text>race</text>
		</line>
		<line linenr="022" indent="&#160;&#160;">
			<var>$XS.Iterator1</var>
			<text> </text>
			<text>=</text>
			<text> </text>
			<text>size</text>
			<text> </text>
			<text>of</text>
			<text> </text>
			<text>array</text>
			<text> </text>
			<var>$enemies</var>
		</line>
		<line linenr="023" indent="&#160;&#160;&#160;">
			<text>while</text>
			<text> </text>
			<var>$XS.Iterator1</var>
		</line>
		<line linenr="024" indent="&#160;&#160;&#160;">
			<text>dec</text>
			<text> </text>
			<var>$XS.Iterator1</var>
		</line>
		<line linenr="025" indent="&#160;&#160;&#160;&#160;">
			<var>$enemy</var>
			<text> </text>
			<text>=</text>
			<text> </text>
			<var>$enemies</var>
			<text>[</text>
			<var>$XS.Iterator1</var>
			<text>]</text>
		</line>
		<line linenr="026" indent="&#160;&#160;&#160;&#160;">
			<var>$enemy.race</var>
			<text> </text>
			<text>=</text>
			<text> </text>
			<var>$enemy</var>
			<text>-&gt;</text>
			<text> </text>
			<text>get</text>
			<text> </text>
			<text>owner</text>
			<text> </text>
			<text>race</text>
		</line>
		<line linenr="027" indent="&#160;&#160;&#160;&#160;">
			<text>if</text>
			<text> </text>
			<var>$sector.owner</var>
			<text> </text>
			<text>!=</text>
			<text> </text>
			<var>$enemy.race</var>
		</line>
		<line linenr="028" indent="&#160;&#160;&#160;&#160;&#160;">
			<var>$target</var>
			<text> </text>
			<text>=</text>
			<text> </text>
			<var>$enemy</var>
			<text>-&gt;</text>
			<text> </text>
			<text>get</text>
			<text> </text>
			<text>attack</text>
			<text> </text>
			<text>target</text>
		</line>
		<line linenr="029" indent="&#160;&#160;&#160;&#160;&#160;">
			<var>$target.homebase</var>
			<text> </text>
			<text>=</text>
			<text> </text>
			<var>$target</var>
			<text>-&gt;</text>
			<text> </text>
			<text>get</text>
			<text> </text>
			<text>homebase</text>
		</line>
		<line linenr="030" indent="&#160;&#160;&#160;&#160;&#160;&#160;">
			<text>if</text>
			<text> </text>
			<var>$target</var>
			<text> </text>
			<text>==</text>
			<text> </text>
			<var>[THIS]</var>
			<text> </text>
			<text>OR</text>
			<text> </text>
			<var>$target.homebase</var>
			<text> </text>
			<text>==</text>
			<text> </text>
			<var>[THIS]</var>
		</line>
		<line linenr="031" indent="&#160;&#160;&#160;&#160;&#160;&#160;&#160;">
			<var>$plan</var>
			<text> </text>
			<text>=</text>
			<text> </text>
			<var>$enemy</var>
			<text>-&gt;</text>
			<text> </text>
			<text>get</text>
			<text> </text>
			<text>local</text>
			<text> </text>
			<text>variable</text>
			<text>:</text>
			<text> </text>
			<text>name</text>
			<text>=</text>
			<text>'zanzal.droneminer.attackplan'</text>
		</line>
		<line linenr="032" indent="&#160;&#160;&#160;&#160;&#160;&#160;">
			<text>if</text>
			<text> </text>
			<var>$plan</var>
		</line>
		<line linenr="033" indent="&#160;&#160;&#160;&#160;&#160;">
			<text>if</text>
			<text> </text>
			<text>size</text>
			<text> </text>
			<text>of</text>
			<text> </text>
			<text>array</text>
			<text> </text>
			<var>$plan</var>
		</line>
		<line linenr="034" indent="&#160;&#160;&#160;&#160;&#160;&#160;">
			<text>gosub</text>
			<text> </text>
			<var>execute_plan</var>
			<text>:</text>
		</line>
		<line linenr="035" indent="&#160;&#160;&#160;&#160;&#160;&#160;">
			<text>end</text>
		</line>
		<line linenr="036" indent="&#160;&#160;&#160;&#160;&#160;&#160;&#160;">
			<text>else</text>
		</line>
		<line linenr="037" indent="&#160;&#160;&#160;&#160;&#160;&#160;&#160;">
			<var>$plan</var>
			<text> </text>
			<text>=</text>
			<text> </text>
			<text>array</text>
			<text> </text>
			<text>alloc</text>
			<text>:</text>
			<text> </text>
			<text>size</text>
			<text>=</text>
			<var>0</var>
		</line>
		<line linenr="038" indent="&#160;&#160;&#160;&#160;&#160;&#160;">
			<text>if</text>
			<text> </text>
			<var>$enemy</var>
			<text>-&gt;</text>
			<text> </text>
			<text>is</text>
			<text> </text>
			<text>of</text>
			<text> </text>
			<text>class</text>
			<text> </text>
			<var>[M5]</var>
		</line>
		<line linenr="039" indent="&#160;&#160;&#160;&#160;&#160;&#160;&#160;">
			<var>$plan.item</var>
			<text> </text>
			<text>=</text>
			<text> </text>
			<text>array</text>
			<text> </text>
			<text>alloc</text>
			<text>:</text>
			<text> </text>
			<text>size</text>
			<text>=</text>
			<var>2</var>
		</line>
		<line linenr="040" indent="&#160;&#160;&#160;&#160;&#160;&#160;&#160;">
			<var>$plan.item</var>
			<text>[</text>
			<var>0</var>
			<text>]</text>
			<text> </text>
			<text>=</text>
			<text> </text>
			<var>0</var>
		</line>
		<line linenr="041" indent="&#160;&#160;&#160;&#160;&#160;&#160;">
			<var>$plan.item</var>
			<text>[</text>
			<var>1</var>
			<text>]</text>
			<text> </text>
			<text>=</text>
			<text> </text>
			<var>1</var>
		</line>
		<line linenr="042" indent="&#160;&#160;&#160;&#160;&#160;&#160;&#160;">
			<text>append</text>
			<text> </text>
			<var>$plan.item</var>
			<text> </text>
			<text>to</text>
			<text> </text>
			<text>array</text>
			<text> </text>
			<var>$plan</var>
		</line>
		<line linenr="043" indent="&#160;&#160;&#160;&#160;&#160;&#160;&#160;">
			<text>else</text>
			<text> </text>
			<text>if</text>
			<text> </text>
			<var>$enemy</var>
			<text>-&gt;</text>
			<text> </text>
			<text>is</text>
			<text> </text>
			<text>of</text>
			<text> </text>
			<text>class</text>
			<text> </text>
			<var>[M4]</var>
		</line>
		<line linenr="044" indent="&#160;&#160;&#160;&#160;&#160;&#160;&#160;">
			<var>$plan.item</var>
			<text> </text>
			<text>=</text>
			<text> </text>
			<text>array</text>
			<text> </text>
			<text>alloc</text>
			<text>:</text>
			<text> </text>
			<text>size</text>
			<text>=</text>
			<var>2</var>
		</line>
		<line linenr="045" indent="&#160;&#160;&#160;&#160;&#160;&#160;&#160;">
			<var>$plan.item</var>
			<text>[</text>
			<var>0</var>
			<text>]</text>
			<text> </text>
			<text>=</text>
			<text> </text>
			<var>0</var>
		</line>
		<line linenr="046" indent="&#160;&#160;&#160;&#160;&#160;&#160;">
			<var>$plan.item</var>
			<text>[</text>
			<var>1</var>
			<text>]</text>
			<text> </text>
			<text>=</text>
			<text> </text>
			<var>1</var>
		</line>
		<line linenr="047" indent="&#160;&#160;&#160;&#160;&#160;&#160;&#160;">
			<text>append</text>
			<text> </text>
			<var>$plan.item</var>
			<text> </text>
			<text>to</text>
			<text> </text>
			<text>array</text>
			<text> </text>
			<var>$plan</var>
		</line>
		<line linenr="048" indent="&#160;&#160;&#160;&#160;&#160;&#160;&#160;">
			<text>else</text>
			<text> </text>
			<text>if</text>
			<text> </text>
			<var>$enemy</var>
			<text>-&gt;</text>
			<text> </text>
			<text>is</text>
			<text> </text>
			<text>of</text>
			<text> </text>
			<text>class</text>
			<text> </text>
			<var>[M3]</var>
		</line>
		<line linenr="049" indent="&#160;&#160;&#160;&#160;&#160;&#160;&#160;&#160;">
			<var>$plan.item</var>
			<text> </text>
			<text>=</text>
			<text> </text>
			<text>array</text>
			<text> </text>
			<text>alloc</text>
			<text>:</text>
			<text> </text>
			<text>size</text>
			<text>=</text>
			<var>2</var>
		</line>
		<line linenr="050" indent="&#160;&#160;&#160;&#160;&#160;&#160;&#160;&#160;">
			<var>$plan.item</var>
			<text>[</text>
			<var>0</var>
			<text>]</text>
			<text> </text>
			<text>=</text>
			<text> </text>
			<var>1</var>
		</line>
		<line linenr="051" indent="&#160;&#160;&#160;&#160;&#160;&#160;&#160;&#160;">
			<var>$plan.item</var>
			<text>[</text>
			<var>1</var>
			<text>]</text>
			<text> </text>
			<text>=</text>
			<text> </text>
			<var>1</var>
		</line>
		<line linenr="052" indent="&#160;&#160;&#160;&#160;&#160;&#160;&#160;">
			<text>append</text>
			<text> </text>
			<var>$plan.item</var>
			<text> </text>
			<text>to</text>
			<text> </text>
			<text>array</text>
			<text> </text>
			<var>$plan</var>
		</line>
		<line linenr="053" indent="&#160;&#160;&#160;&#160;&#160;&#160;&#160;&#160;">
			<var>$plan.item</var>
			<text> </text>
			<text>=</text>
			<text> </text>
			<text>array</text>
			<text> </text>
			<text>alloc</text>
			<text>:</text>
			<text> </text>
			<text>size</text>
			<text>=</text>
			<var>2</var>
		</line>
		<line linenr="054" indent="&#160;&#160;&#160;&#160;&#160;&#160;&#160;&#160;">
			<var>$plan.item</var>
			<text>[</text>
			<var>0</var>
			<text>]</text>
			<text> </text>
			<text>=</text>
			<text> </text>
			<var>0</var>
		</line>
		<line linenr="055" indent="&#160;&#160;&#160;&#160;&#160;&#160;&#160;&#160;&#160;">
			<var>$plan.item</var>
			<text>[</text>
			<var>1</var>
			<text>]</text>
			<text> </text>
			<text>=</text>
			<text> </text>
			<var>4</var>
		</line>
		<line linenr="056" indent="&#160;&#160;&#160;&#160;&#160;&#160;&#160;&#160;&#160;">
			<text>append</text>
			<text> </text>
			<var>$plan.item</var>
			<text> </text>
			<text>to</text>
			<text> </text>
			<text>array</text>
			<text> </text>
			<var>$plan</var>
		</line>
		<line linenr="057" indent="&#160;&#160;&#160;&#160;&#160;&#160;&#160;&#160;&#160;">
			<text>else</text>
		</line>
		<line linenr="058" indent="&#160;&#160;&#160;&#160;&#160;&#160;&#160;&#160;&#160;">
			<var>$shields</var>
			<text> </text>
			<text>=</text>
			<text> </text>
			<var>$enemy</var>
			<text>-&gt;</text>
			<text> </text>
			<text>get</text>
			<text> </text>
			<text>maximum</text>
			<text> </text>
			<text>shield</text>
			<text> </text>
			<text>strength</text>
		</line>
		<line linenr="059" indent="&#160;&#160;&#160;&#160;&#160;&#160;&#160;&#160;&#160;">
			<text>if</text>
			<text> </text>
			<var>$shields</var>
			<text> </text>
			<text>&lt;</text>
			<text> </text>
			<var>300000</var>
		</line>
		<line linenr="060" indent="&#160;&#160;&#160;&#160;&#160;&#160;&#160;&#160;&#160;">
			<var>$plan.item</var>
			<text> </text>
			<text>=</text>
			<text> </text>
			<text>array</text>
			<text> </text>
			<text>alloc</text>
			<text>:</text>
			<text> </text>
			<text>size</text>
			<text>=</text>
			<var>2</var>
		</line>
		<line linenr="061" indent="&#160;&#160;&#160;&#160;&#160;&#160;&#160;&#160;&#160;">
			<var>$plan.item</var>
			<text>[</text>
			<var>0</var>
			<text>]</text>
			<text> </text>
			<text>=</text>
			<text> </text>
			<var>1</var>
		</line>
		<line linenr="062" indent="&#160;&#160;&#160;&#160;&#160;&#160;&#160;&#160;">
			<var>$plan.item</var>
			<text>[</text>
			<var>1</var>
			<text>]</text>
			<text> </text>
			<text>=</text>
			<text> </text>
			<var>2</var>
		</line>
		<line linenr="063" indent="&#160;&#160;&#160;&#160;&#160;&#160;&#160;">
			<text>append</text>
			<text> </text>
			<var>$plan.item</var>
			<text> </text>
			<text>to</text>
			<text> </text>
			<text>array</text>
			<text> </text>
			<var>$plan</var>
		</line>
		<line linenr="064" indent="&#160;&#160;&#160;&#160;&#160;&#160;">
			<var>$plan.item</var>
			<text> </text>
			<text>=</text>
			<text> </text>
			<text>array</text>
			<text> </text>
			<text>alloc</text>
			<text>:</text>
			<text> </text>
			<text>size</text>
			<text>=</text>
			<var>2</var>
		</line>
		<line linenr="065" indent="&#160;&#160;&#160;&#160;&#160;&#160;">
			<var>$plan.item</var>
			<text>[</text>
			<var>0</var>
			<text>]</text>
			<text> </text>
			<text>=</text>
			<text> </text>
			<var>0</var>
		</line>
		<line linenr="066" indent="&#160;&#160;&#160;&#160;&#160;">
			<var>$plan.item</var>
			<text>[</text>
			<var>1</var>
			<text>]</text>
			<text> </text>
			<text>=</text>
			<text> </text>
			<var>4</var>
		</line>
		<line linenr="067" indent="&#160;&#160;&#160;&#160;">
			<text>else</text>
		</line>
		<line linenr="068" indent="&#160;&#160;&#160;">
			<comment>* It is going to be a very bad day for this guy</comment>
		</line>
		<line linenr="069" indent="&#160;&#160;">
			<text>while</text>
			<text> </text>
			<var>$shields</var>
			<text> </text>
			<text>&gt;</text>
			<text> </text>
			<var>0</var>
		</line>
		<line linenr="070" indent="&#160;&#160;">
			<var>$plan.item</var>
			<text> </text>
			<text>=</text>
			<text> </text>
			<text>array</text>
			<text> </text>
			<text>alloc</text>
			<text>:</text>
			<text> </text>
			<text>size</text>
			<text>=</text>
			<var>2</var>
		</line>
		<line linenr="071" indent="&#160;&#160;">
			<var>$plan.item</var>
			<text>[</text>
			<var>0</var>
			<text>]</text>
			<text> </text>
			<text>=</text>
			<text> </text>
			<var>2</var>
		</line>
		<line linenr="072" indent="&#160;">
			<var>$plan.item</var>
			<text>[</text>
			<var>1</var>
			<text>]</text>
			<text> </text>
			<text>=</text>
			<text> </text>
			<var>1</var>
		</line>
		<line linenr="073" indent="">
			<text>append</text>
			<text> </text>
			<var>$plan.item</var>
			<text> </text>
			<text>to</text>
			<text> </text>
			<text>array</text>
			<text> </text>
			<var>$plan</var>
		</line>
		<line linenr="074" indent="">
			<var>$plan.item</var>
			<text> </text>
			<text>=</text>
			<text> </text>
			<text>array</text>
			<text> </text>
			<text>alloc</text>
			<text>:</text>
			<text> </text>
			<text>size</text>
			<text>=</text>
			<var>2</var>
		</line>
		<line linenr="075" indent="">
			<var>$plan.item</var>
			<text>[</text>
			<var>0</var>
			<text>]</text>
			<text> </text>
			<text>=</text>
			<text> </text>
			<var>1</var>
		</line>
		<line linenr="076" indent="">
			<var>$plan.item</var>
			<text>[</text>
			<var>1</var>
			<text>]</text>
			<text> </text>
			<text>=</text>
			<text> </text>
			<var>2</var>
		</line>
		<line linenr="077" indent="">
			<text>append</text>
			<text> </text>
			<var>$plan.item</var>
			<text> </text>
			<text>to</text>
			<text> </text>
			<text>array</text>
			<text> </text>
			<var>$plan</var>
		</line>
		<line linenr="078" indent="">
			<var>$plan.item</var>
			<text> </text>
			<text>=</text>
			<text> </text>
			<text>array</text>
			<text> </text>
			<text>alloc</text>
			<text>:</text>
			<text> </text>
			<text>size</text>
			<text>=</text>
			<var>2</var>
		</line>
		<line linenr="079" indent="">
			<var>$plan.item</var>
			<text>[</text>
			<var>0</var>
			<text>]</text>
			<text> </text>
			<text>=</text>
			<text> </text>
			<var>0</var>
		</line>
		<line linenr="080" indent="&#160;">
			<var>$plan.item</var>
			<text>[</text>
			<var>1</var>
			<text>]</text>
			<text> </text>
			<text>=</text>
			<text> </text>
			<var>3</var>
		</line>
		<line linenr="081" indent="&#160;">
			<text>append</text>
			<text> </text>
			<var>$plan.item</var>
			<text> </text>
			<text>to</text>
			<text> </text>
			<text>array</text>
			<text> </text>
			<var>$plan</var>
		</line>
		<line linenr="082" indent="&#160;">
			<var>$shields</var>
			<text> </text>
			<text>=</text>
			<text> </text>
			<var>$shields</var>
			<text> </text>
			<text>-</text>
			<text> </text>
			<var>800000</var>
		</line>
		<line linenr="083" indent="&#160;">
			<text>end</text>
		</line>
		<line linenr="084" indent="&#160;">
			<text>end</text>
		</line>
		<line linenr="085" indent="&#160;">
			<text>end</text>
		</line>
		<line linenr="086" indent="&#160;">
			<var>$enemy</var>
			<text>-&gt;</text>
			<text> </text>
			<text>set</text>
			<text> </text>
			<text>local</text>
			<text> </text>
			<text>variable</text>
			<text>:</text>
			<text> </text>
			<text>name</text>
			<text>=</text>
			<text>'zanzal.droneminer.attackplan'</text>
			<text> </text>
			<text>value</text>
			<text>=</text>
			<var>$plan</var>
		</line>
		<line linenr="087" indent="&#160;&#160;">
			<text>end</text>
		</line>
		<line linenr="088" indent="&#160;&#160;&#160;">
			<text>end</text>
		</line>
		<line linenr="089" indent="&#160;&#160;">
			<text>end</text>
		</line>
		<line linenr="090" indent="&#160;&#160;&#160;">
			<text>end</text>
		</line>
		<line linenr="091" indent="&#160;&#160;" interruptable="@">
			<text>=</text>
			<text> </text>
			<text>wait</text>
			<text> </text>
			<var>100</var>
			<text> </text>
			<text>ms</text>
		</line>
		<line linenr="092" indent="&#160;">
			<var>$random</var>
			<text> </text>
			<text>=</text>
			<text> </text>
			<var>$random</var>
			<text> </text>
			<text>-</text>
			<text> </text>
			<var>100</var>
		</line>
		<line linenr="093" indent="&#160;&#160;">
			<text>end</text>
		</line>
		<line linenr="094" indent="&#160;&#160;&#160;">
			<text>end</text>
		</line>
		<line linenr="095" indent="&#160;&#160;" />
		<line linenr="096" indent="&#160;&#160;&#160;" interruptable="@">
			<text>=</text>
			<text> </text>
			<text>wait</text>
			<text> </text>
			<var>$random</var>
			<text> </text>
			<text>ms</text>
		</line>
		<line linenr="097" indent="&#160;&#160;" />
		<line linenr="098" indent="&#160;">
			<text>return</text>
			<text> </text>
			<var>null</var>
		</line>
		<line linenr="099" indent="&#160;&#160;" />
		<line linenr="100" indent="&#160;&#160;&#160;">
			<var>execute_plan</var>
			<text>:</text>
		</line>
		<line linenr="101" indent="&#160;&#160;">
			<var>$item</var>
			<text> </text>
			<text>=</text>
			<text> </text>
			<var>$plan</var>
			<text>[</text>
			<var>0</var>
			<text>]</text>
		</line>
		<line linenr="102" indent="&#160;&#160;&#160;">
			<var>$missile.class</var>
			<text> </text>
			<text>=</text>
			<text> </text>
			<var>$item</var>
			<text>[</text>
			<var>0</var>
			<text>]</text>
		</line>
		<line linenr="103" indent="&#160;&#160;">
			<var>$missile.count</var>
			<text> </text>
			<text>=</text>
			<text> </text>
			<var>$item</var>
			<text>[</text>
			<var>1</var>
			<text>]</text>
		</line>
		<line linenr="104" indent="&#160;&#160;&#160;" />
		<line linenr="105" indent="&#160;&#160;">
			<comment>* Fire Missile</comment>
		</line>
		<line linenr="106" indent="&#160;">
			<var>$missile</var>
			<text> </text>
			<text>=</text>
			<text> </text>
			<var>null</var>
		</line>
		<line linenr="107" indent="&#160;">
			<text>if</text>
			<text> </text>
			<var>$missile.class</var>
			<text> </text>
			<text>==</text>
			<text> </text>
			<var>0</var>
		</line>
		<line linenr="108" indent="&#160;">
			<text>if</text>
			<text> </text>
			<var>[THIS]</var>
			<text>-&gt;</text>
			<text> </text>
			<text>can</text>
			<text> </text>
			<text>missile</text>
			<text> </text>
			<var>{Cyclone Missile}</var>
			<text> </text>
			<text>be</text>
			<text> </text>
			<text>installed</text>
		</line>
		<line linenr="109" indent="&#160;">
			<var>$missile</var>
			<text> </text>
			<text>=</text>
			<text> </text>
			<var>{Cyclone Missile}</var>
		</line>
		<line linenr="110" indent="&#160;&#160;">
			<text>else</text>
			<text> </text>
			<text>if</text>
			<text> </text>
			<var>[THIS]</var>
			<text>-&gt;</text>
			<text> </text>
			<text>can</text>
			<text> </text>
			<text>missile</text>
			<text> </text>
			<var>{Zeta Missile}</var>
			<text> </text>
			<text>be</text>
			<text> </text>
			<text>installed</text>
		</line>
		<line linenr="111" indent="&#160;&#160;">
			<var>$missile</var>
			<text> </text>
			<text>=</text>
			<text> </text>
			<var>{Zeta Missile}</var>
		</line>
		<line linenr="112" indent="&#160;&#160;&#160;">
			<text>end</text>
		</line>
		<line linenr="113" indent="&#160;&#160;&#160;&#160;">
			<text>else</text>
			<text> </text>
			<text>if</text>
			<text> </text>
			<var>$missile.class</var>
			<text> </text>
			<text>==</text>
			<text> </text>
			<var>1</var>
		</line>
		<line linenr="114" indent="&#160;&#160;&#160;">
			<text>if</text>
			<text> </text>
			<var>[THIS]</var>
			<text>-&gt;</text>
			<text> </text>
			<text>can</text>
			<text> </text>
			<text>missile</text>
			<text> </text>
			<var>{Hornet Missile}</var>
			<text> </text>
			<text>be</text>
			<text> </text>
			<text>installed</text>
		</line>
		<line linenr="115" indent="&#160;&#160;&#160;&#160;">
			<var>$missile</var>
			<text> </text>
			<text>=</text>
			<text> </text>
			<var>{Hornet Missile}</var>
		</line>
		<line linenr="116" indent="&#160;&#160;&#160;">
			<text>else</text>
			<text> </text>
			<text>if</text>
			<text> </text>
			<var>[THIS]</var>
			<text>-&gt;</text>
			<text> </text>
			<text>can</text>
			<text> </text>
			<text>missile</text>
			<text> </text>
			<var>{Spectre Missile}</var>
			<text> </text>
			<text>be</text>
			<text> </text>
			<text>installed</text>
		</line>
		<line linenr="117" indent="&#160;&#160;">
			<var>$missile</var>
			<text> </text>
			<text>=</text>
			<text> </text>
			<var>{Spectre Missile}</var>
		</line>
		<line linenr="118" indent="&#160;">
			<text>end</text>
		</line>
		<line linenr="119" indent="&#160;">
			<text>else</text>
			<text> </text>
			<text>if</text>
			<text> </text>
			<var>$missile.class</var>
			<text> </text>
			<text>==</text>
			<text> </text>
			<var>2</var>
		</line>
		<line linenr="120" indent="&#160;">
			<text>if</text>
			<text> </text>
			<var>[THIS]</var>
			<text>-&gt;</text>
			<text> </text>
			<text>can</text>
			<text> </text>
			<text>missile</text>
			<text> </text>
			<var>{Firestorm Torpedo}</var>
			<text> </text>
			<text>be</text>
			<text> </text>
			<text>installed</text>
		</line>
		<line linenr="121" indent="&#160;&#160;">
			<var>$missile</var>
			<text> </text>
			<text>=</text>
			<text> </text>
			<var>{Firestorm Torpedo}</var>
		</line>
		<line linenr="122" indent="&#160;&#160;">
			<text>else</text>
			<text> </text>
			<text>if</text>
			<text> </text>
			<var>[THIS]</var>
			<text>-&gt;</text>
			<text> </text>
			<text>can</text>
			<text> </text>
			<text>missile</text>
			<text> </text>
			<var>{Omega Torpedo}</var>
			<text> </text>
			<text>be</text>
			<text> </text>
			<text>installed</text>
		</line>
		<line linenr="123" indent="&#160;&#160;&#160;">
			<var>$missile</var>
			<text> </text>
			<text>=</text>
			<text> </text>
			<var>{Omega Torpedo}</var>
		</line>
		<line linenr="124" indent="&#160;&#160;">
			<text>else</text>
			<text> </text>
			<text>if</text>
			<text> </text>
			<var>[THIS]</var>
			<text>-&gt;</text>
			<text> </text>
			<text>can</text>
			<text> </text>
			<text>missile</text>
			<text> </text>
			<var>{Hammerhead Missile}</var>
			<text> </text>
			<text>be</text>
			<text> </text>
			<text>installed</text>
		</line>
		<line linenr="125" indent="&#160;">
			<var>$missile</var>
			<text> </text>
			<text>=</text>
			<text> </text>
			<var>{Hammerhead Missile}</var>
		</line>
		<line linenr="126" indent="">
			<text>end</text>
		</line>
		<line linenr="127" indent="">
			<text>end</text>
		</line>
		<line linenr="128" indent="" />
		<line linenr="129" indent="">
			<var>$wait.longer</var>
			<text> </text>
			<text>=</text>
			<text> </text>
			<var>[FALSE]</var>
		</line>
		<line linenr="130" indent="">
			<text>if</text>
			<text> </text>
			<var>$missile</var>
			<text> </text>
			<text>!=</text>
			<text> </text>
			<var>null</var>
		</line>
		<line linenr="131" indent="">
			<var>$has.missiles</var>
			<text> </text>
			<text>=</text>
			<text> </text>
			<var>[THIS]</var>
			<text>-&gt;</text>
			<text> </text>
			<text>get</text>
			<text> </text>
			<text>amount</text>
			<text> </text>
			<text>of</text>
			<text> </text>
			<text>ware</text>
			<text> </text>
			<var>$missile</var>
			<text> </text>
			<text>in</text>
			<text> </text>
			<text>cargo</text>
			<text> </text>
			<text>bay</text>
		</line>
		<line linenr="132" indent="">
			<text>if</text>
			<text> </text>
			<var>$has.missiles</var>
		</line>
		<line linenr="133" indent="">
			<text>if</text>
			<text> </text>
			<var>[THIS]</var>
			<text>-&gt;</text>
			<text> </text>
			<text>is</text>
			<text> </text>
			<text>missile</text>
			<text> </text>
			<var>$missile</var>
			<text> </text>
			<text>ready</text>
			<text> </text>
			<text>to</text>
			<text> </text>
			<text>fire</text>
		</line>
		<line linenr="134" indent="">
			<text>=</text>
			<text> </text>
			<var>[THIS]</var>
			<text>-&gt;</text>
			<text> </text>
			<text>fire</text>
			<text> </text>
			<text>missile</text>
			<text> </text>
			<var>$missile</var>
			<text> </text>
			<text>on</text>
			<text> </text>
			<var>$enemy</var>
		</line>
		<line linenr="135" indent="">
			<text>else</text>
		</line>
		<line linenr="136" indent="">
			<var>$wait.longer</var>
			<text> </text>
			<text>=</text>
			<text> </text>
			<var>[TRUE]</var>
		</line>
		<line linenr="137" indent="">
			<text>end</text>
		</line>
		<line linenr="138" indent="">
			<text>end</text>
		</line>
		<line linenr="139" indent="">
			<text>end</text>
		</line>
		<line linenr="140" indent="" />
		<line linenr="141" indent="">
			<text>if</text>
			<text> </text>
			<text>not</text>
			<text> </text>
			<var>$wait.longer</var>
		</line>
		<line linenr="142" indent="">
			<text>dec</text>
			<text> </text>
			<var>$missile.count</var>
		</line>
		<line linenr="143" indent="">
			<text>if</text>
			<text> </text>
			<var>$missile.count</var>
			<text> </text>
			<text>==</text>
			<text> </text>
			<var>0</var>
		</line>
		<line linenr="144" indent="">
			<text>remove</text>
			<text> </text>
			<text>element</text>
			<text> </text>
			<text>from</text>
			<text> </text>
			<text>array</text>
			<text> </text>
			<var>$plan</var>
			<text> </text>
			<text>at</text>
			<text> </text>
			<text>index</text>
			<text> </text>
			<var>0</var>
		</line>
		<line linenr="145" indent="">
			<text>end</text>
		</line>
		<line linenr="146" indent="">
			<text>end</text>
		</line>
		<line linenr="147" indent="">
			<text>endsub</text>
		</line>
	</sourcetext>
	<codearray>
		<sval type="array" size="10">
			<sval type="string" val="plugin.zanzal.defensivewait" />
			<sval type="int" val="50" />
			<sval type="string" val="" />
			<sval type="int" val="1" />
			<sval type="int" val="0" />
			<sval type="array" size="23">
				<sval type="string" val="from" />
				<sval type="string" val="to" />
				<sval type="string" val="vars" />
				<sval type="string" val="IDX_USEMISSILES" />
				<sval type="string" val="use.missiles" />
				<sval type="string" val="random" />
				<sval type="string" val="flags" />
				<sval type="string" val="enemies" />
				<sval type="string" val="sector.owner" />
				<sval type="string" val="enemy" />
				<sval type="string" val="XS.Iterator1" />
				<sval type="string" val="enemy.race" />
				<sval type="string" val="target" />
				<sval type="string" val="target.homebase" />
				<sval type="string" val="plan" />
				<sval type="string" val="plan.item" />
				<sval type="string" val="shields" />
				<sval type="string" val="item" />
				<sval type="string" val="missile.class" />
				<sval type="string" val="missile.count" />
				<sval type="string" val="missile" />
				<sval type="string" val="wait.longer" />
				<sval type="string" val="has.missiles" />
			</sval>
			<sval type="array" size="121">
				<sval type="array" size="6">
					<sval type="int" val="156" />
					<sval type="int" val="131075" />
					<sval type="int" val="1" />
					<sval type="int" val="5" />
					<sval type="string" val="zanzal.droneminer" />
					<sval type="int" val="2" />
				</sval>
				<sval type="array" size="7">
					<sval type="int" val="104" />
					<sval type="int" val="3" />
					<sval type="int" val="1" />
					<sval type="int" val="4" />
					<sval type="int" val="26" />
					<sval type="int" val="1" />
					<sval type="int" val="-1" />
				</sval>
				<sval type="array" size="7">
					<sval type="int" val="104" />
					<sval type="int" val="4" />
					<sval type="int" val="1" />
					<sval type="int" val="4" />
					<sval type="int" val="0" />
					<sval type="int" val="1" />
					<sval type="int" val="-1" />
				</sval>
				<sval type="array" size="7">
					<sval type="int" val="104" />
					<sval type="int" val="-1610611453" />
					<sval type="int" val="1" />
					<sval type="int" val="131074" />
					<sval type="int" val="2" />
					<sval type="int" val="1" />
					<sval type="int" val="-1" />
				</sval>
				<sval type="array" size="6">
					<sval type="int" val="129" />
					<sval type="int" val="4" />
					<sval type="int" val="131074" />
					<sval type="int" val="2" />
					<sval type="int" val="131074" />
					<sval type="int" val="3" />
				</sval>
				<sval type="array" size="6">
					<sval type="int" val="110" />
					<sval type="int" val="5" />
					<sval type="int" val="131074" />
					<sval type="int" val="0" />
					<sval type="int" val="131074" />
					<sval type="int" val="1" />
				</sval>
				<sval type="array" size="7">
					<sval type="int" val="104" />
					<sval type="int" val="-1610592765" />
					<sval type="int" val="1" />
					<sval type="int" val="131074" />
					<sval type="int" val="4" />
					<sval type="int" val="1" />
					<sval type="int" val="-1" />
				</sval>
				<sval type="array" size="13">
					<sval type="int" val="104" />
					<sval type="int" val="-1610592759" />
					<sval type="int" val="3" />
					<sval type="int" val="131074" />
					<sval type="int" val="5" />
					<sval type="int" val="4" />
					<sval type="int" val="100" />
					<sval type="int" val="15" />
					<sval type="int" val="4" />
					<sval type="int" val="3" />
					<sval type="int" val="-1" />
					<sval type="int" val="4" />
					<sval type="int" val="-2" />
				</sval>
				<sval type="array" size="13">
					<sval type="int" val="104" />
					<sval type="int" val="6" />
					<sval type="int" val="3" />
					<sval type="int" val="131075" />
					<sval type="int" val="108" />
					<sval type="int" val="131075" />
					<sval type="int" val="111" />
					<sval type="int" val="15" />
					<sval type="int" val="7" />
					<sval type="int" val="3" />
					<sval type="int" val="-1" />
					<sval type="int" val="7" />
					<sval type="int" val="-2" />
				</sval>
				<sval type="array" size="18">
					<sval type="int" val="757" />
					<sval type="int" val="7" />
					<sval type="int" val="131075" />
					<sval type="int" val="6" />
					<sval type="int" val="0" />
					<sval type="int" val="0" />
					<sval type="int" val="0" />
					<sval type="int" val="0" />
					<sval type="int" val="131074" />
					<sval type="int" val="6" />
					<sval type="int" val="131075" />
					<sval type="int" val="1" />
					<sval type="int" val="4" />
					<sval type="int" val="20000" />
					<sval type="int" val="4" />
					<sval type="int" val="15" />
					<sval type="int" val="0" />
					<sval type="int" val="0" />
				</sval>
				<sval type="array" size="4">
					<sval type="int" val="701" />
					<sval type="int" val="131075" />
					<sval type="int" val="6" />
					<sval type="int" val="8" />
				</sval>
				<sval type="array" size="4">
					<sval type="int" val="131" />
					<sval type="int" val="10" />
					<sval type="int" val="131074" />
					<sval type="int" val="7" />
				</sval>
				<sval type="array" size="7">
					<sval type="int" val="104" />
					<sval type="int" val="-1610593527" />
					<sval type="int" val="1" />
					<sval type="int" val="131074" />
					<sval type="int" val="10" />
					<sval type="int" val="1" />
					<sval type="int" val="-1" />
				</sval>
				<sval type="array" size="2">
					<sval type="int" val="143" />
					<sval type="int" val="10" />
				</sval>
				<sval type="array" size="6">
					<sval type="int" val="129" />
					<sval type="int" val="9" />
					<sval type="int" val="131074" />
					<sval type="int" val="7" />
					<sval type="int" val="131074" />
					<sval type="int" val="10" />
				</sval>
				<sval type="array" size="4">
					<sval type="int" val="701" />
					<sval type="int" val="131074" />
					<sval type="int" val="9" />
					<sval type="int" val="11" />
				</sval>
				<sval type="array" size="13">
					<sval type="int" val="104" />
					<sval type="int" val="-1610593789" />
					<sval type="int" val="3" />
					<sval type="int" val="131074" />
					<sval type="int" val="8" />
					<sval type="int" val="131074" />
					<sval type="int" val="11" />
					<sval type="int" val="15" />
					<sval type="int" val="1" />
					<sval type="int" val="3" />
					<sval type="int" val="-1" />
					<sval type="int" val="1" />
					<sval type="int" val="-2" />
				</sval>
				<sval type="array" size="4">
					<sval type="int" val="522" />
					<sval type="int" val="131074" />
					<sval type="int" val="9" />
					<sval type="int" val="12" />
				</sval>
				<sval type="array" size="4">
					<sval type="int" val="704" />
					<sval type="int" val="131074" />
					<sval type="int" val="12" />
					<sval type="int" val="13" />
				</sval>
				<sval type="array" size="25">
					<sval type="int" val="104" />
					<sval type="int" val="-1610593789" />
					<sval type="int" val="7" />
					<sval type="int" val="131074" />
					<sval type="int" val="12" />
					<sval type="int" val="131075" />
					<sval type="int" val="1" />
					<sval type="int" val="15" />
					<sval type="int" val="0" />
					<sval type="int" val="131074" />
					<sval type="int" val="13" />
					<sval type="int" val="131075" />
					<sval type="int" val="1" />
					<sval type="int" val="15" />
					<sval type="int" val="0" />
					<sval type="int" val="15" />
					<sval type="int" val="10" />
					<sval type="int" val="7" />
					<sval type="int" val="-1" />
					<sval type="int" val="0" />
					<sval type="int" val="-2" />
					<sval type="int" val="10" />
					<sval type="int" val="-4" />
					<sval type="int" val="0" />
					<sval type="int" val="-5" />
				</sval>
				<sval type="array" size="6">
					<sval type="int" val="156" />
					<sval type="int" val="131074" />
					<sval type="int" val="9" />
					<sval type="int" val="5" />
					<sval type="string" val="zanzal.droneminer.attackplan" />
					<sval type="int" val="14" />
				</sval>
				<sval type="array" size="7">
					<sval type="int" val="104" />
					<sval type="int" val="-1610606333" />
					<sval type="int" val="1" />
					<sval type="int" val="131074" />
					<sval type="int" val="14" />
					<sval type="int" val="1" />
					<sval type="int" val="-1" />
				</sval>
				<sval type="array" size="4">
					<sval type="int" val="131" />
					<sval type="int" val="-1610606589" />
					<sval type="int" val="131074" />
					<sval type="int" val="14" />
				</sval>
				<sval type="array" size="2">
					<sval type="int" val="1167" />
					<sval type="int" val="80" />
				</sval>
				<sval type="array" size="2">
					<sval type="int" val="112" />
					<sval type="int" val="74" />
				</sval>
				<sval type="array" size="4">
					<sval type="int" val="128" />
					<sval type="int" val="14" />
					<sval type="int" val="4" />
					<sval type="int" val="0" />
				</sval>
				<sval type="array" size="6">
					<sval type="int" val="705" />
					<sval type="int" val="131074" />
					<sval type="int" val="9" />
					<sval type="int" val="-1610604541" />
					<sval type="int" val="12" />
					<sval type="int" val="2025" />
				</sval>
				<sval type="array" size="4">
					<sval type="int" val="128" />
					<sval type="int" val="15" />
					<sval type="int" val="4" />
					<sval type="int" val="2" />
				</sval>
				<sval type="array" size="7">
					<sval type="int" val="130" />
					<sval type="int" val="131074" />
					<sval type="int" val="15" />
					<sval type="int" val="4" />
					<sval type="int" val="0" />
					<sval type="int" val="4" />
					<sval type="int" val="0" />
				</sval>
				<sval type="array" size="7">
					<sval type="int" val="130" />
					<sval type="int" val="131074" />
					<sval type="int" val="15" />
					<sval type="int" val="4" />
					<sval type="int" val="1" />
					<sval type="int" val="4" />
					<sval type="int" val="1" />
				</sval>
				<sval type="array" size="5">
					<sval type="int" val="135" />
					<sval type="int" val="131074" />
					<sval type="int" val="14" />
					<sval type="int" val="131074" />
					<sval type="int" val="15" />
				</sval>
				<sval type="array" size="2">
					<sval type="int" val="112" />
					<sval type="int" val="73" />
				</sval>
				<sval type="array" size="6">
					<sval type="int" val="705" />
					<sval type="int" val="131074" />
					<sval type="int" val="9" />
					<sval type="int" val="-1610603003" />
					<sval type="int" val="12" />
					<sval type="int" val="2024" />
				</sval>
				<sval type="array" size="4">
					<sval type="int" val="128" />
					<sval type="int" val="15" />
					<sval type="int" val="4" />
					<sval type="int" val="2" />
				</sval>
				<sval type="array" size="7">
					<sval type="int" val="130" />
					<sval type="int" val="131074" />
					<sval type="int" val="15" />
					<sval type="int" val="4" />
					<sval type="int" val="0" />
					<sval type="int" val="4" />
					<sval type="int" val="0" />
				</sval>
				<sval type="array" size="7">
					<sval type="int" val="130" />
					<sval type="int" val="131074" />
					<sval type="int" val="15" />
					<sval type="int" val="4" />
					<sval type="int" val="1" />
					<sval type="int" val="4" />
					<sval type="int" val="1" />
				</sval>
				<sval type="array" size="5">
					<sval type="int" val="135" />
					<sval type="int" val="131074" />
					<sval type="int" val="14" />
					<sval type="int" val="131074" />
					<sval type="int" val="15" />
				</sval>
				<sval type="array" size="2">
					<sval type="int" val="112" />
					<sval type="int" val="73" />
				</sval>
				<sval type="array" size="6">
					<sval type="int" val="705" />
					<sval type="int" val="131074" />
					<sval type="int" val="9" />
					<sval type="int" val="-1610600443" />
					<sval type="int" val="12" />
					<sval type="int" val="2023" />
				</sval>
				<sval type="array" size="4">
					<sval type="int" val="128" />
					<sval type="int" val="15" />
					<sval type="int" val="4" />
					<sval type="int" val="2" />
				</sval>
				<sval type="array" size="7">
					<sval type="int" val="130" />
					<sval type="int" val="131074" />
					<sval type="int" val="15" />
					<sval type="int" val="4" />
					<sval type="int" val="0" />
					<sval type="int" val="4" />
					<sval type="int" val="1" />
				</sval>
				<sval type="array" size="7">
					<sval type="int" val="130" />
					<sval type="int" val="131074" />
					<sval type="int" val="15" />
					<sval type="int" val="4" />
					<sval type="int" val="1" />
					<sval type="int" val="4" />
					<sval type="int" val="1" />
				</sval>
				<sval type="array" size="5">
					<sval type="int" val="135" />
					<sval type="int" val="131074" />
					<sval type="int" val="14" />
					<sval type="int" val="131074" />
					<sval type="int" val="15" />
				</sval>
				<sval type="array" size="4">
					<sval type="int" val="128" />
					<sval type="int" val="15" />
					<sval type="int" val="4" />
					<sval type="int" val="2" />
				</sval>
				<sval type="array" size="7">
					<sval type="int" val="130" />
					<sval type="int" val="131074" />
					<sval type="int" val="15" />
					<sval type="int" val="4" />
					<sval type="int" val="0" />
					<sval type="int" val="4" />
					<sval type="int" val="0" />
				</sval>
				<sval type="array" size="7">
					<sval type="int" val="130" />
					<sval type="int" val="131074" />
					<sval type="int" val="15" />
					<sval type="int" val="4" />
					<sval type="int" val="1" />
					<sval type="int" val="4" />
					<sval type="int" val="4" />
				</sval>
				<sval type="array" size="5">
					<sval type="int" val="135" />
					<sval type="int" val="131074" />
					<sval type="int" val="14" />
					<sval type="int" val="131074" />
					<sval type="int" val="15" />
				</sval>
				<sval type="array" size="2">
					<sval type="int" val="112" />
					<sval type="int" val="73" />
				</sval>
				<sval type="array" size="4">
					<sval type="int" val="715" />
					<sval type="int" val="131074" />
					<sval type="int" val="9" />
					<sval type="int" val="16" />
				</sval>
				<sval type="array" size="13">
					<sval type="int" val="104" />
					<sval type="int" val="-1610597885" />
					<sval type="int" val="3" />
					<sval type="int" val="131074" />
					<sval type="int" val="16" />
					<sval type="int" val="4" />
					<sval type="int" val="300000" />
					<sval type="int" val="15" />
					<sval type="int" val="3" />
					<sval type="int" val="3" />
					<sval type="int" val="-1" />
					<sval type="int" val="3" />
					<sval type="int" val="-2" />
				</sval>
				<sval type="array" size="4">
					<sval type="int" val="128" />
					<sval type="int" val="15" />
					<sval type="int" val="4" />
					<sval type="int" val="2" />
				</sval>
				<sval type="array" size="7">
					<sval type="int" val="130" />
					<sval type="int" val="131074" />
					<sval type="int" val="15" />
					<sval type="int" val="4" />
					<sval type="int" val="0" />
					<sval type="int" val="4" />
					<sval type="int" val="1" />
				</sval>
				<sval type="array" size="7">
					<sval type="int" val="130" />
					<sval type="int" val="131074" />
					<sval type="int" val="15" />
					<sval type="int" val="4" />
					<sval type="int" val="1" />
					<sval type="int" val="4" />
					<sval type="int" val="2" />
				</sval>
				<sval type="array" size="5">
					<sval type="int" val="135" />
					<sval type="int" val="131074" />
					<sval type="int" val="14" />
					<sval type="int" val="131074" />
					<sval type="int" val="15" />
				</sval>
				<sval type="array" size="4">
					<sval type="int" val="128" />
					<sval type="int" val="15" />
					<sval type="int" val="4" />
					<sval type="int" val="2" />
				</sval>
				<sval type="array" size="7">
					<sval type="int" val="130" />
					<sval type="int" val="131074" />
					<sval type="int" val="15" />
					<sval type="int" val="4" />
					<sval type="int" val="0" />
					<sval type="int" val="4" />
					<sval type="int" val="0" />
				</sval>
				<sval type="array" size="7">
					<sval type="int" val="130" />
					<sval type="int" val="131074" />
					<sval type="int" val="15" />
					<sval type="int" val="4" />
					<sval type="int" val="1" />
					<sval type="int" val="4" />
					<sval type="int" val="4" />
				</sval>
				<sval type="array" size="2">
					<sval type="int" val="112" />
					<sval type="int" val="73" />
				</sval>
				<sval type="array" size="13">
					<sval type="int" val="104" />
					<sval type="int" val="-1610594039" />
					<sval type="int" val="3" />
					<sval type="int" val="131074" />
					<sval type="int" val="16" />
					<sval type="int" val="4" />
					<sval type="int" val="0" />
					<sval type="int" val="15" />
					<sval type="int" val="2" />
					<sval type="int" val="3" />
					<sval type="int" val="-1" />
					<sval type="int" val="2" />
					<sval type="int" val="-2" />
				</sval>
				<sval type="array" size="4">
					<sval type="int" val="128" />
					<sval type="int" val="15" />
					<sval type="int" val="4" />
					<sval type="int" val="2" />
				</sval>
				<sval type="array" size="7">
					<sval type="int" val="130" />
					<sval type="int" val="131074" />
					<sval type="int" val="15" />
					<sval type="int" val="4" />
					<sval type="int" val="0" />
					<sval type="int" val="4" />
					<sval type="int" val="2" />
				</sval>
				<sval type="array" size="7">
					<sval type="int" val="130" />
					<sval type="int" val="131074" />
					<sval type="int" val="15" />
					<sval type="int" val="4" />
					<sval type="int" val="1" />
					<sval type="int" val="4" />
					<sval type="int" val="1" />
				</sval>
				<sval type="array" size="5">
					<sval type="int" val="135" />
					<sval type="int" val="131074" />
					<sval type="int" val="14" />
					<sval type="int" val="131074" />
					<sval type="int" val="15" />
				</sval>
				<sval type="array" size="4">
					<sval type="int" val="128" />
					<sval type="int" val="15" />
					<sval type="int" val="4" />
					<sval type="int" val="2" />
				</sval>
				<sval type="array" size="7">
					<sval type="int" val="130" />
					<sval type="int" val="131074" />
					<sval type="int" val="15" />
					<sval type="int" val="4" />
					<sval type="int" val="0" />
					<sval type="int" val="4" />
					<sval type="int" val="1" />
				</sval>
				<sval type="array" size="7">
					<sval type="int" val="130" />
					<sval type="int" val="131074" />
					<sval type="int" val="15" />
					<sval type="int" val="4" />
					<sval type="int" val="1" />
					<sval type="int" val="4" />
					<sval type="int" val="2" />
				</sval>
				<sval type="array" size="5">
					<sval type="int" val="135" />
					<sval type="int" val="131074" />
					<sval type="int" val="14" />
					<sval type="int" val="131074" />
					<sval type="int" val="15" />
				</sval>
				<sval type="array" size="4">
					<sval type="int" val="128" />
					<sval type="int" val="15" />
					<sval type="int" val="4" />
					<sval type="int" val="2" />
				</sval>
				<sval type="array" size="7">
					<sval type="int" val="130" />
					<sval type="int" val="131074" />
					<sval type="int" val="15" />
					<sval type="int" val="4" />
					<sval type="int" val="0" />
					<sval type="int" val="4" />
					<sval type="int" val="0" />
				</sval>
				<sval type="array" size="7">
					<sval type="int" val="130" />
					<sval type="int" val="131074" />
					<sval type="int" val="15" />
					<sval type="int" val="4" />
					<sval type="int" val="1" />
					<sval type="int" val="4" />
					<sval type="int" val="3" />
				</sval>
				<sval type="array" size="5">
					<sval type="int" val="135" />
					<sval type="int" val="131074" />
					<sval type="int" val="14" />
					<sval type="int" val="131074" />
					<sval type="int" val="15" />
				</sval>
				<sval type="array" size="13">
					<sval type="int" val="104" />
					<sval type="int" val="16" />
					<sval type="int" val="3" />
					<sval type="int" val="131074" />
					<sval type="int" val="16" />
					<sval type="int" val="4" />
					<sval type="int" val="800000" />
					<sval type="int" val="15" />
					<sval type="int" val="12" />
					<sval type="int" val="3" />
					<sval type="int" val="-1" />
					<sval type="int" val="12" />
					<sval type="int" val="-2" />
				</sval>
				<sval type="array" size="2">
					<sval type="int" val="112" />
					<sval type="int" val="58" />
				</sval>
				<sval type="array" size="7">
					<sval type="int" val="155" />
					<sval type="int" val="131074" />
					<sval type="int" val="9" />
					<sval type="int" val="5" />
					<sval type="string" val="zanzal.droneminer.attackplan" />
					<sval type="int" val="131074" />
					<sval type="int" val="14" />
				</sval>
				<sval type="array" size="2">
					<sval type="int" val="112" />
					<sval type="int" val="12" />
				</sval>
				<sval type="array" size="4">
					<sval type="int" val="105" />
					<sval type="int" val="-2147483647" />
					<sval type="int" val="4" />
					<sval type="int" val="100" />
				</sval>
				<sval type="array" size="13">
					<sval type="int" val="104" />
					<sval type="int" val="5" />
					<sval type="int" val="3" />
					<sval type="int" val="131074" />
					<sval type="int" val="5" />
					<sval type="int" val="4" />
					<sval type="int" val="100" />
					<sval type="int" val="15" />
					<sval type="int" val="12" />
					<sval type="int" val="3" />
					<sval type="int" val="-1" />
					<sval type="int" val="12" />
					<sval type="int" val="-2" />
				</sval>
				<sval type="array" size="2">
					<sval type="int" val="112" />
					<sval type="int" val="7" />
				</sval>
				<sval type="array" size="4">
					<sval type="int" val="105" />
					<sval type="int" val="-2147483647" />
					<sval type="int" val="131074" />
					<sval type="int" val="5" />
				</sval>
				<sval type="array" size="3">
					<sval type="int" val="103" />
					<sval type="int" val="0" />
					<sval type="int" val="0" />
				</sval>
				<sval type="array" size="2">
					<sval type="int" val="101" />
					<sval type="string" val="execute_plan" />
				</sval>
				<sval type="array" size="6">
					<sval type="int" val="129" />
					<sval type="int" val="17" />
					<sval type="int" val="131074" />
					<sval type="int" val="14" />
					<sval type="int" val="4" />
					<sval type="int" val="0" />
				</sval>
				<sval type="array" size="6">
					<sval type="int" val="129" />
					<sval type="int" val="18" />
					<sval type="int" val="131074" />
					<sval type="int" val="17" />
					<sval type="int" val="4" />
					<sval type="int" val="0" />
				</sval>
				<sval type="array" size="6">
					<sval type="int" val="129" />
					<sval type="int" val="19" />
					<sval type="int" val="131074" />
					<sval type="int" val="17" />
					<sval type="int" val="4" />
					<sval type="int" val="1" />
				</sval>
				<sval type="array" size="7">
					<sval type="int" val="104" />
					<sval type="int" val="20" />
					<sval type="int" val="1" />
					<sval type="int" val="0" />
					<sval type="int" val="0" />
					<sval type="int" val="1" />
					<sval type="int" val="-1" />
				</sval>
				<sval type="array" size="13">
					<sval type="int" val="104" />
					<sval type="int" val="-1610589181" />
					<sval type="int" val="3" />
					<sval type="int" val="131074" />
					<sval type="int" val="18" />
					<sval type="int" val="4" />
					<sval type="int" val="0" />
					<sval type="int" val="15" />
					<sval type="int" val="0" />
					<sval type="int" val="3" />
					<sval type="int" val="-1" />
					<sval type="int" val="0" />
					<sval type="int" val="-2" />
				</sval>
				<sval type="array" size="6">
					<sval type="int" val="571" />
					<sval type="int" val="131075" />
					<sval type="int" val="1" />
					<sval type="int" val="-1610589949" />
					<sval type="int" val="9" />
					<sval type="int" val="655373" />
				</sval>
				<sval type="array" size="7">
					<sval type="int" val="104" />
					<sval type="int" val="20" />
					<sval type="int" val="1" />
					<sval type="int" val="9" />
					<sval type="int" val="655373" />
					<sval type="int" val="1" />
					<sval type="int" val="-1" />
				</sval>
				<sval type="array" size="2">
					<sval type="int" val="112" />
					<sval type="int" val="91" />
				</sval>
				<sval type="array" size="6">
					<sval type="int" val="571" />
					<sval type="int" val="131075" />
					<sval type="int" val="1" />
					<sval type="int" val="-1610589435" />
					<sval type="int" val="9" />
					<sval type="int" val="655399" />
				</sval>
				<sval type="array" size="7">
					<sval type="int" val="104" />
					<sval type="int" val="20" />
					<sval type="int" val="1" />
					<sval type="int" val="9" />
					<sval type="int" val="655399" />
					<sval type="int" val="1" />
					<sval type="int" val="-1" />
				</sval>
				<sval type="array" size="2">
					<sval type="int" val="112" />
					<sval type="int" val="108" />
				</sval>
				<sval type="array" size="13">
					<sval type="int" val="104" />
					<sval type="int" val="-1610587387" />
					<sval type="int" val="3" />
					<sval type="int" val="131074" />
					<sval type="int" val="18" />
					<sval type="int" val="4" />
					<sval type="int" val="1" />
					<sval type="int" val="15" />
					<sval type="int" val="0" />
					<sval type="int" val="3" />
					<sval type="int" val="-1" />
					<sval type="int" val="0" />
					<sval type="int" val="-2" />
				</sval>
				<sval type="array" size="6">
					<sval type="int" val="571" />
					<sval type="int" val="131075" />
					<sval type="int" val="1" />
					<sval type="int" val="-1610588157" />
					<sval type="int" val="9" />
					<sval type="int" val="655364" />
				</sval>
				<sval type="array" size="7">
					<sval type="int" val="104" />
					<sval type="int" val="20" />
					<sval type="int" val="1" />
					<sval type="int" val="9" />
					<sval type="int" val="655364" />
					<sval type="int" val="1" />
					<sval type="int" val="-1" />
				</sval>
				<sval type="array" size="2">
					<sval type="int" val="112" />
					<sval type="int" val="98" />
				</sval>
				<sval type="array" size="6">
					<sval type="int" val="571" />
					<sval type="int" val="131075" />
					<sval type="int" val="1" />
					<sval type="int" val="-1610587643" />
					<sval type="int" val="9" />
					<sval type="int" val="655388" />
				</sval>
				<sval type="array" size="7">
					<sval type="int" val="104" />
					<sval type="int" val="20" />
					<sval type="int" val="1" />
					<sval type="int" val="9" />
					<sval type="int" val="655388" />
					<sval type="int" val="1" />
					<sval type="int" val="-1" />
				</sval>
				<sval type="array" size="2">
					<sval type="int" val="112" />
					<sval type="int" val="108" />
				</sval>
				<sval type="array" size="13">
					<sval type="int" val="104" />
					<sval type="int" val="-1610585083" />
					<sval type="int" val="3" />
					<sval type="int" val="131074" />
					<sval type="int" val="18" />
					<sval type="int" val="4" />
					<sval type="int" val="2" />
					<sval type="int" val="15" />
					<sval type="int" val="0" />
					<sval type="int" val="3" />
					<sval type="int" val="-1" />
					<sval type="int" val="0" />
					<sval type="int" val="-2" />
				</sval>
				<sval type="array" size="6">
					<sval type="int" val="571" />
					<sval type="int" val="131075" />
					<sval type="int" val="1" />
					<sval type="int" val="-1610586365" />
					<sval type="int" val="9" />
					<sval type="int" val="655376" />
				</sval>
				<sval type="array" size="7">
					<sval type="int" val="104" />
					<sval type="int" val="20" />
					<sval type="int" val="1" />
					<sval type="int" val="9" />
					<sval type="int" val="655376" />
					<sval type="int" val="1" />
					<sval type="int" val="-1" />
				</sval>
				<sval type="array" size="2">
					<sval type="int" val="112" />
					<sval type="int" val="108" />
				</sval>
				<sval type="array" size="6">
					<sval type="int" val="571" />
					<sval type="int" val="131075" />
					<sval type="int" val="1" />
					<sval type="int" val="-1610585595" />
					<sval type="int" val="9" />
					<sval type="int" val="655400" />
				</sval>
				<sval type="array" size="7">
					<sval type="int" val="104" />
					<sval type="int" val="20" />
					<sval type="int" val="1" />
					<sval type="int" val="9" />
					<sval type="int" val="655400" />
					<sval type="int" val="1" />
					<sval type="int" val="-1" />
				</sval>
				<sval type="array" size="2">
					<sval type="int" val="112" />
					<sval type="int" val="108" />
				</sval>
				<sval type="array" size="6">
					<sval type="int" val="571" />
					<sval type="int" val="131075" />
					<sval type="int" val="1" />
					<sval type="int" val="-1610585083" />
					<sval type="int" val="9" />
					<sval type="int" val="655380" />
				</sval>
				<sval type="array" size="7">
					<sval type="int" val="104" />
					<sval type="int" val="20" />
					<sval type="int" val="1" />
					<sval type="int" val="9" />
					<sval type="int" val="655380" />
					<sval type="int" val="1" />
					<sval type="int" val="-1" />
				</sval>
				<sval type="array" size="7">
					<sval type="int" val="104" />
					<sval type="int" val="21" />
					<sval type="int" val="1" />
					<sval type="int" val="131075" />
					<sval type="int" val="9" />
					<sval type="int" val="1" />
					<sval type="int" val="-1" />
				</sval>
				<sval type="array" size="13">
					<sval type="int" val="104" />
					<sval type="int" val="-1610583037" />
					<sval type="int" val="3" />
					<sval type="int" val="131074" />
					<sval type="int" val="20" />
					<sval type="int" val="0" />
					<sval type="int" val="0" />
					<sval type="int" val="15" />
					<sval type="int" val="1" />
					<sval type="int" val="3" />
					<sval type="int" val="-1" />
					<sval type="int" val="1" />
					<sval type="int" val="-2" />
				</sval>
				<sval type="array" size="6">
					<sval type="int" val="618" />
					<sval type="int" val="131075" />
					<sval type="int" val="1" />
					<sval type="int" val="22" />
					<sval type="int" val="131074" />
					<sval type="int" val="20" />
				</sval>
				<sval type="array" size="7">
					<sval type="int" val="104" />
					<sval type="int" val="-1610583037" />
					<sval type="int" val="1" />
					<sval type="int" val="131074" />
					<sval type="int" val="22" />
					<sval type="int" val="1" />
					<sval type="int" val="-1" />
				</sval>
				<sval type="array" size="6">
					<sval type="int" val="547" />
					<sval type="int" val="131075" />
					<sval type="int" val="1" />
					<sval type="int" val="-1610583293" />
					<sval type="int" val="131074" />
					<sval type="int" val="20" />
				</sval>
				<sval type="array" size="8">
					<sval type="int" val="542" />
					<sval type="int" val="131075" />
					<sval type="int" val="1" />
					<sval type="int" val="-2147483647" />
					<sval type="int" val="131074" />
					<sval type="int" val="9" />
					<sval type="int" val="131074" />
					<sval type="int" val="20" />
				</sval>
				<sval type="array" size="2">
					<sval type="int" val="112" />
					<sval type="int" val="116" />
				</sval>
				<sval type="array" size="7">
					<sval type="int" val="104" />
					<sval type="int" val="21" />
					<sval type="int" val="1" />
					<sval type="int" val="131075" />
					<sval type="int" val="10" />
					<sval type="int" val="1" />
					<sval type="int" val="-1" />
				</sval>
				<sval type="array" size="7">
					<sval type="int" val="104" />
					<sval type="int" val="-536840188" />
					<sval type="int" val="1" />
					<sval type="int" val="131074" />
					<sval type="int" val="21" />
					<sval type="int" val="1" />
					<sval type="int" val="-1" />
				</sval>
				<sval type="array" size="2">
					<sval type="int" val="143" />
					<sval type="int" val="19" />
				</sval>
				<sval type="array" size="13">
					<sval type="int" val="104" />
					<sval type="int" val="-1610582013" />
					<sval type="int" val="3" />
					<sval type="int" val="131074" />
					<sval type="int" val="19" />
					<sval type="int" val="4" />
					<sval type="int" val="0" />
					<sval type="int" val="15" />
					<sval type="int" val="0" />
					<sval type="int" val="3" />
					<sval type="int" val="-1" />
					<sval type="int" val="0" />
					<sval type="int" val="-2" />
				</sval>
				<sval type="array" size="5">
					<sval type="int" val="136" />
					<sval type="int" val="131074" />
					<sval type="int" val="14" />
					<sval type="int" val="4" />
					<sval type="int" val="0" />
				</sval>
				<sval type="array" size="1">
					<sval type="int" val="1168" />
				</sval>
			</sval>
			<sval type="array" size="2">
				<sval type="array" size="2">
					<sval type="int" val="10" />
					<sval type="string" val="" />
				</sval>
				<sval type="array" size="2">
					<sval type="int" val="10" />
					<sval type="string" val="" />
				</sval>
			</sval>
			<sval type="array" size="41">
				<sval type="array" size="3">
					<sval type="int" val="0" />
					<sval type="int" val="1" />
					<sval type="string" val="************************************************" />
				</sval>
				<sval type="array" size="3">
					<sval type="int" val="0" />
					<sval type="int" val="1" />
					<sval type="string" val="SCRIPT NAME: plugin.zanzal.defensivewait" />
				</sval>
				<sval type="array" size="3">
					<sval type="int" val="0" />
					<sval type="int" val="1" />
					<sval type="string" val="DESCRIPTION: Defend ourselves while waiting for something to complete." />
				</sval>
				<sval type="array" size="3">
					<sval type="int" val="0" />
					<sval type="int" val="1" />
					<sval type="string" val="" />
				</sval>
				<sval type="array" size="3">
					<sval type="int" val="0" />
					<sval type="int" val="1" />
					<sval type="string" val="AUTHOR: Zanzal          DATE: 31 December 2013" />
				</sval>
				<sval type="array" size="3">
					<sval type="int" val="0" />
					<sval type="int" val="1" />
					<sval type="string" val="************************************************" />
				</sval>
				<sval type="array" size="2">
					<sval type="int" val="0" />
					<sval type="int" val="2" />
				</sval>
				<sval type="array" size="2">
					<sval type="int" val="5" />
					<sval type="int" val="4" />
				</sval>
				<sval type="array" size="2">
					<sval type="int" val="5" />
					<sval type="int" val="2" />
				</sval>
				<sval type="array" size="2">
					<sval type="int" val="6" />
					<sval type="int" val="2" />
				</sval>
				<sval type="array" size="2">
					<sval type="int" val="24" />
					<sval type="int" val="4" />
				</sval>
				<sval type="array" size="2">
					<sval type="int" val="25" />
					<sval type="int" val="5" />
				</sval>
				<sval type="array" size="2">
					<sval type="int" val="48" />
					<sval type="int" val="5" />
				</sval>
				<sval type="array" size="2">
					<sval type="int" val="58" />
					<sval type="int" val="5" />
				</sval>
				<sval type="array" size="3">
					<sval type="int" val="58" />
					<sval type="int" val="1" />
					<sval type="string" val="It is going to be a very bad day for this guy" />
				</sval>
				<sval type="array" size="2">
					<sval type="int" val="73" />
					<sval type="int" val="4" />
				</sval>
				<sval type="array" size="2">
					<sval type="int" val="73" />
					<sval type="int" val="4" />
				</sval>
				<sval type="array" size="2">
					<sval type="int" val="73" />
					<sval type="int" val="4" />
				</sval>
				<sval type="array" size="2">
					<sval type="int" val="74" />
					<sval type="int" val="4" />
				</sval>
				<sval type="array" size="2">
					<sval type="int" val="74" />
					<sval type="int" val="4" />
				</sval>
				<sval type="array" size="2">
					<sval type="int" val="74" />
					<sval type="int" val="4" />
				</sval>
				<sval type="array" size="2">
					<sval type="int" val="75" />
					<sval type="int" val="4" />
				</sval>
				<sval type="array" size="2">
					<sval type="int" val="78" />
					<sval type="int" val="4" />
				</sval>
				<sval type="array" size="2">
					<sval type="int" val="78" />
					<sval type="int" val="4" />
				</sval>
				<sval type="array" size="2">
					<sval type="int" val="78" />
					<sval type="int" val="2" />
				</sval>
				<sval type="array" size="2">
					<sval type="int" val="79" />
					<sval type="int" val="2" />
				</sval>
				<sval type="array" size="2">
					<sval type="int" val="80" />
					<sval type="int" val="2" />
				</sval>
				<sval type="array" size="2">
					<sval type="int" val="84" />
					<sval type="int" val="2" />
				</sval>
				<sval type="array" size="3">
					<sval type="int" val="84" />
					<sval type="int" val="1" />
					<sval type="string" val="Fire Missile" />
				</sval>
				<sval type="array" size="2">
					<sval type="int" val="91" />
					<sval type="int" val="4" />
				</sval>
				<sval type="array" size="2">
					<sval type="int" val="98" />
					<sval type="int" val="4" />
				</sval>
				<sval type="array" size="2">
					<sval type="int" val="108" />
					<sval type="int" val="4" />
				</sval>
				<sval type="array" size="2">
					<sval type="int" val="108" />
					<sval type="int" val="4" />
				</sval>
				<sval type="array" size="2">
					<sval type="int" val="108" />
					<sval type="int" val="2" />
				</sval>
				<sval type="array" size="2">
					<sval type="int" val="115" />
					<sval type="int" val="5" />
				</sval>
				<sval type="array" size="2">
					<sval type="int" val="116" />
					<sval type="int" val="4" />
				</sval>
				<sval type="array" size="2">
					<sval type="int" val="116" />
					<sval type="int" val="4" />
				</sval>
				<sval type="array" size="2">
					<sval type="int" val="116" />
					<sval type="int" val="4" />
				</sval>
				<sval type="array" size="2">
					<sval type="int" val="116" />
					<sval type="int" val="2" />
				</sval>
				<sval type="array" size="2">
					<sval type="int" val="120" />
					<sval type="int" val="4" />
				</sval>
				<sval type="array" size="2">
					<sval type="int" val="120" />
					<sval type="int" val="4" />
				</sval>
			</sval>
			<sval type="int" val="0" />
		</sval>
	</codearray>
</script>
