<?xml version="1.0" standalone="yes"?>
<?xml-stylesheet href="x2script.xsl" type="text/xsl"?>
<!-- Generated using X-Studio -->
<script>
	<name>plugin.zanzal.droneminer.restock</name>
	<version>1</version>
	<engineversion>50</engineversion>
	<description></description>
	<arguments />
	<sourcetext>
		<line linenr="001" indent="">
			<comment>* ************************************************</comment>
		</line>
		<line linenr="002" indent="">
			<comment>* SCRIPT NAME: plugin.zanzal.droneminer.restock</comment>
		</line>
		<line linenr="003" indent="">
			<comment>* DESCRIPTION: Checks to see if homebase needs to be restocked and if it</comment>
		</line>
		<line linenr="004" indent="">
			<comment>* does move to homebase and unload the specified quantities.</comment>
		</line>
		<line linenr="005" indent="">
			<comment>* </comment>
		</line>
		<line linenr="006" indent="">
			<comment>* AUTHOR: Zanzal          DATE: 3 January 2014</comment>
		</line>
		<line linenr="007" indent="">
			<comment>* ************************************************</comment>
		</line>
		<line linenr="008" indent="">
			<var>$pageid</var>
			<text> </text>
			<text>=</text>
			<text> </text>
			<var>8101</var>
		</line>
		<line linenr="009" indent="" />
		<line linenr="010" indent="">
			<var>$IDX_ORESTOCK</var>
			<text> </text>
			<text>=</text>
			<text> </text>
			<var>22</var>
		</line>
		<line linenr="011" indent="">
			<var>$IDX_SILICONSTOCK</var>
			<text> </text>
			<text>=</text>
			<text> </text>
			<var>23</var>
		</line>
		<line linenr="012" indent="">
			<var>$IDX_NIVIDIUMSTOCK</var>
			<text> </text>
			<text>=</text>
			<text> </text>
			<var>24</var>
		</line>
		<line linenr="013" indent="">
			<var>$IDX_ICESTOCK</var>
			<text> </text>
			<text>=</text>
			<text> </text>
			<var>25</var>
		</line>
		<line linenr="014" indent="" />
		<line linenr="015" indent="">
			<var>$minerals</var>
			<text> </text>
			<text>=</text>
			<text> </text>
			<text>array</text>
			<text> </text>
			<text>alloc</text>
			<text>:</text>
			<text> </text>
			<text>size</text>
			<text>=</text>
			<var>4</var>
		</line>
		<line linenr="016" indent="">
			<var>$minerals</var>
			<text>[</text>
			<var>0</var>
			<text>]</text>
			<text> </text>
			<text>=</text>
			<text> </text>
			<var>{Ore}</var>
		</line>
		<line linenr="017" indent="">
			<var>$minerals</var>
			<text>[</text>
			<var>1</var>
			<text>]</text>
			<text> </text>
			<text>=</text>
			<text> </text>
			<var>{Silicon Wafers}</var>
		</line>
		<line linenr="018" indent="">
			<var>$minerals</var>
			<text>[</text>
			<var>2</var>
			<text>]</text>
			<text> </text>
			<text>=</text>
			<text> </text>
			<var>{Nividium (WARE_NIVIDIUM2)}</var>
		</line>
		<line linenr="019" indent="">
			<var>$minerals</var>
			<text>[</text>
			<var>3</var>
			<text>]</text>
			<text> </text>
			<text>=</text>
			<text> </text>
			<var>{Ice}</var>
		</line>
		<line linenr="020" indent="">
			<var>$indexes</var>
			<text> </text>
			<text>=</text>
			<text> </text>
			<text>array</text>
			<text> </text>
			<text>alloc</text>
			<text>:</text>
			<text> </text>
			<text>size</text>
			<text>=</text>
			<var>4</var>
		</line>
		<line linenr="021" indent="">
			<var>$indexes</var>
			<text>[</text>
			<var>0</var>
			<text>]</text>
			<text> </text>
			<text>=</text>
			<text> </text>
			<var>$IDX_ORESTOCK</var>
		</line>
		<line linenr="022" indent="">
			<var>$indexes</var>
			<text>[</text>
			<var>1</var>
			<text>]</text>
			<text> </text>
			<text>=</text>
			<text> </text>
			<var>$IDX_SILICONSTOCK</var>
		</line>
		<line linenr="023" indent="">
			<var>$indexes</var>
			<text>[</text>
			<var>2</var>
			<text>]</text>
			<text> </text>
			<text>=</text>
			<text> </text>
			<var>$IDX_NIVIDIUMSTOCK</var>
		</line>
		<line linenr="024" indent="">
			<var>$indexes</var>
			<text>[</text>
			<var>3</var>
			<text>]</text>
			<text> </text>
			<text>=</text>
			<text> </text>
			<var>$IDX_ICESTOCK</var>
		</line>
		<line linenr="025" indent="">
			<var>$trading.drone.name</var>
			<text> </text>
			<text>=</text>
			<text> </text>
			<text>read</text>
			<text> </text>
			<text>text</text>
			<text>:</text>
			<text> </text>
			<text>page</text>
			<text>=</text>
			<var>$pageid</var>
			<text> </text>
			<text>id</text>
			<text>=</text>
			<var>51</var>
		</line>
		<line linenr="026" indent="&#160;" />
		<line linenr="027" indent="&#160;" interruptable="@">
			<text>=</text>
			<text> </text>
			<var>[THIS]</var>
			<text>-&gt;</text>
			<text> </text>
			<text>call</text>
			<text> </text>
			<text>script</text>
			<text> </text>
			<call>plugin.zanzal.shopping.refuel</call>
			<text> </text>
			<text>:</text>
			<text> </text>
			<text>min.jumps</text>
			<text>=</text>
			<var>50</var>
			<text> </text>
			<text>max.jumps</text>
			<text>=</text>
			<var>100</var>
		</line>
		<line linenr="028" indent="&#160;" />
		<line linenr="029" indent="&#160;">
			<var>[THIS]</var>
			<text>-&gt;</text>
			<text> </text>
			<text>set</text>
			<text> </text>
			<text>command</text>
			<text>:</text>
			<text> </text>
			<var>[COMMAND_RESUPPLY]</var>
		</line>
		<line linenr="030" indent="&#160;&#160;">
			<var>[THIS]</var>
			<text>-&gt;</text>
			<text> </text>
			<text>set</text>
			<text> </text>
			<text>wanted</text>
			<text> </text>
			<text>ware</text>
			<text> </text>
			<text>to</text>
			<text> </text>
			<var>null</var>
		</line>
		<line linenr="031" indent="&#160;&#160;">
			<var>[THIS]</var>
			<text>-&gt;</text>
			<text> </text>
			<text>set</text>
			<text> </text>
			<text>destination</text>
			<text> </text>
			<text>to</text>
			<text> </text>
			<var>[HOMEBASE]</var>
		</line>
		<line linenr="032" indent="&#160;&#160;&#160;" />
		<line linenr="033" indent="&#160;&#160;">
			<text>if</text>
			<text> </text>
			<var>[HOMEBASE]</var>
			<text>-&gt;</text>
			<text> </text>
			<text>exists</text>
		</line>
		<line linenr="034" indent="&#160;&#160;">
			<var>$vars</var>
			<text> </text>
			<text>=</text>
			<text> </text>
			<var>[THIS]</var>
			<text>-&gt;</text>
			<text> </text>
			<text>get</text>
			<text> </text>
			<text>local</text>
			<text> </text>
			<text>variable</text>
			<text>:</text>
			<text> </text>
			<text>name</text>
			<text>=</text>
			<text>'zanzal.droneminer'</text>
		</line>
		<line linenr="035" indent="&#160;&#160;">
			<var>$needs.restocking</var>
			<text> </text>
			<text>=</text>
			<text> </text>
			<var>[FALSE]</var>
		</line>
		<line linenr="036" indent="&#160;&#160;">
			<text>gosub</text>
			<text> </text>
			<var>check_stock</var>
			<text>:</text>
		</line>
		<line linenr="037" indent="&#160;&#160;">
			<text>if</text>
			<text> </text>
			<var>$needs.restocking</var>
		</line>
		<line linenr="038" indent="&#160;&#160;&#160;" interruptable="@">
			<text>=</text>
			<text> </text>
			<var>[THIS]</var>
			<text>-&gt;</text>
			<text> </text>
			<text>call</text>
			<text> </text>
			<text>script</text>
			<text> </text>
			<call>!move.returntohomebase</call>
			<text> </text>
			<text>:</text>
		</line>
		<line linenr="039" indent="&#160;&#160;">
			<text>if</text>
			<text> </text>
			<var>[DOCKEDAT]</var>
			<text> </text>
			<text>!=</text>
			<text> </text>
			<var>[HOMEBASE]</var>
		</line>
		<line linenr="040" indent="&#160;" interruptable="@">
			<text>=</text>
			<text> </text>
			<var>[THIS]</var>
			<text>-&gt;</text>
			<text> </text>
			<text>call</text>
			<text> </text>
			<text>script</text>
			<text> </text>
			<call>plugin.zanzal.droneminer.approachstation</call>
			<text> </text>
			<text>:</text>
			<text> </text>
			<text>targetstation</text>
			<text>=</text>
			<var>[HOMEBASE]</var>
		</line>
		<line linenr="041" indent="">
			<text>end</text>
		</line>
		<line linenr="042" indent="" />
		<line linenr="043" indent="">
			<var>$needs.restocking</var>
			<text> </text>
			<text>=</text>
			<text> </text>
			<var>[FALSE]</var>
		</line>
		<line linenr="044" indent="">
			<text>gosub</text>
			<text> </text>
			<var>check_stock</var>
			<text>:</text>
		</line>
		<line linenr="045" indent="">
			<text>if</text>
			<text> </text>
			<var>$needs.restocking</var>
		</line>
		<line linenr="046" indent="">
			<text>gosub</text>
			<text> </text>
			<var>unload</var>
			<text>:</text>
		</line>
		<line linenr="047" indent="">
			<text>end</text>
		</line>
		<line linenr="048" indent="">
			<text>end</text>
		</line>
		<line linenr="049" indent="">
			<text>end</text>
		</line>
		<line linenr="050" indent="&#160;" />
		<line linenr="051" indent="&#160;">
			<var>exit</var>
			<text>:</text>
		</line>
		<line linenr="052" indent="&#160;&#160;">
			<var>[THIS]</var>
			<text>-&gt;</text>
			<text> </text>
			<text>set</text>
			<text> </text>
			<text>command</text>
			<text>:</text>
			<text> </text>
			<var>[COMMAND_DRONEMINER_TRADER]</var>
		</line>
		<line linenr="053" indent="&#160;&#160;">
			<var>[THIS]</var>
			<text>-&gt;</text>
			<text> </text>
			<text>set</text>
			<text> </text>
			<text>wanted</text>
			<text> </text>
			<text>ware</text>
			<text> </text>
			<text>to</text>
			<text> </text>
			<var>null</var>
		</line>
		<line linenr="054" indent="&#160;&#160;">
			<var>[THIS]</var>
			<text>-&gt;</text>
			<text> </text>
			<text>set</text>
			<text> </text>
			<text>destination</text>
			<text> </text>
			<text>to</text>
			<text> </text>
			<var>null</var>
		</line>
		<line linenr="055" indent="&#160;&#160;">
			<text>return</text>
			<text> </text>
			<var>null</var>
		</line>
		<line linenr="056" indent="&#160;&#160;" />
		<line linenr="057" indent="&#160;&#160;">
			<var>update_amounts</var>
			<text>:</text>
		</line>
		<line linenr="058" indent="&#160;&#160;&#160;">
			<var>$unload.list</var>
			<text> </text>
			<text>=</text>
			<text> </text>
			<text>array</text>
			<text> </text>
			<text>alloc</text>
			<text>:</text>
			<text> </text>
			<text>size</text>
			<text>=</text>
			<var>0</var>
		</line>
		<line linenr="059" indent="&#160;&#160;&#160;">
			<var>$i</var>
			<text> </text>
			<text>=</text>
			<text> </text>
			<text>size</text>
			<text> </text>
			<text>of</text>
			<text> </text>
			<text>array</text>
			<text> </text>
			<var>$minerals</var>
		</line>
		<line linenr="060" indent="&#160;&#160;&#160;">
			<text>while</text>
			<text> </text>
			<var>$i</var>
		</line>
		<line linenr="061" indent="&#160;&#160;&#160;&#160;">
			<text>dec</text>
			<text> </text>
			<var>$i</var>
		</line>
		<line linenr="062" indent="&#160;&#160;&#160;">
			<var>$mineral</var>
			<text> </text>
			<text>=</text>
			<text> </text>
			<var>$minerals</var>
			<text>[</text>
			<var>$i</var>
			<text>]</text>
		</line>
		<line linenr="063" indent="&#160;&#160;&#160;&#160;">
			<var>$amount</var>
			<text> </text>
			<text>=</text>
			<text> </text>
			<var>[HOMEBASE]</var>
			<text>-&gt;</text>
			<text> </text>
			<text>get</text>
			<text> </text>
			<text>amount</text>
			<text> </text>
			<text>of</text>
			<text> </text>
			<text>ware</text>
			<text> </text>
			<var>$mineral</var>
			<text> </text>
			<text>in</text>
			<text> </text>
			<text>cargo</text>
			<text> </text>
			<text>bay</text>
		</line>
		<line linenr="064" indent="&#160;&#160;&#160;">
			<var>$free</var>
			<text> </text>
			<text>=</text>
			<text> </text>
			<var>[HOMEBASE]</var>
			<text>-&gt;</text>
			<text> </text>
			<text>get</text>
			<text> </text>
			<text>free</text>
			<text> </text>
			<text>amount</text>
			<text> </text>
			<text>of</text>
			<text> </text>
			<text>ware</text>
			<text> </text>
			<var>$mineral</var>
			<text> </text>
			<text>in</text>
			<text> </text>
			<text>cargo</text>
			<text> </text>
			<text>bay</text>
		</line>
		<line linenr="065" indent="&#160;&#160;&#160;">
			<var>$has</var>
			<text> </text>
			<text>=</text>
			<text> </text>
			<var>[THIS]</var>
			<text>-&gt;</text>
			<text> </text>
			<text>get</text>
			<text> </text>
			<text>amount</text>
			<text> </text>
			<text>of</text>
			<text> </text>
			<text>ware</text>
			<text> </text>
			<var>$mineral</var>
			<text> </text>
			<text>in</text>
			<text> </text>
			<text>cargo</text>
			<text> </text>
			<text>bay</text>
		</line>
		<line linenr="066" indent="&#160;&#160;&#160;">
			<var>$cap</var>
			<text> </text>
			<text>=</text>
			<text> </text>
			<var>$indexes</var>
			<text>[</text>
			<var>$i</var>
			<text>]</text>
		</line>
		<line linenr="067" indent="&#160;&#160;">
			<var>$cap</var>
			<text> </text>
			<text>=</text>
			<text> </text>
			<var>$vars</var>
			<text>[</text>
			<var>$cap</var>
			<text>]</text>
		</line>
		<line linenr="068" indent="&#160;">
			<text>if</text>
			<text> </text>
			<var>$cap</var>
			<text> </text>
			<text>&gt;</text>
			<text> </text>
			<var>0</var>
			<text> </text>
			<text>AND</text>
			<text> </text>
			<var>$has</var>
			<text> </text>
			<text>&gt;</text>
			<text> </text>
			<var>0</var>
			<text> </text>
			<text>AND</text>
			<text> </text>
			<var>$free</var>
			<text> </text>
			<text>&gt;</text>
			<text> </text>
			<var>0</var>
			<text> </text>
			<text>AND</text>
			<text> </text>
			<var>$amount</var>
			<text> </text>
			<text>&lt;</text>
			<text> </text>
			<var>$cap</var>
		</line>
		<line linenr="069" indent="">
			<var>$unload</var>
			<text> </text>
			<text>=</text>
			<text> </text>
			<var>$cap</var>
			<text> </text>
			<text>-</text>
			<text> </text>
			<var>$amount</var>
		</line>
		<line linenr="070" indent="" />
		<line linenr="071" indent="">
			<text>skip</text>
			<text> </text>
			<text>if</text>
			<text> </text>
			<var>$unload</var>
			<text> </text>
			<text>&lt;=</text>
			<text> </text>
			<var>$free</var>
		</line>
		<line linenr="072" indent="&#160;">
			<var>$unload</var>
			<text> </text>
			<text>=</text>
			<text> </text>
			<var>$free</var>
		</line>
		<line linenr="073" indent="&#160;">
			<text>skip</text>
			<text> </text>
			<text>if</text>
			<text> </text>
			<var>$unload</var>
			<text> </text>
			<text>&lt;=</text>
			<text> </text>
			<var>$has</var>
		</line>
		<line linenr="074" indent="&#160;&#160;">
			<var>$unload</var>
			<text> </text>
			<text>=</text>
			<text> </text>
			<var>$has</var>
		</line>
		<line linenr="075" indent="&#160;" />
		<line linenr="076" indent="">
			<var>$unload.item</var>
			<text> </text>
			<text>=</text>
			<text> </text>
			<text>array</text>
			<text> </text>
			<text>alloc</text>
			<text>:</text>
			<text> </text>
			<text>size</text>
			<text>=</text>
			<var>2</var>
		</line>
		<line linenr="077" indent="">
			<var>$unload.item</var>
			<text>[</text>
			<var>0</var>
			<text>]</text>
			<text> </text>
			<text>=</text>
			<text> </text>
			<var>$unload</var>
		</line>
		<line linenr="078" indent="">
			<var>$unload.item</var>
			<text>[</text>
			<var>1</var>
			<text>]</text>
			<text> </text>
			<text>=</text>
			<text> </text>
			<var>$mineral</var>
		</line>
		<line linenr="079" indent="&#160;">
			<text>append</text>
			<text> </text>
			<var>$unload.item</var>
			<text> </text>
			<text>to</text>
			<text> </text>
			<text>array</text>
			<text> </text>
			<var>$unload.list</var>
		</line>
		<line linenr="080" indent="&#160;&#160;">
			<text>end</text>
		</line>
		<line linenr="081" indent="&#160;&#160;">
			<text>end</text>
		</line>
		<line linenr="082" indent="&#160;&#160;&#160;">
			<text>endsub</text>
		</line>
		<line linenr="083" indent="&#160;&#160;&#160;" />
		<line linenr="084" indent="&#160;&#160;&#160;">
			<var>check_stock</var>
			<text>:</text>
		</line>
		<line linenr="085" indent="&#160;&#160;&#160;">
			<text>gosub</text>
			<text> </text>
			<var>update_amounts</var>
			<text>:</text>
		</line>
		<line linenr="086" indent="&#160;&#160;">
			<text>if</text>
			<text> </text>
			<text>size</text>
			<text> </text>
			<text>of</text>
			<text> </text>
			<text>array</text>
			<text> </text>
			<var>$unload.list</var>
		</line>
		<line linenr="087" indent="&#160;">
			<var>$needs.restocking</var>
			<text> </text>
			<text>=</text>
			<text> </text>
			<var>[TRUE]</var>
		</line>
		<line linenr="088" indent="&#160;&#160;">
			<text>end</text>
		</line>
		<line linenr="089" indent="&#160;">
			<text>endsub</text>
		</line>
		<line linenr="090" indent="" />
		<line linenr="091" indent="">
			<var>unload</var>
			<text>:</text>
		</line>
		<line linenr="092" indent="">
			<text>if</text>
			<text> </text>
			<var>[DOCKEDAT]</var>
			<text> </text>
			<text>==</text>
			<text> </text>
			<var>[HOMEBASE]</var>
		</line>
		<line linenr="093" indent="">
			<text>gosub</text>
			<text> </text>
			<var>update_amounts</var>
			<text>:</text>
		</line>
		<line linenr="094" indent="&#160;">
			<var>$XS.Iterator1</var>
			<text> </text>
			<text>=</text>
			<text> </text>
			<text>size</text>
			<text> </text>
			<text>of</text>
			<text> </text>
			<text>array</text>
			<text> </text>
			<var>$unload.list</var>
		</line>
		<line linenr="095" indent="&#160;">
			<text>while</text>
			<text> </text>
			<var>$XS.Iterator1</var>
		</line>
		<line linenr="096" indent="&#160;&#160;">
			<text>dec</text>
			<text> </text>
			<var>$XS.Iterator1</var>
		</line>
		<line linenr="097" indent="&#160;&#160;">
			<var>$unload.item</var>
			<text> </text>
			<text>=</text>
			<text> </text>
			<var>$unload.list</var>
			<text>[</text>
			<var>$XS.Iterator1</var>
			<text>]</text>
		</line>
		<line linenr="098" indent="&#160;&#160;">
			<var>$amount</var>
			<text> </text>
			<text>=</text>
			<text> </text>
			<var>$unload.item</var>
			<text>[</text>
			<var>0</var>
			<text>]</text>
		</line>
		<line linenr="099" indent="&#160;&#160;">
			<var>$ware</var>
			<text> </text>
			<text>=</text>
			<text> </text>
			<var>$unload.item</var>
			<text>[</text>
			<var>1</var>
			<text>]</text>
		</line>
		<line linenr="100" indent="&#160;&#160;">
			<text>=</text>
			<text> </text>
			<var>[THIS]</var>
			<text>-&gt;</text>
			<text> </text>
			<text>unload</text>
			<text> </text>
			<var>$amount</var>
			<text> </text>
			<text>units</text>
			<text> </text>
			<text>of</text>
			<text> </text>
			<var>$ware</var>
		</line>
		<line linenr="101" indent="&#160;&#160;" interruptable="@">
			<text>=</text>
			<text> </text>
			<text>wait</text>
			<text> </text>
			<text>randomly</text>
			<text> </text>
			<text>from</text>
			<text> </text>
			<var>4000</var>
			<text> </text>
			<text>to</text>
			<text> </text>
			<var>5000</var>
			<text> </text>
			<text>ms</text>
		</line>
		<line linenr="102" indent="&#160;&#160;&#160;">
			<text>end</text>
		</line>
		<line linenr="103" indent="&#160;&#160;">
			<text>else</text>
		</line>
		<line linenr="104" indent="&#160;&#160;">
			<text>gosub</text>
			<text> </text>
			<var>unload_with_drones</var>
			<text>:</text>
		</line>
		<line linenr="105" indent="&#160;&#160;">
			<text>end</text>
		</line>
		<line linenr="106" indent="&#160;&#160;&#160;">
			<text>endsub</text>
		</line>
		<line linenr="107" indent="&#160;&#160;&#160;" />
		<line linenr="108" indent="&#160;&#160;&#160;" />
		<line linenr="109" indent="&#160;&#160;&#160;&#160;">
			<var>unload_with_drones</var>
			<text>:</text>
		</line>
		<line linenr="110" indent="&#160;&#160;&#160;">
			<var>$station</var>
			<text> </text>
			<text>=</text>
			<text> </text>
			<var>[HOMEBASE]</var>
		</line>
		<line linenr="111" indent="&#160;&#160;&#160;">
			<var>$XS.Iterator2</var>
			<text> </text>
			<text>=</text>
			<text> </text>
			<text>size</text>
			<text> </text>
			<text>of</text>
			<text> </text>
			<text>array</text>
			<text> </text>
			<var>$unload.list</var>
		</line>
		<line linenr="112" indent="&#160;&#160;&#160;">
			<text>while</text>
			<text> </text>
			<var>$XS.Iterator2</var>
		</line>
		<line linenr="113" indent="&#160;&#160;&#160;">
			<text>dec</text>
			<text> </text>
			<var>$XS.Iterator2</var>
		</line>
		<line linenr="114" indent="&#160;&#160;&#160;">
			<var>$unload.item</var>
			<text> </text>
			<text>=</text>
			<text> </text>
			<var>$unload.list</var>
			<text>[</text>
			<var>$XS.Iterator2</var>
			<text>]</text>
		</line>
		<line linenr="115" indent="&#160;&#160;">
			<var>$ware.item</var>
			<text> </text>
			<text>=</text>
			<text> </text>
			<var>$unload.item</var>
			<text>[</text>
			<var>1</var>
			<text>]</text>
		</line>
		<line linenr="116" indent="&#160;">
			<var>$ware.unload.amount</var>
			<text> </text>
			<text>=</text>
			<text> </text>
			<var>$unload.item</var>
			<text>[</text>
			<var>0</var>
			<text>]</text>
		</line>
		<line linenr="117" indent="">
			<var>$ware.count</var>
			<text> </text>
			<text>=</text>
			<text> </text>
			<var>[THIS]</var>
			<text>-&gt;</text>
			<text> </text>
			<text>get</text>
			<text> </text>
			<text>amount</text>
			<text> </text>
			<text>of</text>
			<text> </text>
			<text>ware</text>
			<text> </text>
			<var>$ware.item</var>
			<text> </text>
			<text>in</text>
			<text> </text>
			<text>cargo</text>
			<text> </text>
			<text>bay</text>
		</line>
		<line linenr="118" indent="">
			<var>$ware.volume</var>
			<text> </text>
			<text>=</text>
			<text> </text>
			<var>[THIS]</var>
			<text>-&gt;</text>
			<text> </text>
			<text>get</text>
			<text> </text>
			<text>volume</text>
			<text> </text>
			<text>of</text>
			<text> </text>
			<text>ware</text>
			<text> </text>
			<var>$ware.item</var>
			<text> </text>
			<text>in</text>
			<text> </text>
			<text>cargo</text>
			<text> </text>
			<text>bay</text>
		</line>
		<line linenr="119" indent="">
			<var>$can.buy</var>
			<text> </text>
			<text>=</text>
			<text> </text>
			<var>$station</var>
			<text>-&gt;</text>
			<text> </text>
			<text>get</text>
			<text> </text>
			<text>free</text>
			<text> </text>
			<text>amount</text>
			<text> </text>
			<text>of</text>
			<text> </text>
			<text>ware</text>
			<text> </text>
			<var>$ware.item</var>
			<text> </text>
			<text>in</text>
			<text> </text>
			<text>cargo</text>
			<text> </text>
			<text>bay</text>
		</line>
		<line linenr="120" indent="&#160;">
			<text>if</text>
			<text> </text>
			<var>$can.buy</var>
			<text> </text>
			<text>&gt;</text>
			<text> </text>
			<var>$ware.unload.amount</var>
		</line>
		<line linenr="121" indent="&#160;">
			<var>$can.buy</var>
			<text> </text>
			<text>=</text>
			<text> </text>
			<var>$ware.unload.amount</var>
		</line>
		<line linenr="122" indent="&#160;&#160;">
			<text>end</text>
		</line>
		<line linenr="123" indent="&#160;&#160;" />
		<line linenr="124" indent="&#160;">
			<text>while</text>
			<text> </text>
			<var>$ware.count</var>
			<text> </text>
			<text>&gt;</text>
			<text> </text>
			<var>0</var>
			<text> </text>
			<text>AND</text>
			<text> </text>
			<var>$can.buy</var>
			<text> </text>
			<text>&gt;</text>
			<text> </text>
			<var>0</var>
		</line>
		<line linenr="125" indent="&#160;">
			<var>$loaded</var>
			<text> </text>
			<text>=</text>
			<text> </text>
			<var>0</var>
		</line>
		<line linenr="126" indent="&#160;">
			<text>gosub</text>
			<text> </text>
			<var>send_freighter</var>
			<text>:</text>
		</line>
		<line linenr="127" indent="&#160;">
			<text>if</text>
			<text> </text>
			<var>$loaded</var>
			<text> </text>
			<text>==</text>
			<text> </text>
			<var>0</var>
		</line>
		<line linenr="128" indent="&#160;">
			<text>break</text>
		</line>
		<line linenr="129" indent="&#160;">
			<text>end</text>
		</line>
		<line linenr="130" indent="&#160;">
			<var>$can.buy</var>
			<text> </text>
			<text>=</text>
			<text> </text>
			<var>$can.buy</var>
			<text> </text>
			<text>-</text>
			<text> </text>
			<var>$loaded</var>
		</line>
		<line linenr="131" indent="&#160;">
			<var>$ware.count</var>
			<text> </text>
			<text>=</text>
			<text> </text>
			<var>[THIS]</var>
			<text>-&gt;</text>
			<text> </text>
			<text>get</text>
			<text> </text>
			<text>amount</text>
			<text> </text>
			<text>of</text>
			<text> </text>
			<text>ware</text>
			<text> </text>
			<var>$ware.item</var>
			<text> </text>
			<text>in</text>
			<text> </text>
			<text>cargo</text>
			<text> </text>
			<text>bay</text>
		</line>
		<line linenr="132" indent="&#160;">
			<comment>* Always keep a few drones in reserve </comment>
		</line>
		<line linenr="133" indent="&#160;" interruptable="@">
			<text>=</text>
			<text> </text>
			<var>[THIS]</var>
			<text>-&gt;</text>
			<text> </text>
			<text>call</text>
			<text> </text>
			<text>script</text>
			<text> </text>
			<call>plugin.zanzal.waitfordrones</call>
			<text> </text>
			<text>:</text>
			<text> </text>
			<text>quantity</text>
			<text>=</text>
			<var>5</var>
		</line>
		<line linenr="134" indent="&#160;">
			<text>end</text>
		</line>
		<line linenr="135" indent="&#160;&#160;">
			<text>end</text>
		</line>
		<line linenr="136" indent="&#160;&#160;">
			<text>endsub</text>
		</line>
		<line linenr="137" indent="&#160;&#160;&#160;" />
		<line linenr="138" indent="&#160;&#160;&#160;">
			<var>send_freighter</var>
			<text>:</text>
		</line>
		<line linenr="139" indent="&#160;&#160;&#160;">
			<var>$drones</var>
			<text> </text>
			<text>=</text>
			<text> </text>
			<var>[THIS]</var>
			<text>-&gt;</text>
			<text> </text>
			<text>get</text>
			<text> </text>
			<text>amount</text>
			<text> </text>
			<text>of</text>
			<text> </text>
			<text>ware</text>
			<text> </text>
			<var>{Freight Drone}</var>
			<text> </text>
			<text>in</text>
			<text> </text>
			<text>cargo</text>
			<text> </text>
			<text>bay</text>
		</line>
		<line linenr="140" indent="&#160;&#160;">
			<text>if</text>
			<text> </text>
			<var>$drones</var>
			<text> </text>
			<text>==</text>
			<text> </text>
			<var>0</var>
		</line>
		<line linenr="141" indent="&#160;&#160;">
			<var>$exit.result</var>
			<text> </text>
			<text>=</text>
			<text> </text>
			<text>'Could not deploy freight drone. None in cargo hold.'</text>
		</line>
		<line linenr="142" indent="&#160;&#160;">
			<text>goto</text>
			<text> </text>
			<text>label</text>
			<text> </text>
			<var>exit</var>
			<text>:</text>
		</line>
		<line linenr="143" indent="&#160;">
			<text>end</text>
		</line>
		<line linenr="144" indent="&#160;" />
		<line linenr="145" indent="&#160;&#160;">
			<var>$ship.owner</var>
			<text> </text>
			<text>=</text>
			<text> </text>
			<var>[THIS]</var>
			<text>-&gt;</text>
			<text> </text>
			<text>get</text>
			<text> </text>
			<text>owner</text>
			<text> </text>
			<text>race</text>
		</line>
		<line linenr="146" indent="&#160;&#160;">
			<var>$ship.x</var>
			<text> </text>
			<text>=</text>
			<text> </text>
			<var>[THIS]</var>
			<text>-&gt;</text>
			<text> </text>
			<text>get</text>
			<text> </text>
			<text>x</text>
			<text> </text>
			<text>position</text>
		</line>
		<line linenr="147" indent="&#160;&#160;">
			<var>$ship.y</var>
			<text> </text>
			<text>=</text>
			<text> </text>
			<var>[THIS]</var>
			<text>-&gt;</text>
			<text> </text>
			<text>get</text>
			<text> </text>
			<text>y</text>
			<text> </text>
			<text>position</text>
		</line>
		<line linenr="148" indent="&#160;&#160;&#160;">
			<var>$ship.z</var>
			<text> </text>
			<text>=</text>
			<text> </text>
			<var>[THIS]</var>
			<text>-&gt;</text>
			<text> </text>
			<text>get</text>
			<text> </text>
			<text>z</text>
			<text> </text>
			<text>position</text>
		</line>
		<line linenr="149" indent="&#160;&#160;" />
		<line linenr="150" indent="&#160;&#160;">
			<var>$trading.drone</var>
			<text> </text>
			<text>=</text>
			<text> </text>
			<text>create</text>
			<text> </text>
			<text>ship</text>
			<text>:</text>
			<text> </text>
			<text>type</text>
			<text>=</text>
			<var>{Argon Freight Drone}</var>
			<text> </text>
			<text>owner</text>
			<text>=</text>
			<var>$ship.owner</var>
			<text> </text>
			<text>addto</text>
			<text>=</text>
			<var>[THIS]</var>
			<text> </text>
			<text>x</text>
			<text>=</text>
			<var>$ship.x</var>
			<text> </text>
			<text>y</text>
			<text>=</text>
			<var>$ship.y</var>
			<text> </text>
			<text>z</text>
			<text>=</text>
			<var>$ship.z</var>
		</line>
		<line linenr="151" indent="&#160;&#160;&#160;">
			<var>$tries</var>
			<text> </text>
			<text>=</text>
			<text> </text>
			<var>0</var>
		</line>
		<line linenr="152" indent="&#160;&#160;">
			<var>$loaded</var>
			<text> </text>
			<text>=</text>
			<text> </text>
			<var>0</var>
		</line>
		<line linenr="153" indent="&#160;&#160;">
			<text>while</text>
			<text> </text>
			<text>not</text>
			<text> </text>
			<var>$trading.drone</var>
			<text>-&gt;</text>
			<text> </text>
			<text>exists</text>
		</line>
		<line linenr="154" indent="&#160;&#160;&#160;">
			<text>inc</text>
			<text> </text>
			<var>$tries</var>
		</line>
		<line linenr="155" indent="&#160;&#160;&#160;">
			<text>if</text>
			<text> </text>
			<var>$tries</var>
			<text> </text>
			<text>&gt;</text>
			<text> </text>
			<var>10</var>
		</line>
		<line linenr="156" indent="&#160;&#160;&#160;" interruptable="@">
			<text>=</text>
			<text> </text>
			<var>[THIS]</var>
			<text>-&gt;</text>
			<text> </text>
			<text>call</text>
			<text> </text>
			<text>script</text>
			<text> </text>
			<call>plugin.zanzal.waitfordrones</call>
			<text> </text>
			<text>:</text>
			<text> </text>
			<text>quantity</text>
			<text>=</text>
			<var>0</var>
		</line>
		<line linenr="157" indent="&#160;&#160;&#160;">
			<var>$exit.result</var>
			<text> </text>
			<text>=</text>
			<text> </text>
			<text>'Could not deploy freight drone. Docking bays full?'</text>
		</line>
		<line linenr="158" indent="&#160;&#160;&#160;">
			<text>goto</text>
			<text> </text>
			<text>label</text>
			<text> </text>
			<var>exit</var>
			<text>:</text>
		</line>
		<line linenr="159" indent="&#160;&#160;">
			<text>end</text>
		</line>
		<line linenr="160" indent="&#160;&#160;&#160;" interruptable="@">
			<text>=</text>
			<text> </text>
			<var>[THIS]</var>
			<text>-&gt;</text>
			<text> </text>
			<text>call</text>
			<text> </text>
			<text>script</text>
			<text> </text>
			<call>plugin.zanzal.defensivewait</call>
			<text> </text>
			<text>:</text>
			<text> </text>
			<text>from</text>
			<text>=</text>
			<var>900</var>
			<text> </text>
			<text>to</text>
			<text>=</text>
			<var>1100</var>
		</line>
		<line linenr="161" indent="&#160;&#160;">
			<var>$trading.drone</var>
			<text> </text>
			<text>=</text>
			<text> </text>
			<text>create</text>
			<text> </text>
			<text>ship</text>
			<text>:</text>
			<text> </text>
			<text>type</text>
			<text>=</text>
			<var>{Argon Freight Drone}</var>
			<text> </text>
			<text>owner</text>
			<text>=</text>
			<var>$ship.owner</var>
			<text> </text>
			<text>addto</text>
			<text>=</text>
			<var>[THIS]</var>
			<text> </text>
			<text>x</text>
			<text>=</text>
			<var>$ship.x</var>
			<text> </text>
			<text>y</text>
			<text>=</text>
			<var>$ship.y</var>
			<text> </text>
			<text>z</text>
			<text>=</text>
			<var>$ship.z</var>
		</line>
		<line linenr="162" indent="&#160;">
			<text>end</text>
		</line>
		<line linenr="163" indent="">
			<text>if</text>
			<text> </text>
			<var>$trading.drone</var>
			<text>-&gt;</text>
			<text> </text>
			<text>exists</text>
		</line>
		<line linenr="164" indent="">
			<var>$can.fit</var>
			<text> </text>
			<text>=</text>
			<text> </text>
			<var>$trading.drone</var>
			<text>-&gt;</text>
			<text> </text>
			<text>get</text>
			<text> </text>
			<text>free</text>
			<text> </text>
			<text>amount</text>
			<text> </text>
			<text>of</text>
			<text> </text>
			<text>ware</text>
			<text> </text>
			<var>$ware.item</var>
			<text> </text>
			<text>in</text>
			<text> </text>
			<text>cargo</text>
			<text> </text>
			<text>bay</text>
		</line>
		<line linenr="165" indent="">
			<var>$amount</var>
			<text> </text>
			<text>=</text>
			<text> </text>
			<var>$ware.count</var>
		</line>
		<line linenr="166" indent="">
			<text>if</text>
			<text> </text>
			<var>$can.fit</var>
			<text> </text>
			<text>&lt;</text>
			<text> </text>
			<var>$amount</var>
		</line>
		<line linenr="167" indent="">
			<var>$amount</var>
			<text> </text>
			<text>=</text>
			<text> </text>
			<var>$can.fit</var>
		</line>
		<line linenr="168" indent="">
			<text>end</text>
		</line>
		<line linenr="169" indent="">
			<text>if</text>
			<text> </text>
			<var>$can.buy</var>
			<text> </text>
			<text>&lt;</text>
			<text> </text>
			<var>$amount</var>
		</line>
		<line linenr="170" indent="">
			<var>$amount</var>
			<text> </text>
			<text>=</text>
			<text> </text>
			<var>$can.buy</var>
		</line>
		<line linenr="171" indent="">
			<text>end</text>
		</line>
		<line linenr="172" indent="">
			<text>if</text>
			<text> </text>
			<var>$amount</var>
			<text> </text>
			<text>&gt;</text>
			<text> </text>
			<var>0</var>
		</line>
		<line linenr="173" indent="">
			<var>$loaded</var>
			<text> </text>
			<text>=</text>
			<text> </text>
			<var>$trading.drone</var>
			<text>-&gt;</text>
			<text> </text>
			<text>load</text>
			<text> </text>
			<var>$amount</var>
			<text> </text>
			<text>units</text>
			<text> </text>
			<text>of</text>
			<text> </text>
			<var>$ware.item</var>
		</line>
		<line linenr="174" indent="">
			<text>=</text>
			<text> </text>
			<var>[THIS]</var>
			<text>-&gt;</text>
			<text> </text>
			<text>add</text>
			<text> </text>
			<var>-1</var>
			<text> </text>
			<text>units</text>
			<text> </text>
			<text>of</text>
			<text> </text>
			<var>{Freight Drone}</var>
		</line>
		<line linenr="175" indent="">
			<var>$trading.drone</var>
			<text>-&gt;</text>
			<text> </text>
			<text>set</text>
			<text> </text>
			<text>name</text>
			<text> </text>
			<text>to</text>
			<text> </text>
			<var>$trading.drone.name</var>
		</line>
		<line linenr="176" indent="">
			<var>$trading.drone</var>
			<text>-&gt;</text>
			<text> </text>
			<text>set</text>
			<text> </text>
			<text>homebase</text>
			<text> </text>
			<text>to</text>
			<text> </text>
			<var>[THIS]</var>
		</line>
		<line linenr="177" indent="">
			<var>$trading.drone</var>
			<text>-&gt;</text>
			<text> </text>
			<text>begin</text>
			<text> </text>
			<text>task</text>
			<text> </text>
			<var>0</var>
			<text> </text>
			<text>with</text>
			<text> </text>
			<text>script</text>
			<text> </text>
			<call>plugin.zanzal.drone.sellware</call>
			<text> </text>
			<text>and</text>
			<text> </text>
			<text>priority</text>
			<text> </text>
			<var>100</var>
			<text>:</text>
			<text> </text>
			<text>arg1</text>
			<text>=</text>
			<var>$station</var>
			<text> </text>
			<text>arg2</text>
			<text>=</text>
			<var>$ware.item</var>
			<text> </text>
			<text>arg3</text>
			<text>=</text>
			<var>$amount</var>
			<text> </text>
			<text>arg4</text>
			<text>=</text>
			<var>null</var>
			<text> </text>
			<text>arg5</text>
			<text>=</text>
			<var>null</var>
		</line>
		<line linenr="178" indent="">
			<text>else</text>
		</line>
		<line linenr="179" indent="">
			<var>$trading.drone</var>
			<text>-&gt;</text>
			<text> </text>
			<text>destruct</text>
			<text>:</text>
			<text> </text>
			<text>show</text>
			<text> </text>
			<text>no</text>
			<text> </text>
			<text>explosion</text>
			<text>=</text>
			<var>[TRUE]</var>
		</line>
		<line linenr="180" indent="">
			<text>end</text>
		</line>
		<line linenr="181" indent="">
			<text>end</text>
		</line>
		<line linenr="182" indent="">
			<text>endsub</text>
		</line>
		<line linenr="183" indent="" />
	</sourcetext>
	<codearray>
		<sval type="array" size="10">
			<sval type="string" val="plugin.zanzal.droneminer.restock" />
			<sval type="int" val="50" />
			<sval type="string" val="" />
			<sval type="int" val="1" />
			<sval type="int" val="0" />
			<sval type="array" size="38">
				<sval type="string" val="pageid" />
				<sval type="string" val="IDX_ORESTOCK" />
				<sval type="string" val="IDX_SILICONSTOCK" />
				<sval type="string" val="IDX_NIVIDIUMSTOCK" />
				<sval type="string" val="IDX_ICESTOCK" />
				<sval type="string" val="minerals" />
				<sval type="string" val="indexes" />
				<sval type="string" val="trading.drone.name" />
				<sval type="string" val="vars" />
				<sval type="string" val="needs.restocking" />
				<sval type="string" val="unload.list" />
				<sval type="string" val="mineral" />
				<sval type="string" val="i" />
				<sval type="string" val="amount" />
				<sval type="string" val="free" />
				<sval type="string" val="has" />
				<sval type="string" val="cap" />
				<sval type="string" val="unload" />
				<sval type="string" val="unload.item" />
				<sval type="string" val="XS.Iterator1" />
				<sval type="string" val="ware" />
				<sval type="string" val="station" />
				<sval type="string" val="XS.Iterator2" />
				<sval type="string" val="ware.item" />
				<sval type="string" val="ware.unload.amount" />
				<sval type="string" val="ware.count" />
				<sval type="string" val="ware.volume" />
				<sval type="string" val="can.buy" />
				<sval type="string" val="loaded" />
				<sval type="string" val="drones" />
				<sval type="string" val="exit.result" />
				<sval type="string" val="ship.owner" />
				<sval type="string" val="ship.x" />
				<sval type="string" val="ship.y" />
				<sval type="string" val="ship.z" />
				<sval type="string" val="trading.drone" />
				<sval type="string" val="tries" />
				<sval type="string" val="can.fit" />
			</sval>
			<sval type="array" size="141">
				<sval type="array" size="7">
					<sval type="int" val="104" />
					<sval type="int" val="0" />
					<sval type="int" val="1" />
					<sval type="int" val="4" />
					<sval type="int" val="8101" />
					<sval type="int" val="1" />
					<sval type="int" val="-1" />
				</sval>
				<sval type="array" size="7">
					<sval type="int" val="104" />
					<sval type="int" val="1" />
					<sval type="int" val="1" />
					<sval type="int" val="4" />
					<sval type="int" val="22" />
					<sval type="int" val="1" />
					<sval type="int" val="-1" />
				</sval>
				<sval type="array" size="7">
					<sval type="int" val="104" />
					<sval type="int" val="2" />
					<sval type="int" val="1" />
					<sval type="int" val="4" />
					<sval type="int" val="23" />
					<sval type="int" val="1" />
					<sval type="int" val="-1" />
				</sval>
				<sval type="array" size="7">
					<sval type="int" val="104" />
					<sval type="int" val="3" />
					<sval type="int" val="1" />
					<sval type="int" val="4" />
					<sval type="int" val="24" />
					<sval type="int" val="1" />
					<sval type="int" val="-1" />
				</sval>
				<sval type="array" size="7">
					<sval type="int" val="104" />
					<sval type="int" val="4" />
					<sval type="int" val="1" />
					<sval type="int" val="4" />
					<sval type="int" val="25" />
					<sval type="int" val="1" />
					<sval type="int" val="-1" />
				</sval>
				<sval type="array" size="4">
					<sval type="int" val="128" />
					<sval type="int" val="5" />
					<sval type="int" val="4" />
					<sval type="int" val="4" />
				</sval>
				<sval type="array" size="7">
					<sval type="int" val="130" />
					<sval type="int" val="131074" />
					<sval type="int" val="5" />
					<sval type="int" val="4" />
					<sval type="int" val="0" />
					<sval type="int" val="9" />
					<sval type="int" val="983040" />
				</sval>
				<sval type="array" size="7">
					<sval type="int" val="130" />
					<sval type="int" val="131074" />
					<sval type="int" val="5" />
					<sval type="int" val="4" />
					<sval type="int" val="1" />
					<sval type="int" val="9" />
					<sval type="int" val="983041" />
				</sval>
				<sval type="array" size="7">
					<sval type="int" val="130" />
					<sval type="int" val="131074" />
					<sval type="int" val="5" />
					<sval type="int" val="4" />
					<sval type="int" val="2" />
					<sval type="int" val="9" />
					<sval type="int" val="983042" />
				</sval>
				<sval type="array" size="7">
					<sval type="int" val="130" />
					<sval type="int" val="131074" />
					<sval type="int" val="5" />
					<sval type="int" val="4" />
					<sval type="int" val="3" />
					<sval type="int" val="9" />
					<sval type="int" val="983043" />
				</sval>
				<sval type="array" size="4">
					<sval type="int" val="128" />
					<sval type="int" val="6" />
					<sval type="int" val="4" />
					<sval type="int" val="4" />
				</sval>
				<sval type="array" size="7">
					<sval type="int" val="130" />
					<sval type="int" val="131074" />
					<sval type="int" val="6" />
					<sval type="int" val="4" />
					<sval type="int" val="0" />
					<sval type="int" val="131074" />
					<sval type="int" val="1" />
				</sval>
				<sval type="array" size="7">
					<sval type="int" val="130" />
					<sval type="int" val="131074" />
					<sval type="int" val="6" />
					<sval type="int" val="4" />
					<sval type="int" val="1" />
					<sval type="int" val="131074" />
					<sval type="int" val="2" />
				</sval>
				<sval type="array" size="7">
					<sval type="int" val="130" />
					<sval type="int" val="131074" />
					<sval type="int" val="6" />
					<sval type="int" val="4" />
					<sval type="int" val="2" />
					<sval type="int" val="131074" />
					<sval type="int" val="3" />
				</sval>
				<sval type="array" size="7">
					<sval type="int" val="130" />
					<sval type="int" val="131074" />
					<sval type="int" val="6" />
					<sval type="int" val="4" />
					<sval type="int" val="3" />
					<sval type="int" val="131074" />
					<sval type="int" val="4" />
				</sval>
				<sval type="array" size="6">
					<sval type="int" val="126" />
					<sval type="int" val="7" />
					<sval type="int" val="131074" />
					<sval type="int" val="0" />
					<sval type="int" val="4" />
					<sval type="int" val="51" />
				</sval>
				<sval type="array" size="10">
					<sval type="int" val="102" />
					<sval type="string" val="plugin.zanzal.shopping.refuel" />
					<sval type="int" val="-2147483647" />
					<sval type="int" val="131075" />
					<sval type="int" val="1" />
					<sval type="int" val="2" />
					<sval type="int" val="4" />
					<sval type="int" val="50" />
					<sval type="int" val="4" />
					<sval type="int" val="100" />
				</sval>
				<sval type="array" size="5">
					<sval type="int" val="524" />
					<sval type="int" val="131075" />
					<sval type="int" val="1" />
					<sval type="int" val="18" />
					<sval type="int" val="42" />
				</sval>
				<sval type="array" size="5">
					<sval type="int" val="650" />
					<sval type="int" val="131075" />
					<sval type="int" val="1" />
					<sval type="int" val="0" />
					<sval type="int" val="0" />
				</sval>
				<sval type="array" size="5">
					<sval type="int" val="519" />
					<sval type="int" val="131075" />
					<sval type="int" val="1" />
					<sval type="int" val="131075" />
					<sval type="int" val="4" />
				</sval>
				<sval type="array" size="4">
					<sval type="int" val="706" />
					<sval type="int" val="131075" />
					<sval type="int" val="4" />
					<sval type="int" val="-1610604541" />
				</sval>
				<sval type="array" size="6">
					<sval type="int" val="156" />
					<sval type="int" val="131075" />
					<sval type="int" val="1" />
					<sval type="int" val="5" />
					<sval type="string" val="zanzal.droneminer" />
					<sval type="int" val="8" />
				</sval>
				<sval type="array" size="7">
					<sval type="int" val="104" />
					<sval type="int" val="9" />
					<sval type="int" val="1" />
					<sval type="int" val="131075" />
					<sval type="int" val="9" />
					<sval type="int" val="1" />
					<sval type="int" val="-1" />
				</sval>
				<sval type="array" size="2">
					<sval type="int" val="1167" />
					<sval type="int" val="60" />
				</sval>
				<sval type="array" size="7">
					<sval type="int" val="104" />
					<sval type="int" val="-1610604541" />
					<sval type="int" val="1" />
					<sval type="int" val="131074" />
					<sval type="int" val="9" />
					<sval type="int" val="1" />
					<sval type="int" val="-1" />
				</sval>
				<sval type="array" size="6">
					<sval type="int" val="102" />
					<sval type="string" val="!move.returntohomebase" />
					<sval type="int" val="-2147483647" />
					<sval type="int" val="131075" />
					<sval type="int" val="1" />
					<sval type="int" val="0" />
				</sval>
				<sval type="array" size="13">
					<sval type="int" val="104" />
					<sval type="int" val="-1610605565" />
					<sval type="int" val="3" />
					<sval type="int" val="131075" />
					<sval type="int" val="11" />
					<sval type="int" val="131075" />
					<sval type="int" val="4" />
					<sval type="int" val="15" />
					<sval type="int" val="1" />
					<sval type="int" val="3" />
					<sval type="int" val="-1" />
					<sval type="int" val="1" />
					<sval type="int" val="-2" />
				</sval>
				<sval type="array" size="8">
					<sval type="int" val="102" />
					<sval type="string" val="plugin.zanzal.droneminer.approachstation" />
					<sval type="int" val="-2147483647" />
					<sval type="int" val="131075" />
					<sval type="int" val="1" />
					<sval type="int" val="1" />
					<sval type="int" val="131075" />
					<sval type="int" val="4" />
				</sval>
				<sval type="array" size="7">
					<sval type="int" val="104" />
					<sval type="int" val="9" />
					<sval type="int" val="1" />
					<sval type="int" val="131075" />
					<sval type="int" val="9" />
					<sval type="int" val="1" />
					<sval type="int" val="-1" />
				</sval>
				<sval type="array" size="2">
					<sval type="int" val="1167" />
					<sval type="int" val="60" />
				</sval>
				<sval type="array" size="7">
					<sval type="int" val="104" />
					<sval type="int" val="-1610604541" />
					<sval type="int" val="1" />
					<sval type="int" val="131074" />
					<sval type="int" val="9" />
					<sval type="int" val="1" />
					<sval type="int" val="-1" />
				</sval>
				<sval type="array" size="2">
					<sval type="int" val="1167" />
					<sval type="int" val="65" />
				</sval>
				<sval type="array" size="2">
					<sval type="int" val="101" />
					<sval type="string" val="exit" />
				</sval>
				<sval type="array" size="5">
					<sval type="int" val="524" />
					<sval type="int" val="131075" />
					<sval type="int" val="1" />
					<sval type="int" val="18" />
					<sval type="int" val="421" />
				</sval>
				<sval type="array" size="5">
					<sval type="int" val="650" />
					<sval type="int" val="131075" />
					<sval type="int" val="1" />
					<sval type="int" val="0" />
					<sval type="int" val="0" />
				</sval>
				<sval type="array" size="5">
					<sval type="int" val="519" />
					<sval type="int" val="131075" />
					<sval type="int" val="1" />
					<sval type="int" val="0" />
					<sval type="int" val="0" />
				</sval>
				<sval type="array" size="3">
					<sval type="int" val="103" />
					<sval type="int" val="0" />
					<sval type="int" val="0" />
				</sval>
				<sval type="array" size="2">
					<sval type="int" val="101" />
					<sval type="string" val="update_amounts" />
				</sval>
				<sval type="array" size="4">
					<sval type="int" val="128" />
					<sval type="int" val="10" />
					<sval type="int" val="4" />
					<sval type="int" val="0" />
				</sval>
				<sval type="array" size="4">
					<sval type="int" val="131" />
					<sval type="int" val="12" />
					<sval type="int" val="131074" />
					<sval type="int" val="5" />
				</sval>
				<sval type="array" size="7">
					<sval type="int" val="104" />
					<sval type="int" val="-1610597623" />
					<sval type="int" val="1" />
					<sval type="int" val="131074" />
					<sval type="int" val="12" />
					<sval type="int" val="1" />
					<sval type="int" val="-1" />
				</sval>
				<sval type="array" size="2">
					<sval type="int" val="143" />
					<sval type="int" val="12" />
				</sval>
				<sval type="array" size="6">
					<sval type="int" val="129" />
					<sval type="int" val="11" />
					<sval type="int" val="131074" />
					<sval type="int" val="5" />
					<sval type="int" val="131074" />
					<sval type="int" val="12" />
				</sval>
				<sval type="array" size="6">
					<sval type="int" val="618" />
					<sval type="int" val="131075" />
					<sval type="int" val="4" />
					<sval type="int" val="13" />
					<sval type="int" val="131074" />
					<sval type="int" val="11" />
				</sval>
				<sval type="array" size="6">
					<sval type="int" val="620" />
					<sval type="int" val="131075" />
					<sval type="int" val="4" />
					<sval type="int" val="14" />
					<sval type="int" val="131074" />
					<sval type="int" val="11" />
				</sval>
				<sval type="array" size="6">
					<sval type="int" val="618" />
					<sval type="int" val="131075" />
					<sval type="int" val="1" />
					<sval type="int" val="15" />
					<sval type="int" val="131074" />
					<sval type="int" val="11" />
				</sval>
				<sval type="array" size="6">
					<sval type="int" val="129" />
					<sval type="int" val="16" />
					<sval type="int" val="131074" />
					<sval type="int" val="6" />
					<sval type="int" val="131074" />
					<sval type="int" val="12" />
				</sval>
				<sval type="array" size="6">
					<sval type="int" val="129" />
					<sval type="int" val="16" />
					<sval type="int" val="131074" />
					<sval type="int" val="8" />
					<sval type="int" val="131074" />
					<sval type="int" val="16" />
				</sval>
				<sval type="array" size="49">
					<sval type="int" val="104" />
					<sval type="int" val="-1610597885" />
					<sval type="int" val="15" />
					<sval type="int" val="131074" />
					<sval type="int" val="16" />
					<sval type="int" val="4" />
					<sval type="int" val="0" />
					<sval type="int" val="15" />
					<sval type="int" val="2" />
					<sval type="int" val="131074" />
					<sval type="int" val="15" />
					<sval type="int" val="4" />
					<sval type="int" val="0" />
					<sval type="int" val="15" />
					<sval type="int" val="2" />
					<sval type="int" val="15" />
					<sval type="int" val="9" />
					<sval type="int" val="131074" />
					<sval type="int" val="14" />
					<sval type="int" val="4" />
					<sval type="int" val="0" />
					<sval type="int" val="15" />
					<sval type="int" val="2" />
					<sval type="int" val="15" />
					<sval type="int" val="9" />
					<sval type="int" val="131074" />
					<sval type="int" val="13" />
					<sval type="int" val="131074" />
					<sval type="int" val="16" />
					<sval type="int" val="15" />
					<sval type="int" val="3" />
					<sval type="int" val="15" />
					<sval type="int" val="9" />
					<sval type="int" val="15" />
					<sval type="int" val="-1" />
					<sval type="int" val="2" />
					<sval type="int" val="-2" />
					<sval type="int" val="9" />
					<sval type="int" val="-4" />
					<sval type="int" val="2" />
					<sval type="int" val="-5" />
					<sval type="int" val="9" />
					<sval type="int" val="-8" />
					<sval type="int" val="2" />
					<sval type="int" val="-9" />
					<sval type="int" val="9" />
					<sval type="int" val="-12" />
					<sval type="int" val="3" />
					<sval type="int" val="-13" />
				</sval>
				<sval type="array" size="13">
					<sval type="int" val="104" />
					<sval type="int" val="17" />
					<sval type="int" val="3" />
					<sval type="int" val="131074" />
					<sval type="int" val="16" />
					<sval type="int" val="131074" />
					<sval type="int" val="13" />
					<sval type="int" val="15" />
					<sval type="int" val="12" />
					<sval type="int" val="3" />
					<sval type="int" val="-1" />
					<sval type="int" val="12" />
					<sval type="int" val="-2" />
				</sval>
				<sval type="array" size="13">
					<sval type="int" val="104" />
					<sval type="int" val="-536857593" />
					<sval type="int" val="3" />
					<sval type="int" val="131074" />
					<sval type="int" val="17" />
					<sval type="int" val="131074" />
					<sval type="int" val="14" />
					<sval type="int" val="15" />
					<sval type="int" val="5" />
					<sval type="int" val="3" />
					<sval type="int" val="-1" />
					<sval type="int" val="5" />
					<sval type="int" val="-2" />
				</sval>
				<sval type="array" size="7">
					<sval type="int" val="104" />
					<sval type="int" val="17" />
					<sval type="int" val="1" />
					<sval type="int" val="131074" />
					<sval type="int" val="14" />
					<sval type="int" val="1" />
					<sval type="int" val="-1" />
				</sval>
				<sval type="array" size="13">
					<sval type="int" val="104" />
					<sval type="int" val="-536857081" />
					<sval type="int" val="3" />
					<sval type="int" val="131074" />
					<sval type="int" val="17" />
					<sval type="int" val="131074" />
					<sval type="int" val="15" />
					<sval type="int" val="15" />
					<sval type="int" val="5" />
					<sval type="int" val="3" />
					<sval type="int" val="-1" />
					<sval type="int" val="5" />
					<sval type="int" val="-2" />
				</sval>
				<sval type="array" size="7">
					<sval type="int" val="104" />
					<sval type="int" val="17" />
					<sval type="int" val="1" />
					<sval type="int" val="131074" />
					<sval type="int" val="15" />
					<sval type="int" val="1" />
					<sval type="int" val="-1" />
				</sval>
				<sval type="array" size="4">
					<sval type="int" val="128" />
					<sval type="int" val="18" />
					<sval type="int" val="4" />
					<sval type="int" val="2" />
				</sval>
				<sval type="array" size="7">
					<sval type="int" val="130" />
					<sval type="int" val="131074" />
					<sval type="int" val="18" />
					<sval type="int" val="4" />
					<sval type="int" val="0" />
					<sval type="int" val="131074" />
					<sval type="int" val="17" />
				</sval>
				<sval type="array" size="7">
					<sval type="int" val="130" />
					<sval type="int" val="131074" />
					<sval type="int" val="18" />
					<sval type="int" val="4" />
					<sval type="int" val="1" />
					<sval type="int" val="131074" />
					<sval type="int" val="11" />
				</sval>
				<sval type="array" size="5">
					<sval type="int" val="135" />
					<sval type="int" val="131074" />
					<sval type="int" val="10" />
					<sval type="int" val="131074" />
					<sval type="int" val="18" />
				</sval>
				<sval type="array" size="2">
					<sval type="int" val="112" />
					<sval type="int" val="40" />
				</sval>
				<sval type="array" size="1">
					<sval type="int" val="1168" />
				</sval>
				<sval type="array" size="2">
					<sval type="int" val="101" />
					<sval type="string" val="check_stock" />
				</sval>
				<sval type="array" size="2">
					<sval type="int" val="1167" />
					<sval type="int" val="37" />
				</sval>
				<sval type="array" size="4">
					<sval type="int" val="131" />
					<sval type="int" val="-1610596349" />
					<sval type="int" val="131074" />
					<sval type="int" val="10" />
				</sval>
				<sval type="array" size="7">
					<sval type="int" val="104" />
					<sval type="int" val="9" />
					<sval type="int" val="1" />
					<sval type="int" val="131075" />
					<sval type="int" val="10" />
					<sval type="int" val="1" />
					<sval type="int" val="-1" />
				</sval>
				<sval type="array" size="1">
					<sval type="int" val="1168" />
				</sval>
				<sval type="array" size="2">
					<sval type="int" val="101" />
					<sval type="string" val="unload" />
				</sval>
				<sval type="array" size="13">
					<sval type="int" val="104" />
					<sval type="int" val="-1610592765" />
					<sval type="int" val="3" />
					<sval type="int" val="131075" />
					<sval type="int" val="11" />
					<sval type="int" val="131075" />
					<sval type="int" val="4" />
					<sval type="int" val="15" />
					<sval type="int" val="0" />
					<sval type="int" val="3" />
					<sval type="int" val="-1" />
					<sval type="int" val="0" />
					<sval type="int" val="-2" />
				</sval>
				<sval type="array" size="2">
					<sval type="int" val="1167" />
					<sval type="int" val="37" />
				</sval>
				<sval type="array" size="4">
					<sval type="int" val="131" />
					<sval type="int" val="19" />
					<sval type="int" val="131074" />
					<sval type="int" val="10" />
				</sval>
				<sval type="array" size="7">
					<sval type="int" val="104" />
					<sval type="int" val="-1610593015" />
					<sval type="int" val="1" />
					<sval type="int" val="131074" />
					<sval type="int" val="19" />
					<sval type="int" val="1" />
					<sval type="int" val="-1" />
				</sval>
				<sval type="array" size="2">
					<sval type="int" val="143" />
					<sval type="int" val="19" />
				</sval>
				<sval type="array" size="6">
					<sval type="int" val="129" />
					<sval type="int" val="18" />
					<sval type="int" val="131074" />
					<sval type="int" val="10" />
					<sval type="int" val="131074" />
					<sval type="int" val="19" />
				</sval>
				<sval type="array" size="6">
					<sval type="int" val="129" />
					<sval type="int" val="13" />
					<sval type="int" val="131074" />
					<sval type="int" val="18" />
					<sval type="int" val="4" />
					<sval type="int" val="0" />
				</sval>
				<sval type="array" size="6">
					<sval type="int" val="129" />
					<sval type="int" val="20" />
					<sval type="int" val="131074" />
					<sval type="int" val="18" />
					<sval type="int" val="4" />
					<sval type="int" val="1" />
				</sval>
				<sval type="array" size="8">
					<sval type="int" val="640" />
					<sval type="int" val="131075" />
					<sval type="int" val="1" />
					<sval type="int" val="-2147483647" />
					<sval type="int" val="131074" />
					<sval type="int" val="13" />
					<sval type="int" val="131074" />
					<sval type="int" val="20" />
				</sval>
				<sval type="array" size="6">
					<sval type="int" val="107" />
					<sval type="int" val="-2147483647" />
					<sval type="int" val="4" />
					<sval type="int" val="4000" />
					<sval type="int" val="4" />
					<sval type="int" val="5000" />
				</sval>
				<sval type="array" size="2">
					<sval type="int" val="112" />
					<sval type="int" val="69" />
				</sval>
				<sval type="array" size="2">
					<sval type="int" val="112" />
					<sval type="int" val="79" />
				</sval>
				<sval type="array" size="2">
					<sval type="int" val="1167" />
					<sval type="int" val="80" />
				</sval>
				<sval type="array" size="1">
					<sval type="int" val="1168" />
				</sval>
				<sval type="array" size="2">
					<sval type="int" val="101" />
					<sval type="string" val="unload_with_drones" />
				</sval>
				<sval type="array" size="7">
					<sval type="int" val="104" />
					<sval type="int" val="21" />
					<sval type="int" val="1" />
					<sval type="int" val="131075" />
					<sval type="int" val="4" />
					<sval type="int" val="1" />
					<sval type="int" val="-1" />
				</sval>
				<sval type="array" size="4">
					<sval type="int" val="131" />
					<sval type="int" val="22" />
					<sval type="int" val="131074" />
					<sval type="int" val="10" />
				</sval>
				<sval type="array" size="7">
					<sval type="int" val="104" />
					<sval type="int" val="-1610586359" />
					<sval type="int" val="1" />
					<sval type="int" val="131074" />
					<sval type="int" val="22" />
					<sval type="int" val="1" />
					<sval type="int" val="-1" />
				</sval>
				<sval type="array" size="2">
					<sval type="int" val="143" />
					<sval type="int" val="22" />
				</sval>
				<sval type="array" size="6">
					<sval type="int" val="129" />
					<sval type="int" val="18" />
					<sval type="int" val="131074" />
					<sval type="int" val="10" />
					<sval type="int" val="131074" />
					<sval type="int" val="22" />
				</sval>
				<sval type="array" size="6">
					<sval type="int" val="129" />
					<sval type="int" val="23" />
					<sval type="int" val="131074" />
					<sval type="int" val="18" />
					<sval type="int" val="4" />
					<sval type="int" val="1" />
				</sval>
				<sval type="array" size="6">
					<sval type="int" val="129" />
					<sval type="int" val="24" />
					<sval type="int" val="131074" />
					<sval type="int" val="18" />
					<sval type="int" val="4" />
					<sval type="int" val="0" />
				</sval>
				<sval type="array" size="6">
					<sval type="int" val="618" />
					<sval type="int" val="131075" />
					<sval type="int" val="1" />
					<sval type="int" val="25" />
					<sval type="int" val="131074" />
					<sval type="int" val="23" />
				</sval>
				<sval type="array" size="6">
					<sval type="int" val="613" />
					<sval type="int" val="131075" />
					<sval type="int" val="1" />
					<sval type="int" val="26" />
					<sval type="int" val="131074" />
					<sval type="int" val="23" />
				</sval>
				<sval type="array" size="6">
					<sval type="int" val="620" />
					<sval type="int" val="131074" />
					<sval type="int" val="21" />
					<sval type="int" val="27" />
					<sval type="int" val="131074" />
					<sval type="int" val="23" />
				</sval>
				<sval type="array" size="13">
					<sval type="int" val="104" />
					<sval type="int" val="-1610588925" />
					<sval type="int" val="3" />
					<sval type="int" val="131074" />
					<sval type="int" val="27" />
					<sval type="int" val="131074" />
					<sval type="int" val="24" />
					<sval type="int" val="15" />
					<sval type="int" val="2" />
					<sval type="int" val="3" />
					<sval type="int" val="-1" />
					<sval type="int" val="2" />
					<sval type="int" val="-2" />
				</sval>
				<sval type="array" size="7">
					<sval type="int" val="104" />
					<sval type="int" val="27" />
					<sval type="int" val="1" />
					<sval type="int" val="131074" />
					<sval type="int" val="24" />
					<sval type="int" val="1" />
					<sval type="int" val="-1" />
				</sval>
				<sval type="array" size="25">
					<sval type="int" val="104" />
					<sval type="int" val="-1610586615" />
					<sval type="int" val="7" />
					<sval type="int" val="131074" />
					<sval type="int" val="25" />
					<sval type="int" val="4" />
					<sval type="int" val="0" />
					<sval type="int" val="15" />
					<sval type="int" val="2" />
					<sval type="int" val="131074" />
					<sval type="int" val="27" />
					<sval type="int" val="4" />
					<sval type="int" val="0" />
					<sval type="int" val="15" />
					<sval type="int" val="2" />
					<sval type="int" val="15" />
					<sval type="int" val="9" />
					<sval type="int" val="7" />
					<sval type="int" val="-1" />
					<sval type="int" val="2" />
					<sval type="int" val="-2" />
					<sval type="int" val="9" />
					<sval type="int" val="-4" />
					<sval type="int" val="2" />
					<sval type="int" val="-5" />
				</sval>
				<sval type="array" size="7">
					<sval type="int" val="104" />
					<sval type="int" val="28" />
					<sval type="int" val="1" />
					<sval type="int" val="4" />
					<sval type="int" val="0" />
					<sval type="int" val="1" />
					<sval type="int" val="-1" />
				</sval>
				<sval type="array" size="2">
					<sval type="int" val="1167" />
					<sval type="int" val="104" />
				</sval>
				<sval type="array" size="13">
					<sval type="int" val="104" />
					<sval type="int" val="-1610587645" />
					<sval type="int" val="3" />
					<sval type="int" val="131074" />
					<sval type="int" val="28" />
					<sval type="int" val="4" />
					<sval type="int" val="0" />
					<sval type="int" val="15" />
					<sval type="int" val="0" />
					<sval type="int" val="3" />
					<sval type="int" val="-1" />
					<sval type="int" val="0" />
					<sval type="int" val="-2" />
				</sval>
				<sval type="array" size="2">
					<sval type="int" val="112" />
					<sval type="int" val="102" />
				</sval>
				<sval type="array" size="13">
					<sval type="int" val="104" />
					<sval type="int" val="27" />
					<sval type="int" val="3" />
					<sval type="int" val="131074" />
					<sval type="int" val="27" />
					<sval type="int" val="131074" />
					<sval type="int" val="28" />
					<sval type="int" val="15" />
					<sval type="int" val="12" />
					<sval type="int" val="3" />
					<sval type="int" val="-1" />
					<sval type="int" val="12" />
					<sval type="int" val="-2" />
				</sval>
				<sval type="array" size="6">
					<sval type="int" val="618" />
					<sval type="int" val="131075" />
					<sval type="int" val="1" />
					<sval type="int" val="25" />
					<sval type="int" val="131074" />
					<sval type="int" val="23" />
				</sval>
				<sval type="array" size="8">
					<sval type="int" val="102" />
					<sval type="string" val="plugin.zanzal.waitfordrones" />
					<sval type="int" val="-2147483647" />
					<sval type="int" val="131075" />
					<sval type="int" val="1" />
					<sval type="int" val="1" />
					<sval type="int" val="4" />
					<sval type="int" val="5" />
				</sval>
				<sval type="array" size="2">
					<sval type="int" val="112" />
					<sval type="int" val="93" />
				</sval>
				<sval type="array" size="2">
					<sval type="int" val="112" />
					<sval type="int" val="83" />
				</sval>
				<sval type="array" size="1">
					<sval type="int" val="1168" />
				</sval>
				<sval type="array" size="2">
					<sval type="int" val="101" />
					<sval type="string" val="send_freighter" />
				</sval>
				<sval type="array" size="6">
					<sval type="int" val="618" />
					<sval type="int" val="131075" />
					<sval type="int" val="1" />
					<sval type="int" val="29" />
					<sval type="int" val="9" />
					<sval type="int" val="1048656" />
				</sval>
				<sval type="array" size="13">
					<sval type="int" val="104" />
					<sval type="int" val="-1610584829" />
					<sval type="int" val="3" />
					<sval type="int" val="131074" />
					<sval type="int" val="29" />
					<sval type="int" val="4" />
					<sval type="int" val="0" />
					<sval type="int" val="15" />
					<sval type="int" val="0" />
					<sval type="int" val="3" />
					<sval type="int" val="-1" />
					<sval type="int" val="0" />
					<sval type="int" val="-2" />
				</sval>
				<sval type="array" size="7">
					<sval type="int" val="104" />
					<sval type="int" val="30" />
					<sval type="int" val="1" />
					<sval type="int" val="5" />
					<sval type="string" val="Could not deploy freight drone. None in cargo hold." />
					<sval type="int" val="1" />
					<sval type="int" val="-1" />
				</sval>
				<sval type="array" size="2">
					<sval type="int" val="100" />
					<sval type="int" val="32" />
				</sval>
				<sval type="array" size="4">
					<sval type="int" val="701" />
					<sval type="int" val="131075" />
					<sval type="int" val="1" />
					<sval type="int" val="31" />
				</sval>
				<sval type="array" size="4">
					<sval type="int" val="740" />
					<sval type="int" val="131075" />
					<sval type="int" val="1" />
					<sval type="int" val="32" />
				</sval>
				<sval type="array" size="4">
					<sval type="int" val="741" />
					<sval type="int" val="131075" />
					<sval type="int" val="1" />
					<sval type="int" val="33" />
				</sval>
				<sval type="array" size="4">
					<sval type="int" val="742" />
					<sval type="int" val="131075" />
					<sval type="int" val="1" />
					<sval type="int" val="34" />
				</sval>
				<sval type="array" size="14">
					<sval type="int" val="739" />
					<sval type="int" val="35" />
					<sval type="int" val="9" />
					<sval type="int" val="459046" />
					<sval type="int" val="131074" />
					<sval type="int" val="31" />
					<sval type="int" val="131075" />
					<sval type="int" val="1" />
					<sval type="int" val="131074" />
					<sval type="int" val="32" />
					<sval type="int" val="131074" />
					<sval type="int" val="33" />
					<sval type="int" val="131074" />
					<sval type="int" val="34" />
				</sval>
				<sval type="array" size="7">
					<sval type="int" val="104" />
					<sval type="int" val="36" />
					<sval type="int" val="1" />
					<sval type="int" val="4" />
					<sval type="int" val="0" />
					<sval type="int" val="1" />
					<sval type="int" val="-1" />
				</sval>
				<sval type="array" size="7">
					<sval type="int" val="104" />
					<sval type="int" val="28" />
					<sval type="int" val="1" />
					<sval type="int" val="4" />
					<sval type="int" val="0" />
					<sval type="int" val="1" />
					<sval type="int" val="-1" />
				</sval>
				<sval type="array" size="4">
					<sval type="int" val="706" />
					<sval type="int" val="131074" />
					<sval type="int" val="35" />
					<sval type="int" val="-536838902" />
				</sval>
				<sval type="array" size="2">
					<sval type="int" val="142" />
					<sval type="int" val="36" />
				</sval>
				<sval type="array" size="13">
					<sval type="int" val="104" />
					<sval type="int" val="-1610581501" />
					<sval type="int" val="3" />
					<sval type="int" val="131074" />
					<sval type="int" val="36" />
					<sval type="int" val="4" />
					<sval type="int" val="10" />
					<sval type="int" val="15" />
					<sval type="int" val="2" />
					<sval type="int" val="3" />
					<sval type="int" val="-1" />
					<sval type="int" val="2" />
					<sval type="int" val="-2" />
				</sval>
				<sval type="array" size="8">
					<sval type="int" val="102" />
					<sval type="string" val="plugin.zanzal.waitfordrones" />
					<sval type="int" val="-2147483647" />
					<sval type="int" val="131075" />
					<sval type="int" val="1" />
					<sval type="int" val="1" />
					<sval type="int" val="4" />
					<sval type="int" val="0" />
				</sval>
				<sval type="array" size="7">
					<sval type="int" val="104" />
					<sval type="int" val="30" />
					<sval type="int" val="1" />
					<sval type="int" val="5" />
					<sval type="string" val="Could not deploy freight drone. Docking bays full?" />
					<sval type="int" val="1" />
					<sval type="int" val="-1" />
				</sval>
				<sval type="array" size="2">
					<sval type="int" val="100" />
					<sval type="int" val="32" />
				</sval>
				<sval type="array" size="10">
					<sval type="int" val="102" />
					<sval type="string" val="plugin.zanzal.defensivewait" />
					<sval type="int" val="-2147483647" />
					<sval type="int" val="131075" />
					<sval type="int" val="1" />
					<sval type="int" val="2" />
					<sval type="int" val="4" />
					<sval type="int" val="900" />
					<sval type="int" val="4" />
					<sval type="int" val="1100" />
				</sval>
				<sval type="array" size="14">
					<sval type="int" val="739" />
					<sval type="int" val="35" />
					<sval type="int" val="9" />
					<sval type="int" val="459046" />
					<sval type="int" val="131074" />
					<sval type="int" val="31" />
					<sval type="int" val="131075" />
					<sval type="int" val="1" />
					<sval type="int" val="131074" />
					<sval type="int" val="32" />
					<sval type="int" val="131074" />
					<sval type="int" val="33" />
					<sval type="int" val="131074" />
					<sval type="int" val="34" />
				</sval>
				<sval type="array" size="2">
					<sval type="int" val="112" />
					<sval type="int" val="116" />
				</sval>
				<sval type="array" size="4">
					<sval type="int" val="706" />
					<sval type="int" val="131074" />
					<sval type="int" val="35" />
					<sval type="int" val="-1610576893" />
				</sval>
				<sval type="array" size="6">
					<sval type="int" val="620" />
					<sval type="int" val="131074" />
					<sval type="int" val="35" />
					<sval type="int" val="37" />
					<sval type="int" val="131074" />
					<sval type="int" val="23" />
				</sval>
				<sval type="array" size="7">
					<sval type="int" val="104" />
					<sval type="int" val="13" />
					<sval type="int" val="1" />
					<sval type="int" val="131074" />
					<sval type="int" val="25" />
					<sval type="int" val="1" />
					<sval type="int" val="-1" />
				</sval>
				<sval type="array" size="13">
					<sval type="int" val="104" />
					<sval type="int" val="-1610579453" />
					<sval type="int" val="3" />
					<sval type="int" val="131074" />
					<sval type="int" val="37" />
					<sval type="int" val="131074" />
					<sval type="int" val="13" />
					<sval type="int" val="15" />
					<sval type="int" val="3" />
					<sval type="int" val="3" />
					<sval type="int" val="-1" />
					<sval type="int" val="3" />
					<sval type="int" val="-2" />
				</sval>
				<sval type="array" size="7">
					<sval type="int" val="104" />
					<sval type="int" val="13" />
					<sval type="int" val="1" />
					<sval type="int" val="131074" />
					<sval type="int" val="37" />
					<sval type="int" val="1" />
					<sval type="int" val="-1" />
				</sval>
				<sval type="array" size="13">
					<sval type="int" val="104" />
					<sval type="int" val="-1610578941" />
					<sval type="int" val="3" />
					<sval type="int" val="131074" />
					<sval type="int" val="27" />
					<sval type="int" val="131074" />
					<sval type="int" val="13" />
					<sval type="int" val="15" />
					<sval type="int" val="3" />
					<sval type="int" val="3" />
					<sval type="int" val="-1" />
					<sval type="int" val="3" />
					<sval type="int" val="-2" />
				</sval>
				<sval type="array" size="7">
					<sval type="int" val="104" />
					<sval type="int" val="13" />
					<sval type="int" val="1" />
					<sval type="int" val="131074" />
					<sval type="int" val="27" />
					<sval type="int" val="1" />
					<sval type="int" val="-1" />
				</sval>
				<sval type="array" size="13">
					<sval type="int" val="104" />
					<sval type="int" val="-1610577149" />
					<sval type="int" val="3" />
					<sval type="int" val="131074" />
					<sval type="int" val="13" />
					<sval type="int" val="4" />
					<sval type="int" val="0" />
					<sval type="int" val="15" />
					<sval type="int" val="2" />
					<sval type="int" val="3" />
					<sval type="int" val="-1" />
					<sval type="int" val="2" />
					<sval type="int" val="-2" />
				</sval>
				<sval type="array" size="8">
					<sval type="int" val="639" />
					<sval type="int" val="131074" />
					<sval type="int" val="35" />
					<sval type="int" val="28" />
					<sval type="int" val="131074" />
					<sval type="int" val="13" />
					<sval type="int" val="131074" />
					<sval type="int" val="23" />
				</sval>
				<sval type="array" size="8">
					<sval type="int" val="646" />
					<sval type="int" val="131075" />
					<sval type="int" val="1" />
					<sval type="int" val="-2147483647" />
					<sval type="int" val="4" />
					<sval type="int" val="-1" />
					<sval type="int" val="9" />
					<sval type="int" val="1048656" />
				</sval>
				<sval type="array" size="5">
					<sval type="int" val="1029" />
					<sval type="int" val="131074" />
					<sval type="int" val="35" />
					<sval type="int" val="131074" />
					<sval type="int" val="7" />
				</sval>
				<sval type="array" size="5">
					<sval type="int" val="713" />
					<sval type="int" val="131074" />
					<sval type="int" val="35" />
					<sval type="int" val="131075" />
					<sval type="int" val="1" />
				</sval>
				<sval type="array" size="18">
					<sval type="int" val="1017" />
					<sval type="int" val="131074" />
					<sval type="int" val="35" />
					<sval type="string" val="plugin.zanzal.drone.sellware" />
					<sval type="int" val="4" />
					<sval type="int" val="0" />
					<sval type="int" val="4" />
					<sval type="int" val="100" />
					<sval type="int" val="131074" />
					<sval type="int" val="21" />
					<sval type="int" val="131074" />
					<sval type="int" val="23" />
					<sval type="int" val="131074" />
					<sval type="int" val="13" />
					<sval type="int" val="0" />
					<sval type="int" val="0" />
					<sval type="int" val="0" />
					<sval type="int" val="0" />
				</sval>
				<sval type="array" size="2">
					<sval type="int" val="112" />
					<sval type="int" val="140" />
				</sval>
				<sval type="array" size="5">
					<sval type="int" val="765" />
					<sval type="int" val="131074" />
					<sval type="int" val="35" />
					<sval type="int" val="131075" />
					<sval type="int" val="10" />
				</sval>
				<sval type="array" size="1">
					<sval type="int" val="1168" />
				</sval>
			</sval>
			<sval type="int" val="0" />
			<sval type="array" size="50">
				<sval type="array" size="3">
					<sval type="int" val="0" />
					<sval type="int" val="1" />
					<sval type="string" val="************************************************" />
				</sval>
				<sval type="array" size="3">
					<sval type="int" val="0" />
					<sval type="int" val="1" />
					<sval type="string" val="SCRIPT NAME: plugin.zanzal.droneminer.restock" />
				</sval>
				<sval type="array" size="3">
					<sval type="int" val="0" />
					<sval type="int" val="1" />
					<sval type="string" val="DESCRIPTION: Checks to see if homebase needs to be restocked and if it" />
				</sval>
				<sval type="array" size="3">
					<sval type="int" val="0" />
					<sval type="int" val="1" />
					<sval type="string" val="does move to homebase and unload the specified quantities." />
				</sval>
				<sval type="array" size="3">
					<sval type="int" val="0" />
					<sval type="int" val="1" />
					<sval type="string" val="" />
				</sval>
				<sval type="array" size="3">
					<sval type="int" val="0" />
					<sval type="int" val="1" />
					<sval type="string" val="AUTHOR: Zanzal          DATE: 3 January 2014" />
				</sval>
				<sval type="array" size="3">
					<sval type="int" val="0" />
					<sval type="int" val="1" />
					<sval type="string" val="************************************************" />
				</sval>
				<sval type="array" size="2">
					<sval type="int" val="1" />
					<sval type="int" val="2" />
				</sval>
				<sval type="array" size="2">
					<sval type="int" val="5" />
					<sval type="int" val="2" />
				</sval>
				<sval type="array" size="2">
					<sval type="int" val="16" />
					<sval type="int" val="2" />
				</sval>
				<sval type="array" size="2">
					<sval type="int" val="17" />
					<sval type="int" val="2" />
				</sval>
				<sval type="array" size="2">
					<sval type="int" val="20" />
					<sval type="int" val="2" />
				</sval>
				<sval type="array" size="2">
					<sval type="int" val="28" />
					<sval type="int" val="4" />
				</sval>
				<sval type="array" size="2">
					<sval type="int" val="28" />
					<sval type="int" val="2" />
				</sval>
				<sval type="array" size="2">
					<sval type="int" val="32" />
					<sval type="int" val="4" />
				</sval>
				<sval type="array" size="2">
					<sval type="int" val="32" />
					<sval type="int" val="4" />
				</sval>
				<sval type="array" size="2">
					<sval type="int" val="32" />
					<sval type="int" val="4" />
				</sval>
				<sval type="array" size="2">
					<sval type="int" val="32" />
					<sval type="int" val="2" />
				</sval>
				<sval type="array" size="2">
					<sval type="int" val="37" />
					<sval type="int" val="2" />
				</sval>
				<sval type="array" size="2">
					<sval type="int" val="50" />
					<sval type="int" val="2" />
				</sval>
				<sval type="array" size="2">
					<sval type="int" val="54" />
					<sval type="int" val="2" />
				</sval>
				<sval type="array" size="2">
					<sval type="int" val="58" />
					<sval type="int" val="4" />
				</sval>
				<sval type="array" size="2">
					<sval type="int" val="59" />
					<sval type="int" val="4" />
				</sval>
				<sval type="array" size="2">
					<sval type="int" val="60" />
					<sval type="int" val="2" />
				</sval>
				<sval type="array" size="2">
					<sval type="int" val="64" />
					<sval type="int" val="4" />
				</sval>
				<sval type="array" size="2">
					<sval type="int" val="65" />
					<sval type="int" val="2" />
				</sval>
				<sval type="array" size="2">
					<sval type="int" val="77" />
					<sval type="int" val="4" />
				</sval>
				<sval type="array" size="2">
					<sval type="int" val="78" />
					<sval type="int" val="5" />
				</sval>
				<sval type="array" size="2">
					<sval type="int" val="79" />
					<sval type="int" val="4" />
				</sval>
				<sval type="array" size="2">
					<sval type="int" val="80" />
					<sval type="int" val="2" />
				</sval>
				<sval type="array" size="2">
					<sval type="int" val="80" />
					<sval type="int" val="2" />
				</sval>
				<sval type="array" size="2">
					<sval type="int" val="93" />
					<sval type="int" val="4" />
				</sval>
				<sval type="array" size="2">
					<sval type="int" val="93" />
					<sval type="int" val="2" />
				</sval>
				<sval type="array" size="2">
					<sval type="int" val="98" />
					<sval type="int" val="7" />
				</sval>
				<sval type="array" size="2">
					<sval type="int" val="98" />
					<sval type="int" val="4" />
				</sval>
				<sval type="array" size="3">
					<sval type="int" val="100" />
					<sval type="int" val="1" />
					<sval type="string" val="Always keep a few drones in reserve " />
				</sval>
				<sval type="array" size="2">
					<sval type="int" val="102" />
					<sval type="int" val="4" />
				</sval>
				<sval type="array" size="2">
					<sval type="int" val="103" />
					<sval type="int" val="4" />
				</sval>
				<sval type="array" size="2">
					<sval type="int" val="104" />
					<sval type="int" val="2" />
				</sval>
				<sval type="array" size="2">
					<sval type="int" val="109" />
					<sval type="int" val="4" />
				</sval>
				<sval type="array" size="2">
					<sval type="int" val="109" />
					<sval type="int" val="2" />
				</sval>
				<sval type="array" size="2">
					<sval type="int" val="113" />
					<sval type="int" val="2" />
				</sval>
				<sval type="array" size="2">
					<sval type="int" val="122" />
					<sval type="int" val="4" />
				</sval>
				<sval type="array" size="2">
					<sval type="int" val="125" />
					<sval type="int" val="4" />
				</sval>
				<sval type="array" size="2">
					<sval type="int" val="130" />
					<sval type="int" val="4" />
				</sval>
				<sval type="array" size="2">
					<sval type="int" val="132" />
					<sval type="int" val="4" />
				</sval>
				<sval type="array" size="2">
					<sval type="int" val="139" />
					<sval type="int" val="5" />
				</sval>
				<sval type="array" size="2">
					<sval type="int" val="140" />
					<sval type="int" val="4" />
				</sval>
				<sval type="array" size="2">
					<sval type="int" val="140" />
					<sval type="int" val="4" />
				</sval>
				<sval type="array" size="2">
					<sval type="int" val="141" />
					<sval type="int" val="2" />
				</sval>
			</sval>
			<sval type="int" val="0" />
		</sval>
	</codearray>
</script>
