<?xml version="1.0" standalone="yes"?>
<?xml-stylesheet href="x2script.xsl" type="text/xsl"?>
<!-- Generated using X-Studio -->
<script>
	<name>plugin.zanzal.droneminer.approachstation</name>
	<version>1</version>
	<engineversion>50</engineversion>
	<description></description>
	<arguments>
		<argument index="1" name="targetstation" type="Var/Station Type" desc="" />
	</arguments>
	<sourcetext>
		<line linenr="001" indent="">
			<comment>*************************************************</comment>
		</line>
		<line linenr="002" indent="">
			<comment>* SCRIPT NAME: plugin.zanzal.droneminer.approachstation.xml</comment>
		</line>
		<line linenr="003" indent="">
			<comment>* DESCRIPTION: </comment>
		</line>
		<line linenr="004" indent="">
			<comment>* </comment>
		</line>
		<line linenr="005" indent="">
			<comment>* AUTHOR: Zanzal          DATE: 30 May 2014</comment>
		</line>
		<line linenr="006" indent="">
			<comment>*************************************************</comment>
		</line>
		<line linenr="007" indent="" />
		<line linenr="008" indent="">
			<text>if</text>
			<text> </text>
			<var>$targetstation</var>
			<text> </text>
			<text>-&gt;</text>
			<text> </text>
			<text>exists</text>
		</line>
		<line linenr="009" indent="&#160;" interruptable="@">
			<text>=</text>
			<text> </text>
			<var>[THIS]</var>
			<text>-&gt;</text>
			<text> </text>
			<text>call</text>
			<text> </text>
			<text>script</text>
			<text> </text>
			<call>plugin.zanzal.jumptosectornear</call>
			<text>:</text>
			<text> </text>
			<text>object</text>
			<text>=</text>
			<var>$targetstation</var>
		</line>
		<line linenr="010" indent="&#160;" />
		<line linenr="011" indent="&#160;">
			<var>$x</var>
			<text> </text>
			<text>=</text>
			<text> </text>
			<var>$targetstation</var>
			<text>-&gt;</text>
			<text>get</text>
			<text> </text>
			<text>x</text>
			<text> </text>
			<text>position</text>
		</line>
		<line linenr="012" indent="&#160;">
			<var>$y</var>
			<text> </text>
			<text>=</text>
			<text> </text>
			<var>$targetstation</var>
			<text>-&gt;</text>
			<text>get</text>
			<text> </text>
			<text>y</text>
			<text> </text>
			<text>position</text>
		</line>
		<line linenr="013" indent="&#160;">
			<var>$z</var>
			<text> </text>
			<text>=</text>
			<text> </text>
			<var>$targetstation</var>
			<text>-&gt;</text>
			<text>get</text>
			<text> </text>
			<text>z</text>
			<text> </text>
			<text>position</text>
		</line>
		<line linenr="014" indent="&#160;" />
		<line linenr="015" indent="&#160;">
			<text>while</text>
			<text>  </text>
			<var>$targetstation</var>
			<text> </text>
			<text>-&gt;</text>
			<text> </text>
			<text>exists</text>
		</line>
		<line linenr="016" indent="&#160;&#160;" interruptable="@">
			<var>$move.result</var>
			<text> </text>
			<text>=</text>
			<text> </text>
			<var>[THIS]</var>
			<text> </text>
			<text>-&gt;</text>
			<text> </text>
			<text>move</text>
			<text> </text>
			<text>to</text>
			<text> </text>
			<text>position</text>
			<text>:</text>
			<text> </text>
			<text>x</text>
			<text>=</text>
			<var>$x</var>
			<text> </text>
			<text>y</text>
			<text>=</text>
			<var>$y</var>
			<text> </text>
			<text>z</text>
			<text>=</text>
			<var>$z</var>
			<text> </text>
			<text>with</text>
			<text> </text>
			<text>precision</text>
			<text> </text>
			<var>8000</var>
			<text> </text>
			<text>m</text>
		</line>
		<line linenr="017" indent="&#160;&#160;">
			<text>if</text>
			<text> </text>
			<var>$move.result</var>
			<text> </text>
			<text>!=</text>
			<text> </text>
			<var>[FLRET_INTERRUPTED]</var>
		</line>
		<line linenr="018" indent="&#160;&#160;&#160;">
			<text>break</text>
		</line>
		<line linenr="019" indent="&#160;&#160;">
			<text>end</text>
		</line>
		<line linenr="020" indent="&#160;">
			<text>end</text>
		</line>
		<line linenr="021" indent="">
			<text>end</text>
		</line>
		<line linenr="022" indent="" />
		<line linenr="023" indent="">
			<text>return</text>
			<text> </text>
			<var>null</var>
		</line>
	</sourcetext>
	<codearray>
		<sval type="array" size="10">
			<sval type="string" val="plugin.zanzal.droneminer.approachstation" />
			<sval type="int" val="50" />
			<sval type="string" val="" />
			<sval type="int" val="1" />
			<sval type="int" val="0" />
			<sval type="array" size="5">
				<sval type="string" val="targetstation" />
				<sval type="string" val="x" />
				<sval type="string" val="y" />
				<sval type="string" val="z" />
				<sval type="string" val="move.result" />
			</sval>
			<sval type="array" size="11">
				<sval type="array" size="4">
					<sval type="int" val="706" />
					<sval type="int" val="131074" />
					<sval type="int" val="0" />
					<sval type="int" val="-1610610173" />
				</sval>
				<sval type="array" size="8">
					<sval type="int" val="102" />
					<sval type="string" val="plugin.zanzal.jumptosectornear" />
					<sval type="int" val="-2147483647" />
					<sval type="int" val="131075" />
					<sval type="int" val="1" />
					<sval type="int" val="1" />
					<sval type="int" val="131074" />
					<sval type="int" val="0" />
				</sval>
				<sval type="array" size="4">
					<sval type="int" val="740" />
					<sval type="int" val="131074" />
					<sval type="int" val="0" />
					<sval type="int" val="1" />
				</sval>
				<sval type="array" size="4">
					<sval type="int" val="741" />
					<sval type="int" val="131074" />
					<sval type="int" val="0" />
					<sval type="int" val="2" />
				</sval>
				<sval type="array" size="4">
					<sval type="int" val="742" />
					<sval type="int" val="131074" />
					<sval type="int" val="0" />
					<sval type="int" val="3" />
				</sval>
				<sval type="array" size="4">
					<sval type="int" val="706" />
					<sval type="int" val="131074" />
					<sval type="int" val="0" />
					<sval type="int" val="-1610610167" />
				</sval>
				<sval type="array" size="12">
					<sval type="int" val="523" />
					<sval type="int" val="131075" />
					<sval type="int" val="1" />
					<sval type="int" val="4" />
					<sval type="int" val="131074" />
					<sval type="int" val="1" />
					<sval type="int" val="131074" />
					<sval type="int" val="2" />
					<sval type="int" val="131074" />
					<sval type="int" val="3" />
					<sval type="int" val="4" />
					<sval type="int" val="8000" />
				</sval>
				<sval type="array" size="13">
					<sval type="int" val="104" />
					<sval type="int" val="-1610610429" />
					<sval type="int" val="3" />
					<sval type="int" val="131074" />
					<sval type="int" val="4" />
					<sval type="int" val="19" />
					<sval type="int" val="7" />
					<sval type="int" val="15" />
					<sval type="int" val="1" />
					<sval type="int" val="3" />
					<sval type="int" val="-1" />
					<sval type="int" val="1" />
					<sval type="int" val="-2" />
				</sval>
				<sval type="array" size="2">
					<sval type="int" val="112" />
					<sval type="int" val="10" />
				</sval>
				<sval type="array" size="2">
					<sval type="int" val="112" />
					<sval type="int" val="5" />
				</sval>
				<sval type="array" size="3">
					<sval type="int" val="103" />
					<sval type="int" val="0" />
					<sval type="int" val="0" />
				</sval>
			</sval>
			<sval type="array" size="1">
				<sval type="array" size="2">
					<sval type="int" val="17" />
					<sval type="string" val="" />
				</sval>
			</sval>
			<sval type="array" size="14">
				<sval type="array" size="3">
					<sval type="int" val="0" />
					<sval type="int" val="1" />
					<sval type="string" val="************************************************" />
				</sval>
				<sval type="array" size="3">
					<sval type="int" val="0" />
					<sval type="int" val="1" />
					<sval type="string" val="SCRIPT NAME: plugin.zanzal.droneminer.approachstation.xml" />
				</sval>
				<sval type="array" size="3">
					<sval type="int" val="0" />
					<sval type="int" val="1" />
					<sval type="string" val="DESCRIPTION: " />
				</sval>
				<sval type="array" size="3">
					<sval type="int" val="0" />
					<sval type="int" val="1" />
					<sval type="string" val="" />
				</sval>
				<sval type="array" size="3">
					<sval type="int" val="0" />
					<sval type="int" val="1" />
					<sval type="string" val="AUTHOR: Zanzal          DATE: 30 May 2014" />
				</sval>
				<sval type="array" size="3">
					<sval type="int" val="0" />
					<sval type="int" val="1" />
					<sval type="string" val="************************************************" />
				</sval>
				<sval type="array" size="2">
					<sval type="int" val="0" />
					<sval type="int" val="2" />
				</sval>
				<sval type="array" size="2">
					<sval type="int" val="2" />
					<sval type="int" val="2" />
				</sval>
				<sval type="array" size="2">
					<sval type="int" val="5" />
					<sval type="int" val="2" />
				</sval>
				<sval type="array" size="2">
					<sval type="int" val="9" />
					<sval type="int" val="7" />
				</sval>
				<sval type="array" size="2">
					<sval type="int" val="9" />
					<sval type="int" val="4" />
				</sval>
				<sval type="array" size="2">
					<sval type="int" val="10" />
					<sval type="int" val="4" />
				</sval>
				<sval type="array" size="2">
					<sval type="int" val="10" />
					<sval type="int" val="4" />
				</sval>
				<sval type="array" size="2">
					<sval type="int" val="10" />
					<sval type="int" val="2" />
				</sval>
			</sval>
			<sval type="int" val="0" />
		</sval>
	</codearray>
</script>
