<?xml version="1.0" standalone="yes"?>
<?xml-stylesheet href="x2script.xsl" type="text/xsl"?>
<!-- Generated using X-Studio -->
<script>
	<name>plugin.zanzal.waitfordrones</name>
	<version>1</version>
	<engineversion>50</engineversion>
	<description></description>
	<arguments>
		<argument index="1" name="quantity" type="Var/Number" desc="" />
	</arguments>
	<sourcetext>
		<line linenr="001" indent="">
			<comment>* ************************************************</comment>
		</line>
		<line linenr="002" indent="">
			<comment>* SCRIPT NAME: plugin.zanzal.waitfordrones</comment>
		</line>
		<line linenr="003" indent="">
			<comment>* DESCRIPTION: Waits for $quantity of freight dones to return</comment>
		</line>
		<line linenr="004" indent="">
			<comment>* or optionally if $quantity is 0 then it waits for all drones to return.</comment>
		</line>
		<line linenr="005" indent="">
			<comment>* AUTHOR: Zanzal          DATE: 28 December 2013</comment>
		</line>
		<line linenr="006" indent="">
			<comment>* ************************************************</comment>
		</line>
		<line linenr="007" indent="" />
		<line linenr="008" indent="">
			<var>$stalled.list</var>
			<text> </text>
			<text>=</text>
			<text> </text>
			<text>array</text>
			<text> </text>
			<text>alloc</text>
			<text>:</text>
			<text> </text>
			<text>size</text>
			<text>=</text>
			<var>0</var>
		</line>
		<line linenr="009" indent="">
			<var>$wait</var>
			<text> </text>
			<text>=</text>
			<text> </text>
			<var>0</var>
		</line>
		<line linenr="010" indent="">
			<text>while</text>
			<text> </text>
			<var>[TRUE]</var>
		</line>
		<line linenr="011" indent="&#160;">
			<text>if</text>
			<text> </text>
			<var>$quantity</var>
			<text> </text>
			<text>&gt;</text>
			<text> </text>
			<var>0</var>
		</line>
		<line linenr="012" indent="&#160;&#160;">
			<var>$drones</var>
			<text> </text>
			<text>=</text>
			<text> </text>
			<var>[THIS]</var>
			<text>-&gt;</text>
			<text> </text>
			<text>get</text>
			<text> </text>
			<text>amount</text>
			<text> </text>
			<text>of</text>
			<text> </text>
			<text>ware</text>
			<text> </text>
			<var>{Freight Drone}</var>
			<text> </text>
			<text>in</text>
			<text> </text>
			<text>cargo</text>
			<text> </text>
			<text>bay</text>
		</line>
		<line linenr="013" indent="&#160;&#160;">
			<text>if</text>
			<text> </text>
			<var>$drones</var>
			<text> </text>
			<text>&gt;=</text>
			<text> </text>
			<var>$quantity</var>
		</line>
		<line linenr="014" indent="&#160;&#160;&#160;">
			<text>return</text>
			<text> </text>
			<var>null</var>
		</line>
		<line linenr="015" indent="&#160;&#160;">
			<text>end</text>
		</line>
		<line linenr="016" indent="&#160;">
			<text>end</text>
		</line>
		<line linenr="017" indent="&#160;" />
		<line linenr="018" indent="&#160;">
			<comment>* TODO: Fix small but unlikely possibility of long loop here (1 hour stall)</comment>
		</line>
		<line linenr="019" indent="&#160;">
			<comment>* If cargo bay is full the drones can't be reclaimed properly since there would be no place to put them.</comment>
		</line>
		<line linenr="020" indent="&#160;">
			<comment>* Current code allows for this to be fixed eventually since the life of the drone will expire and the</comment>
		</line>
		<line linenr="021" indent="&#160;">
			<comment>* script will enforce a self-destruct to prevent an infinite loop. Good enough for version 1.1</comment>
		</line>
		<line linenr="022" indent="&#160;" />
		<line linenr="023" indent="&#160;">
			<var>$drones</var>
			<text> </text>
			<text>=</text>
			<text> </text>
			<var>[THIS]</var>
			<text>-&gt;</text>
			<text> </text>
			<text>get</text>
			<text> </text>
			<text>owned</text>
			<text> </text>
			<text>ships</text>
			<text>:</text>
			<text> </text>
			<text>class</text>
			<text>/</text>
			<text>type</text>
			<text>=</text>
			<var>[Drone]</var>
		</line>
		<line linenr="024" indent="&#160;">
			<text>if</text>
			<text> </text>
			<text>not</text>
			<text> </text>
			<text>size</text>
			<text> </text>
			<text>of</text>
			<text> </text>
			<text>array</text>
			<text> </text>
			<var>$drones</var>
		</line>
		<line linenr="025" indent="&#160;&#160;">
			<text>return</text>
			<text> </text>
			<var>null</var>
		</line>
		<line linenr="026" indent="&#160;">
			<text>end</text>
		</line>
		<line linenr="027" indent="&#160;" />
		<line linenr="028" indent="&#160;">
			<comment>* Restart the next stalled drone in the list, it is important that we stagger these so that is why the entire list is not restarted.</comment>
		</line>
		<line linenr="029" indent="&#160;">
			<var>$stalled.item</var>
			<text> </text>
			<text>=</text>
			<text> </text>
			<var>null</var>
		</line>
		<line linenr="030" indent="&#160;">
			<text>if</text>
			<text> </text>
			<text>size</text>
			<text> </text>
			<text>of</text>
			<text> </text>
			<text>array</text>
			<text> </text>
			<var>$stalled.list</var>
		</line>
		<line linenr="031" indent="&#160;&#160;">
			<text>if</text>
			<text> </text>
			<var>$wait</var>
			<text> </text>
			<text>&gt;</text>
			<text> </text>
			<var>0</var>
		</line>
		<line linenr="032" indent="&#160;&#160;&#160;">
			<text>dec</text>
			<text> </text>
			<var>$wait</var>
		</line>
		<line linenr="033" indent="&#160;&#160;&#160;">
			<comment>* Unfortunately fixing stalled drones takes time.</comment>
		</line>
		<line linenr="034" indent="&#160;&#160;&#160;">
			<comment>* We need to wait a few seconds before we reissue the order.</comment>
		</line>
		<line linenr="035" indent="&#160;&#160;">
			<text>else</text>
		</line>
		<line linenr="036" indent="&#160;&#160;&#160;">
			<var>$stalled.item</var>
			<text> </text>
			<text>=</text>
			<text> </text>
			<var>$stalled.list</var>
			<text>[</text>
			<var>0</var>
			<text>]</text>
		</line>
		<line linenr="037" indent="&#160;&#160;&#160;">
			<text>remove</text>
			<text> </text>
			<text>element</text>
			<text> </text>
			<text>from</text>
			<text> </text>
			<text>array</text>
			<text> </text>
			<var>$stalled.list</var>
			<text> </text>
			<text>at</text>
			<text> </text>
			<text>index</text>
			<text> </text>
			<var>0</var>
		</line>
		<line linenr="038" indent="&#160;&#160;&#160;">
			<text>if</text>
			<text> </text>
			<var>$stalled.item</var>
			<text>-&gt;</text>
			<text> </text>
			<text>exists</text>
		</line>
		<line linenr="039" indent="&#160;&#160;&#160;&#160;">
			<var>$sp</var>
			<text> </text>
			<text>=</text>
			<text> </text>
			<var>$stalled.item</var>
			<text>-&gt;</text>
			<text> </text>
			<text>get</text>
			<text> </text>
			<text>current</text>
			<text> </text>
			<text>speed</text>
		</line>
		<line linenr="040" indent="&#160;&#160;&#160;&#160;">
			<text>if</text>
			<text> </text>
			<var>$sp</var>
			<text> </text>
			<text>==</text>
			<text> </text>
			<var>0</var>
		</line>
		<line linenr="041" indent="&#160;&#160;&#160;&#160;&#160;">
			<var>$stalled.item</var>
			<text>-&gt;</text>
			<text> </text>
			<text>begin</text>
			<text> </text>
			<text>task</text>
			<text> </text>
			<var>0</var>
			<text> </text>
			<text>with</text>
			<text> </text>
			<text>script</text>
			<text> </text>
			<call>plugin.zanzal.drone.recall</call>
			<text> </text>
			<text>and</text>
			<text> </text>
			<text>priority</text>
			<text> </text>
			<var>100</var>
			<text>:</text>
			<text> </text>
			<text>arg1</text>
			<text>=</text>
			<var>null</var>
			<text> </text>
			<text>arg2</text>
			<text>=</text>
			<var>null</var>
			<text> </text>
			<text>arg3</text>
			<text>=</text>
			<var>null</var>
			<text> </text>
			<text>arg4</text>
			<text>=</text>
			<var>null</var>
			<text> </text>
			<text>arg5</text>
			<text>=</text>
			<var>null</var>
		</line>
		<line linenr="042" indent="&#160;&#160;&#160;&#160;">
			<text>end</text>
		</line>
		<line linenr="043" indent="&#160;&#160;&#160;">
			<text>end</text>
		</line>
		<line linenr="044" indent="&#160;&#160;">
			<text>end</text>
		</line>
		<line linenr="045" indent="&#160;">
			<text>end</text>
		</line>
		<line linenr="046" indent="&#160;" />
		<line linenr="047" indent="&#160;">
			<comment>* Check for stalled freight drones, must be stopped for about 15 seconds before we recall.</comment>
		</line>
		<line linenr="048" indent="&#160;">
			<var>$XS.Iterator1</var>
			<text> </text>
			<text>=</text>
			<text> </text>
			<text>size</text>
			<text> </text>
			<text>of</text>
			<text> </text>
			<text>array</text>
			<text> </text>
			<var>$drones</var>
		</line>
		<line linenr="049" indent="&#160;&#160;">
			<text>while</text>
			<text> </text>
			<var>$XS.Iterator1</var>
		</line>
		<line linenr="050" indent="&#160;&#160;&#160;">
			<text>dec</text>
			<text> </text>
			<var>$XS.Iterator1</var>
		</line>
		<line linenr="051" indent="&#160;&#160;&#160;">
			<var>$drone</var>
			<text> </text>
			<text>=</text>
			<text> </text>
			<var>$drones</var>
			<text>[</text>
			<var>$XS.Iterator1</var>
			<text>]</text>
		</line>
		<line linenr="052" indent="&#160;&#160;&#160;&#160;">
			<text>if</text>
			<text> </text>
			<var>$drone</var>
			<text>-&gt;</text>
			<text> </text>
			<text>is</text>
			<text> </text>
			<text>of</text>
			<text> </text>
			<text>class</text>
			<text> </text>
			<var>[Freight Drone]</var>
		</line>
		<line linenr="053" indent="&#160;&#160;&#160;&#160;">
			<var>$life</var>
			<text> </text>
			<text>=</text>
			<text> </text>
			<var>$drone</var>
			<text> </text>
			<text>-&gt;</text>
			<text> </text>
			<text>get</text>
			<text> </text>
			<text>flight</text>
			<text> </text>
			<text>time</text>
		</line>
		<line linenr="054" indent="&#160;&#160;&#160;&#160;">
			<text>if</text>
			<text> </text>
			<var>$life</var>
			<text> </text>
			<text>&gt;</text>
			<text> </text>
			<var>3600000</var>
			<text> </text>
		</line>
		<line linenr="055" indent="&#160;&#160;&#160;&#160;">
			<comment>* 1 hour life - Out of energy</comment>
		</line>
		<line linenr="056" indent="&#160;&#160;&#160;&#160;">
			<var>$wares.list</var>
			<text> </text>
			<text>=</text>
			<text> </text>
			<var>$drone</var>
			<text> </text>
			<text>-&gt;</text>
			<text> </text>
			<text>get</text>
			<text> </text>
			<text>tradeable</text>
			<text> </text>
			<text>ware</text>
			<text> </text>
			<text>array</text>
			<text> </text>
			<text>from</text>
			<text> </text>
			<text>ship</text>
		</line>
		<line linenr="057" indent="&#160;&#160;&#160;&#160;">
			<var>$x</var>
			<text> </text>
			<text>=</text>
			<text> </text>
			<var>$drone</var>
			<text> </text>
			<text>-&gt;</text>
			<text> </text>
			<text>get</text>
			<text> </text>
			<text>x</text>
			<text> </text>
			<text>position</text>
		</line>
		<line linenr="058" indent="&#160;&#160;&#160;&#160;">
			<var>$y</var>
			<text> </text>
			<text>=</text>
			<text> </text>
			<var>$drone</var>
			<text> </text>
			<text>-&gt;</text>
			<text> </text>
			<text>get</text>
			<text> </text>
			<text>y</text>
			<text> </text>
			<text>position</text>
		</line>
		<line linenr="059" indent="&#160;&#160;&#160;&#160;&#160;">
			<var>$z</var>
			<text> </text>
			<text>=</text>
			<text> </text>
			<var>$drone</var>
			<text> </text>
			<text>-&gt;</text>
			<text> </text>
			<text>get</text>
			<text> </text>
			<text>z</text>
			<text> </text>
			<text>position</text>
		</line>
		<line linenr="060" indent="&#160;&#160;&#160;&#160;&#160;" />
		<line linenr="061" indent="&#160;&#160;&#160;&#160;&#160;">
			<var>$XS.Iterator2</var>
			<text> </text>
			<text>=</text>
			<text> </text>
			<text>size</text>
			<text> </text>
			<text>of</text>
			<text> </text>
			<text>array</text>
			<text> </text>
			<var>$wares.list</var>
		</line>
		<line linenr="062" indent="&#160;&#160;&#160;&#160;&#160;">
			<text>while</text>
			<text> </text>
			<var>$XS.Iterator2</var>
		</line>
		<line linenr="063" indent="&#160;&#160;&#160;&#160;">
			<text>dec</text>
			<text> </text>
			<var>$XS.Iterator2</var>
		</line>
		<line linenr="064" indent="&#160;&#160;&#160;&#160;">
			<var>$ware</var>
			<text> </text>
			<text>=</text>
			<text> </text>
			<var>$wares.list</var>
			<text>[</text>
			<var>$XS.Iterator2</var>
			<text>]</text>
		</line>
		<line linenr="065" indent="&#160;&#160;&#160;&#160;">
			<var>$amt</var>
			<text> </text>
			<text>=</text>
			<text> </text>
			<var>$drone</var>
			<text> </text>
			<text>-&gt;</text>
			<text> </text>
			<text>get</text>
			<text> </text>
			<text>amount</text>
			<text> </text>
			<text>of</text>
			<text> </text>
			<text>ware</text>
			<text> </text>
			<var>$ware</var>
			<text> </text>
			<text>in</text>
			<text> </text>
			<text>cargo</text>
			<text> </text>
			<text>bay</text>
		</line>
		<line linenr="066" indent="&#160;&#160;&#160;">
			<var>$st</var>
			<text> </text>
			<text>=</text>
			<text> </text>
			<text>get</text>
			<text> </text>
			<text>subtype</text>
			<text> </text>
			<text>of</text>
			<text> </text>
			<text>ware</text>
			<text> </text>
			<var>$ware</var>
		</line>
		<line linenr="067" indent="&#160;&#160;&#160;&#160;">
			<var>$mt</var>
			<text> </text>
			<text>=</text>
			<text> </text>
			<text>get</text>
			<text> </text>
			<text>maintype</text>
			<text> </text>
			<text>of</text>
			<text> </text>
			<text>ware</text>
			<text> </text>
			<var>$ware</var>
		</line>
		<line linenr="068" indent="&#160;&#160;&#160;&#160;">
			<text>=</text>
			<text>create</text>
			<text> </text>
			<text>flying</text>
			<text> </text>
			<text>ware</text>
			<text>:</text>
			<text> </text>
			<text>maintype</text>
			<text>=</text>
			<var>$mt</var>
			<text> </text>
			<text>subtype</text>
			<text>=</text>
			<var>$st</var>
			<text> </text>
			<text>count</text>
			<text>=</text>
			<var>$amt</var>
			<text> </text>
			<text>sector</text>
			<text>=</text>
			<var>[SECTOR]</var>
			<text> </text>
			<text>x</text>
			<text>=</text>
			<var>$y</var>
			<text> </text>
			<text>y</text>
			<text>=</text>
			<var>$y</var>
			<text> </text>
			<text>z</text>
			<text>=</text>
			<var>$z</var>
			<text> </text>
			<text>selfdestruct</text>
			<text>=</text>
			<var>[FALSE]</var>
		</line>
		<line linenr="069" indent="&#160;&#160;&#160;&#160;&#160;">
			<text>end</text>
		</line>
		<line linenr="070" indent="&#160;&#160;&#160;&#160;" />
		<line linenr="071" indent="&#160;&#160;&#160;&#160;">
			<var>$drone</var>
			<text> </text>
			<text>-&gt;</text>
			<text> </text>
			<text>destruct</text>
			<text>:</text>
			<text> </text>
			<text>show</text>
			<text> </text>
			<text>no</text>
			<text> </text>
			<text>explosion</text>
			<text>=</text>
			<var>[TRUE]</var>
		</line>
		<line linenr="072" indent="&#160;&#160;&#160;&#160;">
			<text>else</text>
			<text> </text>
		</line>
		<line linenr="073" indent="&#160;&#160;&#160;&#160;">
			<var>$max.stalls</var>
			<text> </text>
			<text>=</text>
			<text> </text>
			<var>20</var>
		</line>
		<line linenr="074" indent="&#160;&#160;&#160;&#160;">
			<text>if</text>
			<text> </text>
			<var>$drone</var>
			<text> </text>
			<text>-&gt;</text>
			<text> </text>
			<text>is</text>
			<text> </text>
			<text>docked</text>
		</line>
		<line linenr="075" indent="&#160;&#160;&#160;&#160;&#160;">
			<var>$max.stalls</var>
			<text> </text>
			<text>=</text>
			<text> </text>
			<var>60</var>
		</line>
		<line linenr="076" indent="&#160;&#160;&#160;&#160;&#160;&#160;">
			<text>end</text>
		</line>
		<line linenr="077" indent="&#160;&#160;&#160;&#160;&#160;&#160;&#160;">
			<var>$speed</var>
			<text> </text>
			<text>=</text>
			<text> </text>
			<var>$drone</var>
			<text>-&gt;</text>
			<text> </text>
			<text>get</text>
			<text> </text>
			<text>current</text>
			<text> </text>
			<text>speed</text>
		</line>
		<line linenr="078" indent="&#160;&#160;&#160;&#160;&#160;&#160;">
			<var>$stalls</var>
			<text> </text>
			<text>=</text>
			<text> </text>
			<var>$drone</var>
			<text>-&gt;</text>
			<text> </text>
			<text>get</text>
			<text> </text>
			<text>local</text>
			<text> </text>
			<text>variable</text>
			<text>:</text>
			<text> </text>
			<text>name</text>
			<text>=</text>
			<text>'zanzal.drone.stall.count'</text>
		</line>
		<line linenr="079" indent="&#160;&#160;&#160;&#160;&#160;&#160;&#160;">
			<var>$new.stalls</var>
			<text> </text>
			<text>=</text>
			<text> </text>
			<var>$stalls</var>
		</line>
		<line linenr="080" indent="&#160;&#160;&#160;&#160;&#160;&#160;&#160;">
			<text>if</text>
			<text> </text>
			<var>$speed</var>
			<text> </text>
			<text>==</text>
			<text> </text>
			<var>0</var>
			<text> </text>
			<text>AND</text>
			<text> </text>
			<var>$drone</var>
			<text> </text>
			<text>!=</text>
			<text> </text>
			<var>$stalled.item</var>
		</line>
		<line linenr="081" indent="&#160;&#160;&#160;&#160;&#160;&#160;&#160;">
			<text>if</text>
			<text> </text>
			<text>not</text>
			<text> </text>
			<text>find</text>
			<text> </text>
			<var>$drone</var>
			<text> </text>
			<text>in</text>
			<text> </text>
			<text>array</text>
			<text>:</text>
			<text> </text>
			<var>$stalled.list</var>
		</line>
		<line linenr="082" indent="&#160;&#160;&#160;&#160;&#160;&#160;&#160;">
			<text>if</text>
			<text> </text>
			<var>$stalls</var>
			<text> </text>
			<text>==</text>
			<text> </text>
			<var>null</var>
		</line>
		<line linenr="083" indent="&#160;&#160;&#160;&#160;&#160;&#160;&#160;&#160;">
			<var>$new.stalls</var>
			<text> </text>
			<text>=</text>
			<text> </text>
			<var>1</var>
		</line>
		<line linenr="084" indent="&#160;&#160;&#160;&#160;&#160;&#160;&#160;&#160;">
			<text>else</text>
			<text> </text>
			<text>if</text>
			<text> </text>
			<var>$stalls</var>
			<text> </text>
			<text>&gt;</text>
			<text> </text>
			<var>$max.stalls</var>
		</line>
		<line linenr="085" indent="&#160;&#160;&#160;&#160;&#160;&#160;&#160;">
			<var>$drone</var>
			<text>-&gt;</text>
			<text> </text>
			<text>begin</text>
			<text> </text>
			<text>task</text>
			<text> </text>
			<var>0</var>
			<text> </text>
			<text>with</text>
			<text> </text>
			<text>script</text>
			<text> </text>
			<call>plugin.zanzal.drone.followhomebase</call>
			<text> </text>
			<text>and</text>
			<text> </text>
			<text>priority</text>
			<text> </text>
			<var>100</var>
			<text>:</text>
			<text> </text>
			<text>arg1</text>
			<text>=</text>
			<var>[THIS]</var>
			<text> </text>
			<text>arg2</text>
			<text>=</text>
			<var>null</var>
			<text> </text>
			<text>arg3</text>
			<text>=</text>
			<var>null</var>
			<text> </text>
			<text>arg4</text>
			<text>=</text>
			<var>null</var>
			<text> </text>
			<text>arg5</text>
			<text>=</text>
			<var>null</var>
		</line>
		<line linenr="086" indent="&#160;&#160;&#160;&#160;&#160;&#160;&#160;">
			<var>$stalled.list.count</var>
			<text> </text>
			<text>=</text>
			<text> </text>
			<text>size</text>
			<text> </text>
			<text>of</text>
			<text> </text>
			<text>array</text>
			<text> </text>
			<var>$stalled.list</var>
		</line>
		<line linenr="087" indent="&#160;&#160;&#160;&#160;&#160;&#160;&#160;">
			<comment>* We dont want the drone to immediately start back.</comment>
		</line>
		<line linenr="088" indent="&#160;&#160;&#160;&#160;&#160;&#160;">
			<text>while</text>
			<text> </text>
			<var>$stalled.list.count</var>
			<text> </text>
			<text>&lt;</text>
			<text> </text>
			<var>5</var>
		</line>
		<line linenr="089" indent="&#160;&#160;&#160;&#160;&#160;&#160;&#160;">
			<text>append</text>
			<text> </text>
			<var>null</var>
			<text> </text>
			<text>to</text>
			<text> </text>
			<text>array</text>
			<text> </text>
			<var>$stalled.list</var>
		</line>
		<line linenr="090" indent="&#160;&#160;&#160;&#160;&#160;&#160;">
			<text>inc</text>
			<text> </text>
			<var>$stalled.list.count</var>
		</line>
		<line linenr="091" indent="&#160;&#160;&#160;&#160;&#160;">
			<text>end</text>
		</line>
		<line linenr="092" indent="&#160;&#160;&#160;&#160;">
			<text>append</text>
			<text> </text>
			<var>$drone</var>
			<text> </text>
			<text>to</text>
			<text> </text>
			<text>array</text>
			<text> </text>
			<var>$stalled.list</var>
		</line>
		<line linenr="093" indent="&#160;&#160;&#160;&#160;&#160;">
			<var>$new.stalls</var>
			<text> </text>
			<text>=</text>
			<text> </text>
			<var>0</var>
		</line>
		<line linenr="094" indent="&#160;&#160;&#160;&#160;">
			<text>else</text>
		</line>
		<line linenr="095" indent="&#160;&#160;&#160;&#160;">
			<text>inc</text>
			<text> </text>
			<var>$new.stalls</var>
		</line>
		<line linenr="096" indent="&#160;&#160;&#160;&#160;&#160;">
			<text>end</text>
		</line>
		<line linenr="097" indent="&#160;&#160;&#160;">
			<text>end</text>
		</line>
		<line linenr="098" indent="&#160;&#160;">
			<text>else</text>
		</line>
		<line linenr="099" indent="&#160;&#160;&#160;">
			<var>$new.stalls</var>
			<text> </text>
			<text>=</text>
			<text> </text>
			<var>0</var>
		</line>
		<line linenr="100" indent="&#160;&#160;&#160;">
			<text>end</text>
		</line>
		<line linenr="101" indent="&#160;&#160;&#160;&#160;">
			<text>skip</text>
			<text> </text>
			<text>if</text>
			<text> </text>
			<var>$stalls</var>
			<text> </text>
			<text>==</text>
			<text> </text>
			<var>$new.stalls</var>
		</line>
		<line linenr="102" indent="&#160;&#160;&#160;&#160;">
			<var>$drone</var>
			<text>-&gt;</text>
			<text> </text>
			<text>set</text>
			<text> </text>
			<text>local</text>
			<text> </text>
			<text>variable</text>
			<text>:</text>
			<text> </text>
			<text>name</text>
			<text>=</text>
			<text>'zanzal.drone.stall.count'</text>
			<text> </text>
			<text>value</text>
			<text>=</text>
			<var>$new.stalls</var>
		</line>
		<line linenr="103" indent="&#160;&#160;&#160;">
			<text>end</text>
		</line>
		<line linenr="104" indent="&#160;&#160;">
			<text>else</text>
		</line>
		<line linenr="105" indent="&#160;">
			<var>$life</var>
			<text> </text>
			<text>=</text>
			<text> </text>
			<var>$drone</var>
			<text> </text>
			<text>-&gt;</text>
			<text> </text>
			<text>get</text>
			<text> </text>
			<text>flight</text>
			<text> </text>
			<text>time</text>
		</line>
		<line linenr="106" indent="&#160;">
			<text>if</text>
			<text> </text>
			<var>$life</var>
			<text> </text>
			<text>&gt;</text>
			<text> </text>
			<var>900000</var>
		</line>
		<line linenr="107" indent="&#160;">
			<comment>* 15 minutes life - Out of energy</comment>
		</line>
		<line linenr="108" indent="">
			<var>$drone</var>
			<text> </text>
			<text>-&gt;</text>
			<text> </text>
			<text>destruct</text>
			<text>:</text>
			<text> </text>
			<text>show</text>
			<text> </text>
			<text>no</text>
			<text> </text>
			<text>explosion</text>
			<text>=</text>
			<var>[TRUE]</var>
		</line>
		<line linenr="109" indent="">
			<text>end</text>
		</line>
		<line linenr="110" indent="">
			<text>end</text>
		</line>
		<line linenr="111" indent="">
			<text>end</text>
		</line>
		<line linenr="112" indent="" />
		<line linenr="113" indent="" interruptable="@">
			<text>=</text>
			<text> </text>
			<var>[THIS]</var>
			<text>-&gt;</text>
			<text> </text>
			<text>call</text>
			<text> </text>
			<text>script</text>
			<text> </text>
			<call>plugin.zanzal.defensivewait</call>
			<text> </text>
			<text>:</text>
			<text> </text>
			<text>from</text>
			<text>=</text>
			<var>900</var>
			<text> </text>
			<text>to</text>
			<text>=</text>
			<var>1100</var>
		</line>
		<line linenr="114" indent="">
			<text>end</text>
		</line>
		<line linenr="115" indent="" />
		<line linenr="116" indent="">
			<text>return</text>
			<text> </text>
			<var>null</var>
		</line>
	</sourcetext>
	<codearray>
		<sval type="array" size="10">
			<sval type="string" val="plugin.zanzal.waitfordrones" />
			<sval type="int" val="50" />
			<sval type="string" val="" />
			<sval type="int" val="1" />
			<sval type="int" val="0" />
			<sval type="array" size="23">
				<sval type="string" val="quantity" />
				<sval type="string" val="stalled.list" />
				<sval type="string" val="wait" />
				<sval type="string" val="drones" />
				<sval type="string" val="stalled.item" />
				<sval type="string" val="sp" />
				<sval type="string" val="drone" />
				<sval type="string" val="XS.Iterator1" />
				<sval type="string" val="life" />
				<sval type="string" val="wares.list" />
				<sval type="string" val="x" />
				<sval type="string" val="y" />
				<sval type="string" val="z" />
				<sval type="string" val="ware" />
				<sval type="string" val="XS.Iterator2" />
				<sval type="string" val="amt" />
				<sval type="string" val="st" />
				<sval type="string" val="mt" />
				<sval type="string" val="max.stalls" />
				<sval type="string" val="speed" />
				<sval type="string" val="stalls" />
				<sval type="string" val="new.stalls" />
				<sval type="string" val="stalled.list.count" />
			</sval>
			<sval type="array" size="77">
				<sval type="array" size="4">
					<sval type="int" val="128" />
					<sval type="int" val="1" />
					<sval type="int" val="4" />
					<sval type="int" val="0" />
				</sval>
				<sval type="array" size="7">
					<sval type="int" val="104" />
					<sval type="int" val="2" />
					<sval type="int" val="1" />
					<sval type="int" val="4" />
					<sval type="int" val="0" />
					<sval type="int" val="1" />
					<sval type="int" val="-1" />
				</sval>
				<sval type="array" size="7">
					<sval type="int" val="104" />
					<sval type="int" val="-1610593271" />
					<sval type="int" val="1" />
					<sval type="int" val="131075" />
					<sval type="int" val="10" />
					<sval type="int" val="1" />
					<sval type="int" val="-1" />
				</sval>
				<sval type="array" size="13">
					<sval type="int" val="104" />
					<sval type="int" val="-1610610941" />
					<sval type="int" val="3" />
					<sval type="int" val="131074" />
					<sval type="int" val="0" />
					<sval type="int" val="4" />
					<sval type="int" val="0" />
					<sval type="int" val="15" />
					<sval type="int" val="2" />
					<sval type="int" val="3" />
					<sval type="int" val="-1" />
					<sval type="int" val="2" />
					<sval type="int" val="-2" />
				</sval>
				<sval type="array" size="6">
					<sval type="int" val="618" />
					<sval type="int" val="131075" />
					<sval type="int" val="1" />
					<sval type="int" val="3" />
					<sval type="int" val="9" />
					<sval type="int" val="1048656" />
				</sval>
				<sval type="array" size="13">
					<sval type="int" val="104" />
					<sval type="int" val="-1610610941" />
					<sval type="int" val="3" />
					<sval type="int" val="131074" />
					<sval type="int" val="3" />
					<sval type="int" val="131074" />
					<sval type="int" val="0" />
					<sval type="int" val="15" />
					<sval type="int" val="4" />
					<sval type="int" val="3" />
					<sval type="int" val="-1" />
					<sval type="int" val="4" />
					<sval type="int" val="-2" />
				</sval>
				<sval type="array" size="3">
					<sval type="int" val="103" />
					<sval type="int" val="0" />
					<sval type="int" val="0" />
				</sval>
				<sval type="array" size="6">
					<sval type="int" val="1067" />
					<sval type="int" val="131075" />
					<sval type="int" val="1" />
					<sval type="int" val="3" />
					<sval type="int" val="12" />
					<sval type="int" val="2061" />
				</sval>
				<sval type="array" size="4">
					<sval type="int" val="131" />
					<sval type="int" val="-536868348" />
					<sval type="int" val="131074" />
					<sval type="int" val="3" />
				</sval>
				<sval type="array" size="3">
					<sval type="int" val="103" />
					<sval type="int" val="0" />
					<sval type="int" val="0" />
				</sval>
				<sval type="array" size="7">
					<sval type="int" val="104" />
					<sval type="int" val="4" />
					<sval type="int" val="1" />
					<sval type="int" val="0" />
					<sval type="int" val="0" />
					<sval type="int" val="1" />
					<sval type="int" val="-1" />
				</sval>
				<sval type="array" size="4">
					<sval type="int" val="131" />
					<sval type="int" val="-1610607357" />
					<sval type="int" val="131074" />
					<sval type="int" val="1" />
				</sval>
				<sval type="array" size="13">
					<sval type="int" val="104" />
					<sval type="int" val="-1610608893" />
					<sval type="int" val="3" />
					<sval type="int" val="131074" />
					<sval type="int" val="2" />
					<sval type="int" val="4" />
					<sval type="int" val="0" />
					<sval type="int" val="15" />
					<sval type="int" val="2" />
					<sval type="int" val="3" />
					<sval type="int" val="-1" />
					<sval type="int" val="2" />
					<sval type="int" val="-2" />
				</sval>
				<sval type="array" size="2">
					<sval type="int" val="143" />
					<sval type="int" val="2" />
				</sval>
				<sval type="array" size="2">
					<sval type="int" val="112" />
					<sval type="int" val="21" />
				</sval>
				<sval type="array" size="6">
					<sval type="int" val="129" />
					<sval type="int" val="4" />
					<sval type="int" val="131074" />
					<sval type="int" val="1" />
					<sval type="int" val="4" />
					<sval type="int" val="0" />
				</sval>
				<sval type="array" size="5">
					<sval type="int" val="136" />
					<sval type="int" val="131074" />
					<sval type="int" val="1" />
					<sval type="int" val="4" />
					<sval type="int" val="0" />
				</sval>
				<sval type="array" size="4">
					<sval type="int" val="706" />
					<sval type="int" val="131074" />
					<sval type="int" val="4" />
					<sval type="int" val="-1610607357" />
				</sval>
				<sval type="array" size="4">
					<sval type="int" val="1131" />
					<sval type="int" val="131074" />
					<sval type="int" val="4" />
					<sval type="int" val="5" />
				</sval>
				<sval type="array" size="13">
					<sval type="int" val="104" />
					<sval type="int" val="-1610607357" />
					<sval type="int" val="3" />
					<sval type="int" val="131074" />
					<sval type="int" val="5" />
					<sval type="int" val="4" />
					<sval type="int" val="0" />
					<sval type="int" val="15" />
					<sval type="int" val="0" />
					<sval type="int" val="3" />
					<sval type="int" val="-1" />
					<sval type="int" val="0" />
					<sval type="int" val="-2" />
				</sval>
				<sval type="array" size="18">
					<sval type="int" val="1017" />
					<sval type="int" val="131074" />
					<sval type="int" val="4" />
					<sval type="string" val="plugin.zanzal.drone.recall" />
					<sval type="int" val="4" />
					<sval type="int" val="0" />
					<sval type="int" val="4" />
					<sval type="int" val="100" />
					<sval type="int" val="0" />
					<sval type="int" val="0" />
					<sval type="int" val="0" />
					<sval type="int" val="0" />
					<sval type="int" val="0" />
					<sval type="int" val="0" />
					<sval type="int" val="0" />
					<sval type="int" val="0" />
					<sval type="int" val="0" />
					<sval type="int" val="0" />
				</sval>
				<sval type="array" size="4">
					<sval type="int" val="131" />
					<sval type="int" val="7" />
					<sval type="int" val="131074" />
					<sval type="int" val="3" />
				</sval>
				<sval type="array" size="7">
					<sval type="int" val="104" />
					<sval type="int" val="-1610593783" />
					<sval type="int" val="1" />
					<sval type="int" val="131074" />
					<sval type="int" val="7" />
					<sval type="int" val="1" />
					<sval type="int" val="-1" />
				</sval>
				<sval type="array" size="2">
					<sval type="int" val="143" />
					<sval type="int" val="7" />
				</sval>
				<sval type="array" size="6">
					<sval type="int" val="129" />
					<sval type="int" val="6" />
					<sval type="int" val="131074" />
					<sval type="int" val="3" />
					<sval type="int" val="131074" />
					<sval type="int" val="7" />
				</sval>
				<sval type="array" size="6">
					<sval type="int" val="705" />
					<sval type="int" val="131074" />
					<sval type="int" val="6" />
					<sval type="int" val="-1610594813" />
					<sval type="int" val="12" />
					<sval type="int" val="2092" />
				</sval>
				<sval type="array" size="4">
					<sval type="int" val="1182" />
					<sval type="int" val="131074" />
					<sval type="int" val="6" />
					<sval type="int" val="8" />
				</sval>
				<sval type="array" size="13">
					<sval type="int" val="104" />
					<sval type="int" val="-1610601725" />
					<sval type="int" val="3" />
					<sval type="int" val="131074" />
					<sval type="int" val="8" />
					<sval type="int" val="4" />
					<sval type="int" val="3600000" />
					<sval type="int" val="15" />
					<sval type="int" val="2" />
					<sval type="int" val="3" />
					<sval type="int" val="-1" />
					<sval type="int" val="2" />
					<sval type="int" val="-2" />
				</sval>
				<sval type="array" size="4">
					<sval type="int" val="1071" />
					<sval type="int" val="131074" />
					<sval type="int" val="6" />
					<sval type="int" val="9" />
				</sval>
				<sval type="array" size="4">
					<sval type="int" val="740" />
					<sval type="int" val="131074" />
					<sval type="int" val="6" />
					<sval type="int" val="10" />
				</sval>
				<sval type="array" size="4">
					<sval type="int" val="741" />
					<sval type="int" val="131074" />
					<sval type="int" val="6" />
					<sval type="int" val="11" />
				</sval>
				<sval type="array" size="4">
					<sval type="int" val="742" />
					<sval type="int" val="131074" />
					<sval type="int" val="6" />
					<sval type="int" val="12" />
				</sval>
				<sval type="array" size="4">
					<sval type="int" val="131" />
					<sval type="int" val="14" />
					<sval type="int" val="131074" />
					<sval type="int" val="9" />
				</sval>
				<sval type="array" size="7">
					<sval type="int" val="104" />
					<sval type="int" val="-1610602231" />
					<sval type="int" val="1" />
					<sval type="int" val="131074" />
					<sval type="int" val="14" />
					<sval type="int" val="1" />
					<sval type="int" val="-1" />
				</sval>
				<sval type="array" size="2">
					<sval type="int" val="143" />
					<sval type="int" val="14" />
				</sval>
				<sval type="array" size="6">
					<sval type="int" val="129" />
					<sval type="int" val="13" />
					<sval type="int" val="131074" />
					<sval type="int" val="9" />
					<sval type="int" val="131074" />
					<sval type="int" val="14" />
				</sval>
				<sval type="array" size="6">
					<sval type="int" val="618" />
					<sval type="int" val="131074" />
					<sval type="int" val="6" />
					<sval type="int" val="15" />
					<sval type="int" val="131074" />
					<sval type="int" val="13" />
				</sval>
				<sval type="array" size="4">
					<sval type="int" val="656" />
					<sval type="int" val="16" />
					<sval type="int" val="131074" />
					<sval type="int" val="13" />
				</sval>
				<sval type="array" size="4">
					<sval type="int" val="655" />
					<sval type="int" val="17" />
					<sval type="int" val="131074" />
					<sval type="int" val="13" />
				</sval>
				<sval type="array" size="18">
					<sval type="int" val="776" />
					<sval type="int" val="-2147483647" />
					<sval type="int" val="131074" />
					<sval type="int" val="17" />
					<sval type="int" val="131074" />
					<sval type="int" val="16" />
					<sval type="int" val="131074" />
					<sval type="int" val="15" />
					<sval type="int" val="131075" />
					<sval type="int" val="6" />
					<sval type="int" val="131074" />
					<sval type="int" val="11" />
					<sval type="int" val="131074" />
					<sval type="int" val="11" />
					<sval type="int" val="131074" />
					<sval type="int" val="12" />
					<sval type="int" val="131075" />
					<sval type="int" val="9" />
				</sval>
				<sval type="array" size="2">
					<sval type="int" val="112" />
					<sval type="int" val="33" />
				</sval>
				<sval type="array" size="5">
					<sval type="int" val="765" />
					<sval type="int" val="131074" />
					<sval type="int" val="6" />
					<sval type="int" val="131075" />
					<sval type="int" val="10" />
				</sval>
				<sval type="array" size="2">
					<sval type="int" val="112" />
					<sval type="int" val="69" />
				</sval>
				<sval type="array" size="7">
					<sval type="int" val="104" />
					<sval type="int" val="18" />
					<sval type="int" val="1" />
					<sval type="int" val="4" />
					<sval type="int" val="20" />
					<sval type="int" val="1" />
					<sval type="int" val="-1" />
				</sval>
				<sval type="array" size="4">
					<sval type="int" val="745" />
					<sval type="int" val="131074" />
					<sval type="int" val="6" />
					<sval type="int" val="-1610600957" />
				</sval>
				<sval type="array" size="7">
					<sval type="int" val="104" />
					<sval type="int" val="18" />
					<sval type="int" val="1" />
					<sval type="int" val="4" />
					<sval type="int" val="60" />
					<sval type="int" val="1" />
					<sval type="int" val="-1" />
				</sval>
				<sval type="array" size="4">
					<sval type="int" val="1131" />
					<sval type="int" val="131074" />
					<sval type="int" val="6" />
					<sval type="int" val="19" />
				</sval>
				<sval type="array" size="6">
					<sval type="int" val="156" />
					<sval type="int" val="131074" />
					<sval type="int" val="6" />
					<sval type="int" val="5" />
					<sval type="string" val="zanzal.drone.stall.count" />
					<sval type="int" val="20" />
				</sval>
				<sval type="array" size="7">
					<sval type="int" val="104" />
					<sval type="int" val="21" />
					<sval type="int" val="1" />
					<sval type="int" val="131074" />
					<sval type="int" val="20" />
					<sval type="int" val="1" />
					<sval type="int" val="-1" />
				</sval>
				<sval type="array" size="25">
					<sval type="int" val="104" />
					<sval type="int" val="-1610595837" />
					<sval type="int" val="7" />
					<sval type="int" val="131074" />
					<sval type="int" val="19" />
					<sval type="int" val="4" />
					<sval type="int" val="0" />
					<sval type="int" val="15" />
					<sval type="int" val="0" />
					<sval type="int" val="131074" />
					<sval type="int" val="6" />
					<sval type="int" val="131074" />
					<sval type="int" val="4" />
					<sval type="int" val="15" />
					<sval type="int" val="1" />
					<sval type="int" val="15" />
					<sval type="int" val="9" />
					<sval type="int" val="7" />
					<sval type="int" val="-1" />
					<sval type="int" val="0" />
					<sval type="int" val="-2" />
					<sval type="int" val="9" />
					<sval type="int" val="-4" />
					<sval type="int" val="1" />
					<sval type="int" val="-5" />
				</sval>
				<sval type="array" size="6">
					<sval type="int" val="1406" />
					<sval type="int" val="-536854268" />
					<sval type="int" val="131074" />
					<sval type="int" val="6" />
					<sval type="int" val="131074" />
					<sval type="int" val="1" />
				</sval>
				<sval type="array" size="13">
					<sval type="int" val="104" />
					<sval type="int" val="-1610598909" />
					<sval type="int" val="3" />
					<sval type="int" val="131074" />
					<sval type="int" val="20" />
					<sval type="int" val="0" />
					<sval type="int" val="0" />
					<sval type="int" val="15" />
					<sval type="int" val="0" />
					<sval type="int" val="3" />
					<sval type="int" val="-1" />
					<sval type="int" val="0" />
					<sval type="int" val="-2" />
				</sval>
				<sval type="array" size="7">
					<sval type="int" val="104" />
					<sval type="int" val="21" />
					<sval type="int" val="1" />
					<sval type="int" val="4" />
					<sval type="int" val="1" />
					<sval type="int" val="1" />
					<sval type="int" val="-1" />
				</sval>
				<sval type="array" size="2">
					<sval type="int" val="112" />
					<sval type="int" val="65" />
				</sval>
				<sval type="array" size="13">
					<sval type="int" val="104" />
					<sval type="int" val="-1610596347" />
					<sval type="int" val="3" />
					<sval type="int" val="131074" />
					<sval type="int" val="20" />
					<sval type="int" val="131074" />
					<sval type="int" val="18" />
					<sval type="int" val="15" />
					<sval type="int" val="2" />
					<sval type="int" val="3" />
					<sval type="int" val="-1" />
					<sval type="int" val="2" />
					<sval type="int" val="-2" />
				</sval>
				<sval type="array" size="18">
					<sval type="int" val="1017" />
					<sval type="int" val="131074" />
					<sval type="int" val="6" />
					<sval type="string" val="plugin.zanzal.drone.followhomebase" />
					<sval type="int" val="4" />
					<sval type="int" val="0" />
					<sval type="int" val="4" />
					<sval type="int" val="100" />
					<sval type="int" val="131075" />
					<sval type="int" val="1" />
					<sval type="int" val="0" />
					<sval type="int" val="0" />
					<sval type="int" val="0" />
					<sval type="int" val="0" />
					<sval type="int" val="0" />
					<sval type="int" val="0" />
					<sval type="int" val="0" />
					<sval type="int" val="0" />
				</sval>
				<sval type="array" size="4">
					<sval type="int" val="131" />
					<sval type="int" val="22" />
					<sval type="int" val="131074" />
					<sval type="int" val="1" />
				</sval>
				<sval type="array" size="13">
					<sval type="int" val="104" />
					<sval type="int" val="-1610597111" />
					<sval type="int" val="3" />
					<sval type="int" val="131074" />
					<sval type="int" val="22" />
					<sval type="int" val="4" />
					<sval type="int" val="5" />
					<sval type="int" val="15" />
					<sval type="int" val="3" />
					<sval type="int" val="3" />
					<sval type="int" val="-1" />
					<sval type="int" val="3" />
					<sval type="int" val="-2" />
				</sval>
				<sval type="array" size="5">
					<sval type="int" val="135" />
					<sval type="int" val="131074" />
					<sval type="int" val="1" />
					<sval type="int" val="0" />
					<sval type="int" val="0" />
				</sval>
				<sval type="array" size="2">
					<sval type="int" val="142" />
					<sval type="int" val="22" />
				</sval>
				<sval type="array" size="2">
					<sval type="int" val="112" />
					<sval type="int" val="57" />
				</sval>
				<sval type="array" size="5">
					<sval type="int" val="135" />
					<sval type="int" val="131074" />
					<sval type="int" val="1" />
					<sval type="int" val="131074" />
					<sval type="int" val="6" />
				</sval>
				<sval type="array" size="7">
					<sval type="int" val="104" />
					<sval type="int" val="21" />
					<sval type="int" val="1" />
					<sval type="int" val="4" />
					<sval type="int" val="0" />
					<sval type="int" val="1" />
					<sval type="int" val="-1" />
				</sval>
				<sval type="array" size="2">
					<sval type="int" val="112" />
					<sval type="int" val="65" />
				</sval>
				<sval type="array" size="2">
					<sval type="int" val="142" />
					<sval type="int" val="21" />
				</sval>
				<sval type="array" size="2">
					<sval type="int" val="112" />
					<sval type="int" val="67" />
				</sval>
				<sval type="array" size="7">
					<sval type="int" val="104" />
					<sval type="int" val="21" />
					<sval type="int" val="1" />
					<sval type="int" val="4" />
					<sval type="int" val="0" />
					<sval type="int" val="1" />
					<sval type="int" val="-1" />
				</sval>
				<sval type="array" size="13">
					<sval type="int" val="104" />
					<sval type="int" val="-536853241" />
					<sval type="int" val="3" />
					<sval type="int" val="131074" />
					<sval type="int" val="20" />
					<sval type="int" val="131074" />
					<sval type="int" val="21" />
					<sval type="int" val="15" />
					<sval type="int" val="0" />
					<sval type="int" val="3" />
					<sval type="int" val="-1" />
					<sval type="int" val="0" />
					<sval type="int" val="-2" />
				</sval>
				<sval type="array" size="7">
					<sval type="int" val="155" />
					<sval type="int" val="131074" />
					<sval type="int" val="6" />
					<sval type="int" val="5" />
					<sval type="string" val="zanzal.drone.stall.count" />
					<sval type="int" val="131074" />
					<sval type="int" val="21" />
				</sval>
				<sval type="array" size="2">
					<sval type="int" val="112" />
					<sval type="int" val="73" />
				</sval>
				<sval type="array" size="4">
					<sval type="int" val="1182" />
					<sval type="int" val="131074" />
					<sval type="int" val="6" />
					<sval type="int" val="8" />
				</sval>
				<sval type="array" size="13">
					<sval type="int" val="104" />
					<sval type="int" val="-1610594045" />
					<sval type="int" val="3" />
					<sval type="int" val="131074" />
					<sval type="int" val="8" />
					<sval type="int" val="4" />
					<sval type="int" val="900000" />
					<sval type="int" val="15" />
					<sval type="int" val="2" />
					<sval type="int" val="3" />
					<sval type="int" val="-1" />
					<sval type="int" val="2" />
					<sval type="int" val="-2" />
				</sval>
				<sval type="array" size="5">
					<sval type="int" val="765" />
					<sval type="int" val="131074" />
					<sval type="int" val="6" />
					<sval type="int" val="131075" />
					<sval type="int" val="10" />
				</sval>
				<sval type="array" size="2">
					<sval type="int" val="112" />
					<sval type="int" val="22" />
				</sval>
				<sval type="array" size="10">
					<sval type="int" val="102" />
					<sval type="string" val="plugin.zanzal.defensivewait" />
					<sval type="int" val="-2147483647" />
					<sval type="int" val="131075" />
					<sval type="int" val="1" />
					<sval type="int" val="2" />
					<sval type="int" val="4" />
					<sval type="int" val="900" />
					<sval type="int" val="4" />
					<sval type="int" val="1100" />
				</sval>
				<sval type="array" size="2">
					<sval type="int" val="112" />
					<sval type="int" val="2" />
				</sval>
				<sval type="array" size="3">
					<sval type="int" val="103" />
					<sval type="int" val="0" />
					<sval type="int" val="0" />
				</sval>
			</sval>
			<sval type="array" size="1">
				<sval type="array" size="2">
					<sval type="int" val="10" />
					<sval type="string" val="" />
				</sval>
			</sval>
			<sval type="array" size="49">
				<sval type="array" size="3">
					<sval type="int" val="0" />
					<sval type="int" val="1" />
					<sval type="string" val="************************************************" />
				</sval>
				<sval type="array" size="3">
					<sval type="int" val="0" />
					<sval type="int" val="1" />
					<sval type="string" val="SCRIPT NAME: plugin.zanzal.waitfordrones" />
				</sval>
				<sval type="array" size="3">
					<sval type="int" val="0" />
					<sval type="int" val="1" />
					<sval type="string" val="DESCRIPTION: Waits for $quantity of freight dones to return" />
				</sval>
				<sval type="array" size="3">
					<sval type="int" val="0" />
					<sval type="int" val="1" />
					<sval type="string" val="or optionally if $quantity is 0 then it waits for all drones to return." />
				</sval>
				<sval type="array" size="3">
					<sval type="int" val="0" />
					<sval type="int" val="1" />
					<sval type="string" val="AUTHOR: Zanzal          DATE: 28 December 2013" />
				</sval>
				<sval type="array" size="3">
					<sval type="int" val="0" />
					<sval type="int" val="1" />
					<sval type="string" val="************************************************" />
				</sval>
				<sval type="array" size="2">
					<sval type="int" val="0" />
					<sval type="int" val="2" />
				</sval>
				<sval type="array" size="2">
					<sval type="int" val="7" />
					<sval type="int" val="4" />
				</sval>
				<sval type="array" size="2">
					<sval type="int" val="7" />
					<sval type="int" val="4" />
				</sval>
				<sval type="array" size="2">
					<sval type="int" val="7" />
					<sval type="int" val="2" />
				</sval>
				<sval type="array" size="3">
					<sval type="int" val="7" />
					<sval type="int" val="1" />
					<sval type="string" val="TODO: Fix small but unlikely possibility of long loop here (1 hour stall)" />
				</sval>
				<sval type="array" size="3">
					<sval type="int" val="7" />
					<sval type="int" val="1" />
					<sval type="string" val="If cargo bay is full the drones can't be reclaimed properly since there would be no place to put them." />
				</sval>
				<sval type="array" size="3">
					<sval type="int" val="7" />
					<sval type="int" val="1" />
					<sval type="string" val="Current code allows for this to be fixed eventually since the life of the drone will expire and the" />
				</sval>
				<sval type="array" size="3">
					<sval type="int" val="7" />
					<sval type="int" val="1" />
					<sval type="string" val="script will enforce a self-destruct to prevent an infinite loop. Good enough for version 1.1" />
				</sval>
				<sval type="array" size="2">
					<sval type="int" val="7" />
					<sval type="int" val="2" />
				</sval>
				<sval type="array" size="2">
					<sval type="int" val="10" />
					<sval type="int" val="4" />
				</sval>
				<sval type="array" size="2">
					<sval type="int" val="10" />
					<sval type="int" val="2" />
				</sval>
				<sval type="array" size="3">
					<sval type="int" val="10" />
					<sval type="int" val="1" />
					<sval type="string" val="Restart the next stalled drone in the list, it is important that we stagger these so that is why the entire list is not restarted." />
				</sval>
				<sval type="array" size="3">
					<sval type="int" val="14" />
					<sval type="int" val="1" />
					<sval type="string" val="Unfortunately fixing stalled drones takes time." />
				</sval>
				<sval type="array" size="3">
					<sval type="int" val="14" />
					<sval type="int" val="1" />
					<sval type="string" val="We need to wait a few seconds before we reissue the order." />
				</sval>
				<sval type="array" size="2">
					<sval type="int" val="15" />
					<sval type="int" val="5" />
				</sval>
				<sval type="array" size="2">
					<sval type="int" val="21" />
					<sval type="int" val="4" />
				</sval>
				<sval type="array" size="2">
					<sval type="int" val="21" />
					<sval type="int" val="4" />
				</sval>
				<sval type="array" size="2">
					<sval type="int" val="21" />
					<sval type="int" val="4" />
				</sval>
				<sval type="array" size="2">
					<sval type="int" val="21" />
					<sval type="int" val="4" />
				</sval>
				<sval type="array" size="2">
					<sval type="int" val="21" />
					<sval type="int" val="2" />
				</sval>
				<sval type="array" size="3">
					<sval type="int" val="21" />
					<sval type="int" val="1" />
					<sval type="string" val="Check for stalled freight drones, must be stopped for about 15 seconds before we recall." />
				</sval>
				<sval type="array" size="3">
					<sval type="int" val="28" />
					<sval type="int" val="1" />
					<sval type="string" val="1 hour life - Out of energy" />
				</sval>
				<sval type="array" size="2">
					<sval type="int" val="32" />
					<sval type="int" val="2" />
				</sval>
				<sval type="array" size="2">
					<sval type="int" val="41" />
					<sval type="int" val="4" />
				</sval>
				<sval type="array" size="2">
					<sval type="int" val="41" />
					<sval type="int" val="2" />
				</sval>
				<sval type="array" size="2">
					<sval type="int" val="43" />
					<sval type="int" val="5" />
				</sval>
				<sval type="array" size="2">
					<sval type="int" val="46" />
					<sval type="int" val="4" />
				</sval>
				<sval type="array" size="3">
					<sval type="int" val="57" />
					<sval type="int" val="1" />
					<sval type="string" val="We dont want the drone to immediately start back." />
				</sval>
				<sval type="array" size="2">
					<sval type="int" val="61" />
					<sval type="int" val="4" />
				</sval>
				<sval type="array" size="2">
					<sval type="int" val="64" />
					<sval type="int" val="5" />
				</sval>
				<sval type="array" size="2">
					<sval type="int" val="65" />
					<sval type="int" val="4" />
				</sval>
				<sval type="array" size="2">
					<sval type="int" val="65" />
					<sval type="int" val="4" />
				</sval>
				<sval type="array" size="2">
					<sval type="int" val="66" />
					<sval type="int" val="5" />
				</sval>
				<sval type="array" size="2">
					<sval type="int" val="67" />
					<sval type="int" val="4" />
				</sval>
				<sval type="array" size="2">
					<sval type="int" val="69" />
					<sval type="int" val="4" />
				</sval>
				<sval type="array" size="2">
					<sval type="int" val="70" />
					<sval type="int" val="5" />
				</sval>
				<sval type="array" size="3">
					<sval type="int" val="72" />
					<sval type="int" val="1" />
					<sval type="string" val="15 minutes life - Out of energy" />
				</sval>
				<sval type="array" size="2">
					<sval type="int" val="73" />
					<sval type="int" val="4" />
				</sval>
				<sval type="array" size="2">
					<sval type="int" val="73" />
					<sval type="int" val="4" />
				</sval>
				<sval type="array" size="2">
					<sval type="int" val="74" />
					<sval type="int" val="4" />
				</sval>
				<sval type="array" size="2">
					<sval type="int" val="74" />
					<sval type="int" val="2" />
				</sval>
				<sval type="array" size="2">
					<sval type="int" val="76" />
					<sval type="int" val="4" />
				</sval>
				<sval type="array" size="2">
					<sval type="int" val="76" />
					<sval type="int" val="2" />
				</sval>
			</sval>
			<sval type="int" val="0" />
		</sval>
	</codearray>
</script>
