<?xml version="1.0" standalone="yes"?>
<?xml-stylesheet href="x2script.xsl" type="text/xsl"?>
<!-- Generated using X-Studio -->
<script>
	<name>plugin.zanzal.droneminer.unloadwithdrones</name>
	<version>2</version>
	<engineversion>50</engineversion>
	<description></description>
	<arguments />
	<sourcetext>
		<line linenr="001" indent="">
			<comment>* ************************************************</comment>
		</line>
		<line linenr="002" indent="">
			<comment>* SCRIPT NAME: plugin.zanzal.droneminer.unloadwithdrones</comment>
		</line>
		<line linenr="003" indent="">
			<comment>* DESCRIPTION: Return to homebase and unload</comment>
		</line>
		<line linenr="004" indent="">
			<comment>* </comment>
		</line>
		<line linenr="005" indent="">
			<comment>* AUTHOR: Zanzal           DATE: 30 May 2014</comment>
		</line>
		<line linenr="006" indent="">
			<comment>* ************************************************</comment>
		</line>
		<line linenr="007" indent="">
			<var>$pageid</var>
			<text> </text>
			<text>=</text>
			<text> </text>
			<var>8101</var>
		</line>
		<line linenr="008" indent="">
			<var>$exit.result</var>
			<text> </text>
			<text>=</text>
			<text> </text>
			<text>'success'</text>
		</line>
		<line linenr="009" indent="">
			<var>$ware.list</var>
			<text> </text>
			<text>=</text>
			<text> </text>
			<var>[THIS]</var>
			<text>-&gt;</text>
			<text> </text>
			<text>get</text>
			<text> </text>
			<text>tradeable</text>
			<text> </text>
			<text>ware</text>
			<text> </text>
			<text>array</text>
			<text> </text>
			<text>from</text>
			<text> </text>
			<text>ship</text>
		</line>
		<line linenr="010" indent="">
			<var>$failed</var>
			<text> </text>
			<text>=</text>
			<text> </text>
			<var>0</var>
		</line>
		<line linenr="011" indent="" />
		<line linenr="012" indent="">
			<var>$trading.drone.name</var>
			<text> </text>
			<text>=</text>
			<text> </text>
			<text>read</text>
			<text> </text>
			<text>text</text>
			<text>:</text>
			<text> </text>
			<text>page</text>
			<text>=</text>
			<var>$pageid</var>
			<text> </text>
			<text>id</text>
			<text>=</text>
			<var>51</var>
		</line>
		<line linenr="013" indent="" interruptable="@">
			<text>=</text>
			<text> </text>
			<var>[THIS]</var>
			<text>-&gt;</text>
			<text> </text>
			<text>call</text>
			<text> </text>
			<text>script</text>
			<text> </text>
			<call>plugin.zanzal.droneminer.approachstation</call>
			<text> </text>
			<text>:</text>
			<text> </text>
			<text>targetstation</text>
			<text>=</text>
			<var>[HOMEBASE]</var>
		</line>
		<line linenr="014" indent="">
			<var>$station</var>
			<text> </text>
			<text>=</text>
			<text> </text>
			<var>[HOMEBASE]</var>
		</line>
		<line linenr="015" indent="" />
		<line linenr="016" indent="" />
		<line linenr="017" indent="">
			<var>$excluded.list</var>
			<text> </text>
			<text>=</text>
			<text> </text>
			<var>[THIS]</var>
			<text>-&gt;</text>
			<text> </text>
			<text>get</text>
			<text> </text>
			<text>compatible</text>
			<text> </text>
			<text>missile</text>
			<text> </text>
			<text>array</text>
			<text> </text>
			<text>from</text>
			<text> </text>
			<text>cargobay</text>
		</line>
		<line linenr="018" indent="">
			<text>append</text>
			<text> </text>
			<var>{Mosquito Missile}</var>
			<text> </text>
			<text>to</text>
			<text> </text>
			<text>array</text>
			<text> </text>
			<var>$excluded.list</var>
		</line>
		<line linenr="019" indent="">
			<text>append</text>
			<text> </text>
			<var>{Freight Drone}</var>
			<text> </text>
			<text>to</text>
			<text> </text>
			<text>array</text>
			<text> </text>
			<var>$excluded.list</var>
		</line>
		<line linenr="020" indent="">
			<text>append</text>
			<text> </text>
			<var>{Fighter Drone}</var>
			<text> </text>
			<text>to</text>
			<text> </text>
			<text>array</text>
			<text> </text>
			<var>$excluded.list</var>
		</line>
		<line linenr="021" indent="">
			<text>append</text>
			<text> </text>
			<var>{Keris}</var>
			<text> </text>
			<text>to</text>
			<text> </text>
			<text>array</text>
			<text> </text>
			<var>$excluded.list</var>
		</line>
		<line linenr="022" indent="">
			<text>append</text>
			<text> </text>
			<var>{Fighter Drone MKII}</var>
			<text> </text>
			<text>to</text>
			<text> </text>
			<text>array</text>
			<text> </text>
			<var>$excluded.list</var>
		</line>
		<line linenr="023" indent="">
			<text>append</text>
			<text> </text>
			<var>{Energy Cells}</var>
			<text> </text>
			<text>to</text>
			<text> </text>
			<text>array</text>
			<text> </text>
			<var>$excluded.list</var>
		</line>
		<line linenr="024" indent="">
			<text>append</text>
			<text> </text>
			<var>{200 MJ Shield}</var>
			<text> </text>
			<text>to</text>
			<text> </text>
			<text>array</text>
			<text> </text>
			<var>$excluded.list</var>
		</line>
		<line linenr="025" indent="">
			<text>append</text>
			<text> </text>
			<var>{1 GJ Shield}</var>
			<text> </text>
			<text>to</text>
			<text> </text>
			<text>array</text>
			<text> </text>
			<var>$excluded.list</var>
		</line>
		<line linenr="026" indent="">
			<text>append</text>
			<text> </text>
			<var>{2 GJ Shield}</var>
			<text> </text>
			<text>to</text>
			<text> </text>
			<text>array</text>
			<text> </text>
			<var>$excluded.list</var>
		</line>
		<line linenr="027" indent="" />
		<line linenr="028" indent="">
			<var>$turret.count</var>
			<text> </text>
			<text>=</text>
			<text> </text>
			<var>[THIS]</var>
			<text>-&gt;</text>
			<text> </text>
			<text>get</text>
			<text> </text>
			<text>number</text>
			<text> </text>
			<text>of</text>
			<text> </text>
			<text>turrets</text>
		</line>
		<line linenr="029" indent="">
			<var>$turret</var>
			<text> </text>
			<text>=</text>
			<text> </text>
			<var>0</var>
		</line>
		<line linenr="030" indent="">
			<text>while</text>
			<text> </text>
			<var>$turret</var>
			<text> </text>
			<text>&lt;</text>
			<text> </text>
			<var>$turret.count</var>
		</line>
		<line linenr="031" indent="&#160;">
			<var>$gun.list</var>
			<text> </text>
			<text>=</text>
			<text> </text>
			<var>[THIS]</var>
			<text>-&gt;</text>
			<text> </text>
			<text>get</text>
			<text> </text>
			<text>compatible</text>
			<text> </text>
			<text>laser</text>
			<text> </text>
			<text>array</text>
			<text>:</text>
			<text> </text>
			<text>turret</text>
			<text>=</text>
			<var>$turret</var>
		</line>
		<line linenr="032" indent="&#160;">
			<var>$XS.Iterator1</var>
			<text> </text>
			<text>=</text>
			<text> </text>
			<text>size</text>
			<text> </text>
			<text>of</text>
			<text> </text>
			<text>array</text>
			<text> </text>
			<var>$gun.list</var>
		</line>
		<line linenr="033" indent="&#160;&#160;">
			<text>while</text>
			<text> </text>
			<var>$XS.Iterator1</var>
		</line>
		<line linenr="034" indent="&#160;&#160;&#160;">
			<text>dec</text>
			<text> </text>
			<var>$XS.Iterator1</var>
		</line>
		<line linenr="035" indent="&#160;">
			<var>$gun.item</var>
			<text> </text>
			<text>=</text>
			<text> </text>
			<var>$gun.list</var>
			<text>[</text>
			<var>$XS.Iterator1</var>
			<text>]</text>
		</line>
		<line linenr="036" indent="&#160;">
			<text>skip</text>
			<text> </text>
			<text>if</text>
			<text> </text>
			<text>find</text>
			<text> </text>
			<var>$gun.item</var>
			<text> </text>
			<text>in</text>
			<text> </text>
			<text>array</text>
			<text>:</text>
			<text> </text>
			<var>$excluded.list</var>
		</line>
		<line linenr="037" indent="">
			<text>append</text>
			<text> </text>
			<var>$gun.item</var>
			<text> </text>
			<text>to</text>
			<text> </text>
			<text>array</text>
			<text> </text>
			<var>$excluded.list</var>
		</line>
		<line linenr="038" indent="">
			<text>end</text>
		</line>
		<line linenr="039" indent="">
			<text>inc</text>
			<text> </text>
			<var>$turret</var>
		</line>
		<line linenr="040" indent="&#160;">
			<text>end</text>
		</line>
		<line linenr="041" indent="&#160;&#160;" />
		<line linenr="042" indent="&#160;&#160;">
			<var>$XS.Iterator2</var>
			<text> </text>
			<text>=</text>
			<text> </text>
			<text>size</text>
			<text> </text>
			<text>of</text>
			<text> </text>
			<text>array</text>
			<text> </text>
			<var>$ware.list</var>
		</line>
		<line linenr="043" indent="&#160;&#160;">
			<text>while</text>
			<text> </text>
			<var>$XS.Iterator2</var>
		</line>
		<line linenr="044" indent="&#160;&#160;">
			<text>dec</text>
			<text> </text>
			<var>$XS.Iterator2</var>
		</line>
		<line linenr="045" indent="&#160;&#160;&#160;">
			<var>$ware.item</var>
			<text> </text>
			<text>=</text>
			<text> </text>
			<var>$ware.list</var>
			<text>[</text>
			<var>$XS.Iterator2</var>
			<text>]</text>
		</line>
		<line linenr="046" indent="&#160;&#160;&#160;">
			<text>if</text>
			<text> </text>
			<text>not</text>
			<text> </text>
			<text>find</text>
			<text> </text>
			<var>$ware.item</var>
			<text> </text>
			<text>in</text>
			<text> </text>
			<text>array</text>
			<text>:</text>
			<text> </text>
			<var>$excluded.list</var>
		</line>
		<line linenr="047" indent="&#160;&#160;&#160;">
			<var>$ware.count</var>
			<text> </text>
			<text>=</text>
			<text> </text>
			<var>[THIS]</var>
			<text>-&gt;</text>
			<text> </text>
			<text>get</text>
			<text> </text>
			<text>amount</text>
			<text> </text>
			<text>of</text>
			<text> </text>
			<text>ware</text>
			<text> </text>
			<var>$ware.item</var>
			<text> </text>
			<text>in</text>
			<text> </text>
			<text>cargo</text>
			<text> </text>
			<text>bay</text>
		</line>
		<line linenr="048" indent="&#160;&#160;&#160;&#160;">
			<var>$ware.volume</var>
			<text> </text>
			<text>=</text>
			<text> </text>
			<var>[THIS]</var>
			<text>-&gt;</text>
			<text> </text>
			<text>get</text>
			<text> </text>
			<text>volume</text>
			<text> </text>
			<text>of</text>
			<text> </text>
			<text>ware</text>
			<text> </text>
			<var>$ware.item</var>
			<text> </text>
			<text>in</text>
			<text> </text>
			<text>cargo</text>
			<text> </text>
			<text>bay</text>
		</line>
		<line linenr="049" indent="&#160;&#160;&#160;">
			<var>$can.buy</var>
			<text> </text>
			<text>=</text>
			<text> </text>
			<var>$station</var>
			<text>-&gt;</text>
			<text> </text>
			<text>get</text>
			<text> </text>
			<text>free</text>
			<text> </text>
			<text>amount</text>
			<text> </text>
			<text>of</text>
			<text> </text>
			<text>ware</text>
			<text> </text>
			<var>$ware.item</var>
			<text> </text>
			<text>in</text>
			<text> </text>
			<text>cargo</text>
			<text> </text>
			<text>bay</text>
		</line>
		<line linenr="050" indent="&#160;&#160;&#160;">
			<text>while</text>
			<text> </text>
			<var>$ware.count</var>
			<text> </text>
			<text>&gt;</text>
			<text> </text>
			<var>0</var>
			<text> </text>
			<text>AND</text>
			<text> </text>
			<var>$can.buy</var>
			<text> </text>
			<text>&gt;</text>
			<text> </text>
			<var>0</var>
		</line>
		<line linenr="051" indent="&#160;&#160;&#160;">
			<var>$loaded</var>
			<text> </text>
			<text>=</text>
			<text> </text>
			<var>0</var>
		</line>
		<line linenr="052" indent="&#160;&#160;&#160;">
			<text>gosub</text>
			<text> </text>
			<var>send_freighter</var>
			<text>:</text>
		</line>
		<line linenr="053" indent="&#160;&#160;&#160;">
			<text>if</text>
			<text> </text>
			<var>$loaded</var>
			<text> </text>
			<text>==</text>
			<text> </text>
			<var>0</var>
		</line>
		<line linenr="054" indent="&#160;&#160;">
			<text>break</text>
		</line>
		<line linenr="055" indent="&#160;">
			<text>end</text>
		</line>
		<line linenr="056" indent="">
			<var>$can.buy</var>
			<text> </text>
			<text>=</text>
			<text> </text>
			<var>$can.buy</var>
			<text> </text>
			<text>-</text>
			<text> </text>
			<var>$loaded</var>
		</line>
		<line linenr="057" indent="">
			<var>$ware.count</var>
			<text> </text>
			<text>=</text>
			<text> </text>
			<var>[THIS]</var>
			<text>-&gt;</text>
			<text> </text>
			<text>get</text>
			<text> </text>
			<text>amount</text>
			<text> </text>
			<text>of</text>
			<text> </text>
			<text>ware</text>
			<text> </text>
			<var>$ware.item</var>
			<text> </text>
			<text>in</text>
			<text> </text>
			<text>cargo</text>
			<text> </text>
			<text>bay</text>
		</line>
		<line linenr="058" indent="">
			<comment>* Always keep a few drones in reserve </comment>
		</line>
		<line linenr="059" indent="" interruptable="@">
			<text>=</text>
			<text> </text>
			<var>[THIS]</var>
			<text>-&gt;</text>
			<text> </text>
			<text>call</text>
			<text> </text>
			<text>script</text>
			<text> </text>
			<call>plugin.zanzal.waitfordrones</call>
			<text> </text>
			<text>:</text>
			<text> </text>
			<text>quantity</text>
			<text>=</text>
			<var>5</var>
		</line>
		<line linenr="060" indent="">
			<text>end</text>
		</line>
		<line linenr="061" indent="">
			<text>end</text>
		</line>
		<line linenr="062" indent="&#160;">
			<text>end</text>
		</line>
		<line linenr="063" indent="" />
		<line linenr="064" indent="" interruptable="@">
			<text>=</text>
			<text> </text>
			<var>[THIS]</var>
			<text>-&gt;</text>
			<text> </text>
			<text>call</text>
			<text> </text>
			<text>script</text>
			<text> </text>
			<call>plugin.zanzal.waitfordrones</call>
			<text> </text>
			<text>:</text>
			<text> </text>
			<text>quantity</text>
			<text>=</text>
			<var>0</var>
		</line>
		<line linenr="065" indent="" />
		<line linenr="066" indent="">
			<var>$size</var>
			<text> </text>
			<text>=</text>
			<text> </text>
			<var>[THIS]</var>
			<text>-&gt;</text>
			<text> </text>
			<text>get</text>
			<text> </text>
			<text>cargo</text>
			<text> </text>
			<text>bay</text>
			<text> </text>
			<text>size</text>
		</line>
		<line linenr="067" indent="">
			<text>if</text>
			<text> </text>
			<text>(</text>
			<text>(</text>
			<var>$failed</var>
			<text> </text>
			<text>*</text>
			<text> </text>
			<var>100</var>
			<text>)</text>
			<text> </text>
			<text>/</text>
			<text> </text>
			<var>$size</var>
			<text>)</text>
			<text> </text>
			<text>&gt;=</text>
			<text> </text>
			<var>50</var>
		</line>
		<line linenr="068" indent="">
			<text>return</text>
			<text> </text>
			<text>'I failed to unload most of my cargo.'</text>
		</line>
		<line linenr="069" indent="&#160;">
			<text>end</text>
		</line>
		<line linenr="070" indent="&#160;" />
		<line linenr="071" indent="&#160;&#160;">
			<var>exit</var>
			<text>:</text>
		</line>
		<line linenr="072" indent="&#160;&#160;">
			<text>return</text>
			<text> </text>
			<var>$exit.result</var>
		</line>
		<line linenr="073" indent="&#160;" />
		<line linenr="074" indent="&#160;">
			<var>send_freighter</var>
			<text>:</text>
		</line>
		<line linenr="075" indent="&#160;">
			<var>$drones</var>
			<text> </text>
			<text>=</text>
			<text> </text>
			<var>[THIS]</var>
			<text>-&gt;</text>
			<text> </text>
			<text>get</text>
			<text> </text>
			<text>amount</text>
			<text> </text>
			<text>of</text>
			<text> </text>
			<text>ware</text>
			<text> </text>
			<var>{Freight Drone}</var>
			<text> </text>
			<text>in</text>
			<text> </text>
			<text>cargo</text>
			<text> </text>
			<text>bay</text>
		</line>
		<line linenr="076" indent="&#160;">
			<text>if</text>
			<text> </text>
			<var>$drones</var>
			<text> </text>
			<text>==</text>
			<text> </text>
			<var>0</var>
		</line>
		<line linenr="077" indent="&#160;">
			<var>$exit.result</var>
			<text> </text>
			<text>=</text>
			<text> </text>
			<text>'Could not deploy freight drone. None in cargo hold.'</text>
		</line>
		<line linenr="078" indent="&#160;">
			<text>goto</text>
			<text> </text>
			<text>label</text>
			<text> </text>
			<var>exit</var>
			<text>:</text>
		</line>
		<line linenr="079" indent="&#160;">
			<text>end</text>
		</line>
		<line linenr="080" indent="&#160;" />
		<line linenr="081" indent="&#160;">
			<var>$ship.owner</var>
			<text> </text>
			<text>=</text>
			<text> </text>
			<var>[THIS]</var>
			<text>-&gt;</text>
			<text> </text>
			<text>get</text>
			<text> </text>
			<text>owner</text>
			<text> </text>
			<text>race</text>
		</line>
		<line linenr="082" indent="&#160;">
			<var>$ship.x</var>
			<text> </text>
			<text>=</text>
			<text> </text>
			<var>[THIS]</var>
			<text>-&gt;</text>
			<text> </text>
			<text>get</text>
			<text> </text>
			<text>x</text>
			<text> </text>
			<text>position</text>
		</line>
		<line linenr="083" indent="&#160;">
			<var>$ship.y</var>
			<text> </text>
			<text>=</text>
			<text> </text>
			<var>[THIS]</var>
			<text>-&gt;</text>
			<text> </text>
			<text>get</text>
			<text> </text>
			<text>y</text>
			<text> </text>
			<text>position</text>
		</line>
		<line linenr="084" indent="&#160;&#160;">
			<var>$ship.z</var>
			<text> </text>
			<text>=</text>
			<text> </text>
			<var>[THIS]</var>
			<text>-&gt;</text>
			<text> </text>
			<text>get</text>
			<text> </text>
			<text>z</text>
			<text> </text>
			<text>position</text>
		</line>
		<line linenr="085" indent="&#160;&#160;" />
		<line linenr="086" indent="&#160;&#160;&#160;">
			<var>$trading.drone</var>
			<text> </text>
			<text>=</text>
			<text> </text>
			<text>create</text>
			<text> </text>
			<text>ship</text>
			<text>:</text>
			<text> </text>
			<text>type</text>
			<text>=</text>
			<var>{Argon Freight Drone}</var>
			<text> </text>
			<text>owner</text>
			<text>=</text>
			<var>$ship.owner</var>
			<text> </text>
			<text>addto</text>
			<text>=</text>
			<var>[THIS]</var>
			<text> </text>
			<text>x</text>
			<text>=</text>
			<var>$ship.x</var>
			<text> </text>
			<text>y</text>
			<text>=</text>
			<var>$ship.y</var>
			<text> </text>
			<text>z</text>
			<text>=</text>
			<var>$ship.z</var>
		</line>
		<line linenr="087" indent="&#160;&#160;&#160;">
			<var>$tries</var>
			<text> </text>
			<text>=</text>
			<text> </text>
			<var>0</var>
		</line>
		<line linenr="088" indent="&#160;&#160;&#160;">
			<var>$loaded</var>
			<text> </text>
			<text>=</text>
			<text> </text>
			<var>0</var>
		</line>
		<line linenr="089" indent="&#160;&#160;">
			<text>while</text>
			<text> </text>
			<text>not</text>
			<text> </text>
			<var>$trading.drone</var>
			<text>-&gt;</text>
			<text> </text>
			<text>exists</text>
		</line>
		<line linenr="090" indent="&#160;&#160;">
			<text>inc</text>
			<text> </text>
			<var>$tries</var>
		</line>
		<line linenr="091" indent="&#160;&#160;">
			<text>if</text>
			<text> </text>
			<var>$tries</var>
			<text> </text>
			<text>&gt;</text>
			<text> </text>
			<var>10</var>
		</line>
		<line linenr="092" indent="&#160;" interruptable="@">
			<text>=</text>
			<text> </text>
			<var>[THIS]</var>
			<text>-&gt;</text>
			<text> </text>
			<text>call</text>
			<text> </text>
			<text>script</text>
			<text> </text>
			<call>plugin.zanzal.waitfordrones</call>
			<text> </text>
			<text>:</text>
			<text> </text>
			<text>quantity</text>
			<text>=</text>
			<var>0</var>
		</line>
		<line linenr="093" indent="&#160;">
			<var>$exit.result</var>
			<text> </text>
			<text>=</text>
			<text> </text>
			<text>'Could not deploy freight drone. Docking bays full?'</text>
		</line>
		<line linenr="094" indent="&#160;&#160;">
			<text>goto</text>
			<text> </text>
			<text>label</text>
			<text> </text>
			<var>exit</var>
			<text>:</text>
		</line>
		<line linenr="095" indent="&#160;&#160;">
			<text>end</text>
		</line>
		<line linenr="096" indent="&#160;&#160;" interruptable="@">
			<text>=</text>
			<text> </text>
			<var>[THIS]</var>
			<text>-&gt;</text>
			<text> </text>
			<text>call</text>
			<text> </text>
			<text>script</text>
			<text> </text>
			<call>plugin.zanzal.defensivewait</call>
			<text> </text>
			<text>:</text>
			<text> </text>
			<text>from</text>
			<text>=</text>
			<var>900</var>
			<text> </text>
			<text>to</text>
			<text>=</text>
			<var>1100</var>
		</line>
		<line linenr="097" indent="&#160;&#160;&#160;">
			<var>$trading.drone</var>
			<text> </text>
			<text>=</text>
			<text> </text>
			<text>create</text>
			<text> </text>
			<text>ship</text>
			<text>:</text>
			<text> </text>
			<text>type</text>
			<text>=</text>
			<var>{Argon Freight Drone}</var>
			<text> </text>
			<text>owner</text>
			<text>=</text>
			<var>$ship.owner</var>
			<text> </text>
			<text>addto</text>
			<text>=</text>
			<var>[THIS]</var>
			<text> </text>
			<text>x</text>
			<text>=</text>
			<var>$ship.x</var>
			<text> </text>
			<text>y</text>
			<text>=</text>
			<var>$ship.y</var>
			<text> </text>
			<text>z</text>
			<text>=</text>
			<var>$ship.z</var>
		</line>
		<line linenr="098" indent="&#160;&#160;">
			<text>end</text>
		</line>
		<line linenr="099" indent="&#160;&#160;">
			<text>if</text>
			<text> </text>
			<var>$trading.drone</var>
			<text>-&gt;</text>
			<text> </text>
			<text>exists</text>
		</line>
		<line linenr="100" indent="&#160;&#160;&#160;">
			<var>$can.fit</var>
			<text> </text>
			<text>=</text>
			<text> </text>
			<var>$trading.drone</var>
			<text>-&gt;</text>
			<text> </text>
			<text>get</text>
			<text> </text>
			<text>free</text>
			<text> </text>
			<text>amount</text>
			<text> </text>
			<text>of</text>
			<text> </text>
			<text>ware</text>
			<text> </text>
			<var>$ware.item</var>
			<text> </text>
			<text>in</text>
			<text> </text>
			<text>cargo</text>
			<text> </text>
			<text>bay</text>
		</line>
		<line linenr="101" indent="&#160;&#160;">
			<var>$amount</var>
			<text> </text>
			<text>=</text>
			<text> </text>
			<var>$ware.count</var>
		</line>
		<line linenr="102" indent="&#160;&#160;">
			<text>if</text>
			<text> </text>
			<var>$can.fit</var>
			<text> </text>
			<text>&lt;</text>
			<text> </text>
			<var>$amount</var>
		</line>
		<line linenr="103" indent="&#160;&#160;&#160;">
			<var>$amount</var>
			<text> </text>
			<text>=</text>
			<text> </text>
			<var>$can.fit</var>
		</line>
		<line linenr="104" indent="&#160;&#160;&#160;">
			<text>end</text>
		</line>
		<line linenr="105" indent="&#160;&#160;&#160;">
			<text>if</text>
			<text> </text>
			<var>$can.buy</var>
			<text> </text>
			<text>&lt;</text>
			<text> </text>
			<var>$amount</var>
		</line>
		<line linenr="106" indent="&#160;&#160;&#160;">
			<var>$amount</var>
			<text> </text>
			<text>=</text>
			<text> </text>
			<var>$can.buy</var>
		</line>
		<line linenr="107" indent="&#160;&#160;&#160;">
			<text>end</text>
		</line>
		<line linenr="108" indent="&#160;&#160;">
			<text>if</text>
			<text> </text>
			<var>$amount</var>
			<text> </text>
			<text>&gt;</text>
			<text> </text>
			<var>0</var>
		</line>
		<line linenr="109" indent="&#160;&#160;&#160;">
			<var>$loaded</var>
			<text> </text>
			<text>=</text>
			<text> </text>
			<var>$trading.drone</var>
			<text>-&gt;</text>
			<text> </text>
			<text>load</text>
			<text> </text>
			<var>$amount</var>
			<text> </text>
			<text>units</text>
			<text> </text>
			<text>of</text>
			<text> </text>
			<var>$ware.item</var>
		</line>
		<line linenr="110" indent="&#160;&#160;">
			<text>=</text>
			<text> </text>
			<var>[THIS]</var>
			<text>-&gt;</text>
			<text> </text>
			<text>add</text>
			<text> </text>
			<var>-1</var>
			<text> </text>
			<text>units</text>
			<text> </text>
			<text>of</text>
			<text> </text>
			<var>{Freight Drone}</var>
		</line>
		<line linenr="111" indent="&#160;">
			<var>$trading.drone</var>
			<text>-&gt;</text>
			<text> </text>
			<text>set</text>
			<text> </text>
			<text>name</text>
			<text> </text>
			<text>to</text>
			<text> </text>
			<var>$trading.drone.name</var>
		</line>
		<line linenr="112" indent="">
			<var>$trading.drone</var>
			<text>-&gt;</text>
			<text> </text>
			<text>set</text>
			<text> </text>
			<text>homebase</text>
			<text> </text>
			<text>to</text>
			<text> </text>
			<var>[THIS]</var>
		</line>
		<line linenr="113" indent="">
			<var>$trading.drone</var>
			<text>-&gt;</text>
			<text> </text>
			<text>begin</text>
			<text> </text>
			<text>task</text>
			<text> </text>
			<var>0</var>
			<text> </text>
			<text>with</text>
			<text> </text>
			<text>script</text>
			<text> </text>
			<call>plugin.zanzal.drone.sellware</call>
			<text> </text>
			<text>and</text>
			<text> </text>
			<text>priority</text>
			<text> </text>
			<var>100</var>
			<text>:</text>
			<text> </text>
			<text>arg1</text>
			<text>=</text>
			<var>$station</var>
			<text> </text>
			<text>arg2</text>
			<text>=</text>
			<var>$ware.item</var>
			<text> </text>
			<text>arg3</text>
			<text>=</text>
			<var>$amount</var>
			<text> </text>
			<text>arg4</text>
			<text>=</text>
			<var>null</var>
			<text> </text>
			<text>arg5</text>
			<text>=</text>
			<var>null</var>
		</line>
		<line linenr="114" indent="">
			<text>else</text>
		</line>
		<line linenr="115" indent="">
			<var>$trading.drone</var>
			<text>-&gt;</text>
			<text> </text>
			<text>destruct</text>
			<text>:</text>
			<text> </text>
			<text>show</text>
			<text> </text>
			<text>no</text>
			<text> </text>
			<text>explosion</text>
			<text>=</text>
			<var>[TRUE]</var>
		</line>
		<line linenr="116" indent="">
			<text>end</text>
		</line>
		<line linenr="117" indent="">
			<text>end</text>
		</line>
		<line linenr="118" indent="">
			<text>endsub</text>
		</line>
	</sourcetext>
	<codearray>
		<sval type="array" size="10">
			<sval type="string" val="plugin.zanzal.droneminer.unloadwithdrones" />
			<sval type="int" val="50" />
			<sval type="string" val="" />
			<sval type="int" val="2" />
			<sval type="int" val="0" />
			<sval type="array" size="28">
				<sval type="string" val="pageid" />
				<sval type="string" val="exit.result" />
				<sval type="string" val="ware.list" />
				<sval type="string" val="failed" />
				<sval type="string" val="trading.drone.name" />
				<sval type="string" val="station" />
				<sval type="string" val="excluded.list" />
				<sval type="string" val="turret.count" />
				<sval type="string" val="turret" />
				<sval type="string" val="gun.list" />
				<sval type="string" val="gun.item" />
				<sval type="string" val="XS.Iterator1" />
				<sval type="string" val="ware.item" />
				<sval type="string" val="XS.Iterator2" />
				<sval type="string" val="ware.count" />
				<sval type="string" val="ware.volume" />
				<sval type="string" val="can.buy" />
				<sval type="string" val="loaded" />
				<sval type="string" val="size" />
				<sval type="string" val="drones" />
				<sval type="string" val="ship.owner" />
				<sval type="string" val="ship.x" />
				<sval type="string" val="ship.y" />
				<sval type="string" val="ship.z" />
				<sval type="string" val="trading.drone" />
				<sval type="string" val="tries" />
				<sval type="string" val="can.fit" />
				<sval type="string" val="amount" />
			</sval>
			<sval type="array" size="91">
				<sval type="array" size="7">
					<sval type="int" val="104" />
					<sval type="int" val="0" />
					<sval type="int" val="1" />
					<sval type="int" val="4" />
					<sval type="int" val="8101" />
					<sval type="int" val="1" />
					<sval type="int" val="-1" />
				</sval>
				<sval type="array" size="7">
					<sval type="int" val="104" />
					<sval type="int" val="1" />
					<sval type="int" val="1" />
					<sval type="int" val="5" />
					<sval type="string" val="success" />
					<sval type="int" val="1" />
					<sval type="int" val="-1" />
				</sval>
				<sval type="array" size="4">
					<sval type="int" val="1071" />
					<sval type="int" val="131075" />
					<sval type="int" val="1" />
					<sval type="int" val="2" />
				</sval>
				<sval type="array" size="7">
					<sval type="int" val="104" />
					<sval type="int" val="3" />
					<sval type="int" val="1" />
					<sval type="int" val="4" />
					<sval type="int" val="0" />
					<sval type="int" val="1" />
					<sval type="int" val="-1" />
				</sval>
				<sval type="array" size="6">
					<sval type="int" val="126" />
					<sval type="int" val="4" />
					<sval type="int" val="131074" />
					<sval type="int" val="0" />
					<sval type="int" val="4" />
					<sval type="int" val="51" />
				</sval>
				<sval type="array" size="8">
					<sval type="int" val="102" />
					<sval type="string" val="plugin.zanzal.droneminer.approachstation" />
					<sval type="int" val="-2147483647" />
					<sval type="int" val="131075" />
					<sval type="int" val="1" />
					<sval type="int" val="1" />
					<sval type="int" val="131075" />
					<sval type="int" val="4" />
				</sval>
				<sval type="array" size="7">
					<sval type="int" val="104" />
					<sval type="int" val="5" />
					<sval type="int" val="1" />
					<sval type="int" val="131075" />
					<sval type="int" val="4" />
					<sval type="int" val="1" />
					<sval type="int" val="-1" />
				</sval>
				<sval type="array" size="4">
					<sval type="int" val="1520" />
					<sval type="int" val="131075" />
					<sval type="int" val="1" />
					<sval type="int" val="6" />
				</sval>
				<sval type="array" size="5">
					<sval type="int" val="135" />
					<sval type="int" val="131074" />
					<sval type="int" val="6" />
					<sval type="int" val="9" />
					<sval type="int" val="655360" />
				</sval>
				<sval type="array" size="5">
					<sval type="int" val="135" />
					<sval type="int" val="131074" />
					<sval type="int" val="6" />
					<sval type="int" val="9" />
					<sval type="int" val="1048656" />
				</sval>
				<sval type="array" size="5">
					<sval type="int" val="135" />
					<sval type="int" val="131074" />
					<sval type="int" val="6" />
					<sval type="int" val="9" />
					<sval type="int" val="1048586" />
				</sval>
				<sval type="array" size="5">
					<sval type="int" val="135" />
					<sval type="int" val="131074" />
					<sval type="int" val="6" />
					<sval type="int" val="9" />
					<sval type="int" val="1048685" />
				</sval>
				<sval type="array" size="5">
					<sval type="int" val="135" />
					<sval type="int" val="131074" />
					<sval type="int" val="6" />
					<sval type="int" val="9" />
					<sval type="int" val="1048686" />
				</sval>
				<sval type="array" size="5">
					<sval type="int" val="135" />
					<sval type="int" val="131074" />
					<sval type="int" val="6" />
					<sval type="int" val="9" />
					<sval type="int" val="720896" />
				</sval>
				<sval type="array" size="5">
					<sval type="int" val="135" />
					<sval type="int" val="131074" />
					<sval type="int" val="6" />
					<sval type="int" val="9" />
					<sval type="int" val="589827" />
				</sval>
				<sval type="array" size="5">
					<sval type="int" val="135" />
					<sval type="int" val="131074" />
					<sval type="int" val="6" />
					<sval type="int" val="9" />
					<sval type="int" val="589828" />
				</sval>
				<sval type="array" size="5">
					<sval type="int" val="135" />
					<sval type="int" val="131074" />
					<sval type="int" val="6" />
					<sval type="int" val="9" />
					<sval type="int" val="589829" />
				</sval>
				<sval type="array" size="4">
					<sval type="int" val="556" />
					<sval type="int" val="131075" />
					<sval type="int" val="1" />
					<sval type="int" val="7" />
				</sval>
				<sval type="array" size="7">
					<sval type="int" val="104" />
					<sval type="int" val="8" />
					<sval type="int" val="1" />
					<sval type="int" val="4" />
					<sval type="int" val="0" />
					<sval type="int" val="1" />
					<sval type="int" val="-1" />
				</sval>
				<sval type="array" size="13">
					<sval type="int" val="104" />
					<sval type="int" val="-1610605047" />
					<sval type="int" val="3" />
					<sval type="int" val="131074" />
					<sval type="int" val="8" />
					<sval type="int" val="131074" />
					<sval type="int" val="7" />
					<sval type="int" val="15" />
					<sval type="int" val="3" />
					<sval type="int" val="3" />
					<sval type="int" val="-1" />
					<sval type="int" val="3" />
					<sval type="int" val="-2" />
				</sval>
				<sval type="array" size="6">
					<sval type="int" val="1452" />
					<sval type="int" val="131075" />
					<sval type="int" val="1" />
					<sval type="int" val="9" />
					<sval type="int" val="131074" />
					<sval type="int" val="8" />
				</sval>
				<sval type="array" size="4">
					<sval type="int" val="131" />
					<sval type="int" val="11" />
					<sval type="int" val="131074" />
					<sval type="int" val="9" />
				</sval>
				<sval type="array" size="7">
					<sval type="int" val="104" />
					<sval type="int" val="-1610605559" />
					<sval type="int" val="1" />
					<sval type="int" val="131074" />
					<sval type="int" val="11" />
					<sval type="int" val="1" />
					<sval type="int" val="-1" />
				</sval>
				<sval type="array" size="2">
					<sval type="int" val="143" />
					<sval type="int" val="11" />
				</sval>
				<sval type="array" size="6">
					<sval type="int" val="129" />
					<sval type="int" val="10" />
					<sval type="int" val="131074" />
					<sval type="int" val="9" />
					<sval type="int" val="131074" />
					<sval type="int" val="11" />
				</sval>
				<sval type="array" size="6">
					<sval type="int" val="1406" />
					<sval type="int" val="-536863993" />
					<sval type="int" val="131074" />
					<sval type="int" val="10" />
					<sval type="int" val="131074" />
					<sval type="int" val="6" />
				</sval>
				<sval type="array" size="5">
					<sval type="int" val="135" />
					<sval type="int" val="131074" />
					<sval type="int" val="6" />
					<sval type="int" val="131074" />
					<sval type="int" val="10" />
				</sval>
				<sval type="array" size="2">
					<sval type="int" val="112" />
					<sval type="int" val="22" />
				</sval>
				<sval type="array" size="2">
					<sval type="int" val="142" />
					<sval type="int" val="8" />
				</sval>
				<sval type="array" size="2">
					<sval type="int" val="112" />
					<sval type="int" val="19" />
				</sval>
				<sval type="array" size="4">
					<sval type="int" val="131" />
					<sval type="int" val="13" />
					<sval type="int" val="131074" />
					<sval type="int" val="2" />
				</sval>
				<sval type="array" size="7">
					<sval type="int" val="104" />
					<sval type="int" val="-1610600439" />
					<sval type="int" val="1" />
					<sval type="int" val="131074" />
					<sval type="int" val="13" />
					<sval type="int" val="1" />
					<sval type="int" val="-1" />
				</sval>
				<sval type="array" size="2">
					<sval type="int" val="143" />
					<sval type="int" val="13" />
				</sval>
				<sval type="array" size="6">
					<sval type="int" val="129" />
					<sval type="int" val="12" />
					<sval type="int" val="131074" />
					<sval type="int" val="2" />
					<sval type="int" val="131074" />
					<sval type="int" val="13" />
				</sval>
				<sval type="array" size="6">
					<sval type="int" val="1406" />
					<sval type="int" val="-536858876" />
					<sval type="int" val="131074" />
					<sval type="int" val="12" />
					<sval type="int" val="131074" />
					<sval type="int" val="6" />
				</sval>
				<sval type="array" size="6">
					<sval type="int" val="618" />
					<sval type="int" val="131075" />
					<sval type="int" val="1" />
					<sval type="int" val="14" />
					<sval type="int" val="131074" />
					<sval type="int" val="12" />
				</sval>
				<sval type="array" size="6">
					<sval type="int" val="613" />
					<sval type="int" val="131075" />
					<sval type="int" val="1" />
					<sval type="int" val="15" />
					<sval type="int" val="131074" />
					<sval type="int" val="12" />
				</sval>
				<sval type="array" size="6">
					<sval type="int" val="620" />
					<sval type="int" val="131074" />
					<sval type="int" val="5" />
					<sval type="int" val="16" />
					<sval type="int" val="131074" />
					<sval type="int" val="12" />
				</sval>
				<sval type="array" size="25">
					<sval type="int" val="104" />
					<sval type="int" val="-1610600695" />
					<sval type="int" val="7" />
					<sval type="int" val="131074" />
					<sval type="int" val="14" />
					<sval type="int" val="4" />
					<sval type="int" val="0" />
					<sval type="int" val="15" />
					<sval type="int" val="2" />
					<sval type="int" val="131074" />
					<sval type="int" val="16" />
					<sval type="int" val="4" />
					<sval type="int" val="0" />
					<sval type="int" val="15" />
					<sval type="int" val="2" />
					<sval type="int" val="15" />
					<sval type="int" val="9" />
					<sval type="int" val="7" />
					<sval type="int" val="-1" />
					<sval type="int" val="2" />
					<sval type="int" val="-2" />
					<sval type="int" val="9" />
					<sval type="int" val="-4" />
					<sval type="int" val="2" />
					<sval type="int" val="-5" />
				</sval>
				<sval type="array" size="7">
					<sval type="int" val="104" />
					<sval type="int" val="17" />
					<sval type="int" val="1" />
					<sval type="int" val="4" />
					<sval type="int" val="0" />
					<sval type="int" val="1" />
					<sval type="int" val="-1" />
				</sval>
				<sval type="array" size="2">
					<sval type="int" val="1167" />
					<sval type="int" val="54" />
				</sval>
				<sval type="array" size="13">
					<sval type="int" val="104" />
					<sval type="int" val="-1610601725" />
					<sval type="int" val="3" />
					<sval type="int" val="131074" />
					<sval type="int" val="17" />
					<sval type="int" val="4" />
					<sval type="int" val="0" />
					<sval type="int" val="15" />
					<sval type="int" val="0" />
					<sval type="int" val="3" />
					<sval type="int" val="-1" />
					<sval type="int" val="0" />
					<sval type="int" val="-2" />
				</sval>
				<sval type="array" size="2">
					<sval type="int" val="112" />
					<sval type="int" val="47" />
				</sval>
				<sval type="array" size="13">
					<sval type="int" val="104" />
					<sval type="int" val="16" />
					<sval type="int" val="3" />
					<sval type="int" val="131074" />
					<sval type="int" val="16" />
					<sval type="int" val="131074" />
					<sval type="int" val="17" />
					<sval type="int" val="15" />
					<sval type="int" val="12" />
					<sval type="int" val="3" />
					<sval type="int" val="-1" />
					<sval type="int" val="12" />
					<sval type="int" val="-2" />
				</sval>
				<sval type="array" size="6">
					<sval type="int" val="618" />
					<sval type="int" val="131075" />
					<sval type="int" val="1" />
					<sval type="int" val="14" />
					<sval type="int" val="131074" />
					<sval type="int" val="12" />
				</sval>
				<sval type="array" size="8">
					<sval type="int" val="102" />
					<sval type="string" val="plugin.zanzal.waitfordrones" />
					<sval type="int" val="-2147483647" />
					<sval type="int" val="131075" />
					<sval type="int" val="1" />
					<sval type="int" val="1" />
					<sval type="int" val="4" />
					<sval type="int" val="5" />
				</sval>
				<sval type="array" size="2">
					<sval type="int" val="112" />
					<sval type="int" val="38" />
				</sval>
				<sval type="array" size="2">
					<sval type="int" val="112" />
					<sval type="int" val="31" />
				</sval>
				<sval type="array" size="8">
					<sval type="int" val="102" />
					<sval type="string" val="plugin.zanzal.waitfordrones" />
					<sval type="int" val="-2147483647" />
					<sval type="int" val="131075" />
					<sval type="int" val="1" />
					<sval type="int" val="1" />
					<sval type="int" val="4" />
					<sval type="int" val="0" />
				</sval>
				<sval type="array" size="4">
					<sval type="int" val="611" />
					<sval type="int" val="131075" />
					<sval type="int" val="1" />
					<sval type="int" val="18" />
				</sval>
				<sval type="array" size="29">
					<sval type="int" val="104" />
					<sval type="int" val="-1610599421" />
					<sval type="int" val="7" />
					<sval type="int" val="131074" />
					<sval type="int" val="3" />
					<sval type="int" val="4" />
					<sval type="int" val="100" />
					<sval type="int" val="15" />
					<sval type="int" val="13" />
					<sval type="int" val="131074" />
					<sval type="int" val="18" />
					<sval type="int" val="15" />
					<sval type="int" val="14" />
					<sval type="int" val="4" />
					<sval type="int" val="50" />
					<sval type="int" val="15" />
					<sval type="int" val="4" />
					<sval type="int" val="11" />
					<sval type="int" val="16" />
					<sval type="int" val="16" />
					<sval type="int" val="-1" />
					<sval type="int" val="13" />
					<sval type="int" val="-2" />
					<sval type="int" val="17" />
					<sval type="int" val="14" />
					<sval type="int" val="-4" />
					<sval type="int" val="17" />
					<sval type="int" val="4" />
					<sval type="int" val="-6" />
				</sval>
				<sval type="array" size="3">
					<sval type="int" val="103" />
					<sval type="int" val="5" />
					<sval type="string" val="I failed to unload most of my cargo." />
				</sval>
				<sval type="array" size="2">
					<sval type="int" val="101" />
					<sval type="string" val="exit" />
				</sval>
				<sval type="array" size="3">
					<sval type="int" val="103" />
					<sval type="int" val="131074" />
					<sval type="int" val="1" />
				</sval>
				<sval type="array" size="2">
					<sval type="int" val="101" />
					<sval type="string" val="send_freighter" />
				</sval>
				<sval type="array" size="6">
					<sval type="int" val="618" />
					<sval type="int" val="131075" />
					<sval type="int" val="1" />
					<sval type="int" val="19" />
					<sval type="int" val="9" />
					<sval type="int" val="1048656" />
				</sval>
				<sval type="array" size="13">
					<sval type="int" val="104" />
					<sval type="int" val="-1610597629" />
					<sval type="int" val="3" />
					<sval type="int" val="131074" />
					<sval type="int" val="19" />
					<sval type="int" val="4" />
					<sval type="int" val="0" />
					<sval type="int" val="15" />
					<sval type="int" val="0" />
					<sval type="int" val="3" />
					<sval type="int" val="-1" />
					<sval type="int" val="0" />
					<sval type="int" val="-2" />
				</sval>
				<sval type="array" size="7">
					<sval type="int" val="104" />
					<sval type="int" val="1" />
					<sval type="int" val="1" />
					<sval type="int" val="5" />
					<sval type="string" val="Could not deploy freight drone. None in cargo hold." />
					<sval type="int" val="1" />
					<sval type="int" val="-1" />
				</sval>
				<sval type="array" size="2">
					<sval type="int" val="100" />
					<sval type="int" val="52" />
				</sval>
				<sval type="array" size="4">
					<sval type="int" val="701" />
					<sval type="int" val="131075" />
					<sval type="int" val="1" />
					<sval type="int" val="20" />
				</sval>
				<sval type="array" size="4">
					<sval type="int" val="740" />
					<sval type="int" val="131075" />
					<sval type="int" val="1" />
					<sval type="int" val="21" />
				</sval>
				<sval type="array" size="4">
					<sval type="int" val="741" />
					<sval type="int" val="131075" />
					<sval type="int" val="1" />
					<sval type="int" val="22" />
				</sval>
				<sval type="array" size="4">
					<sval type="int" val="742" />
					<sval type="int" val="131075" />
					<sval type="int" val="1" />
					<sval type="int" val="23" />
				</sval>
				<sval type="array" size="14">
					<sval type="int" val="739" />
					<sval type="int" val="24" />
					<sval type="int" val="9" />
					<sval type="int" val="459046" />
					<sval type="int" val="131074" />
					<sval type="int" val="20" />
					<sval type="int" val="131075" />
					<sval type="int" val="1" />
					<sval type="int" val="131074" />
					<sval type="int" val="21" />
					<sval type="int" val="131074" />
					<sval type="int" val="22" />
					<sval type="int" val="131074" />
					<sval type="int" val="23" />
				</sval>
				<sval type="array" size="7">
					<sval type="int" val="104" />
					<sval type="int" val="25" />
					<sval type="int" val="1" />
					<sval type="int" val="4" />
					<sval type="int" val="0" />
					<sval type="int" val="1" />
					<sval type="int" val="-1" />
				</sval>
				<sval type="array" size="7">
					<sval type="int" val="104" />
					<sval type="int" val="17" />
					<sval type="int" val="1" />
					<sval type="int" val="4" />
					<sval type="int" val="0" />
					<sval type="int" val="1" />
					<sval type="int" val="-1" />
				</sval>
				<sval type="array" size="4">
					<sval type="int" val="706" />
					<sval type="int" val="131074" />
					<sval type="int" val="24" />
					<sval type="int" val="-536851702" />
				</sval>
				<sval type="array" size="2">
					<sval type="int" val="142" />
					<sval type="int" val="25" />
				</sval>
				<sval type="array" size="13">
					<sval type="int" val="104" />
					<sval type="int" val="-1610594301" />
					<sval type="int" val="3" />
					<sval type="int" val="131074" />
					<sval type="int" val="25" />
					<sval type="int" val="4" />
					<sval type="int" val="10" />
					<sval type="int" val="15" />
					<sval type="int" val="2" />
					<sval type="int" val="3" />
					<sval type="int" val="-1" />
					<sval type="int" val="2" />
					<sval type="int" val="-2" />
				</sval>
				<sval type="array" size="8">
					<sval type="int" val="102" />
					<sval type="string" val="plugin.zanzal.waitfordrones" />
					<sval type="int" val="-2147483647" />
					<sval type="int" val="131075" />
					<sval type="int" val="1" />
					<sval type="int" val="1" />
					<sval type="int" val="4" />
					<sval type="int" val="0" />
				</sval>
				<sval type="array" size="7">
					<sval type="int" val="104" />
					<sval type="int" val="1" />
					<sval type="int" val="1" />
					<sval type="int" val="5" />
					<sval type="string" val="Could not deploy freight drone. Docking bays full?" />
					<sval type="int" val="1" />
					<sval type="int" val="-1" />
				</sval>
				<sval type="array" size="2">
					<sval type="int" val="100" />
					<sval type="int" val="52" />
				</sval>
				<sval type="array" size="10">
					<sval type="int" val="102" />
					<sval type="string" val="plugin.zanzal.defensivewait" />
					<sval type="int" val="-2147483647" />
					<sval type="int" val="131075" />
					<sval type="int" val="1" />
					<sval type="int" val="2" />
					<sval type="int" val="4" />
					<sval type="int" val="900" />
					<sval type="int" val="4" />
					<sval type="int" val="1100" />
				</sval>
				<sval type="array" size="14">
					<sval type="int" val="739" />
					<sval type="int" val="24" />
					<sval type="int" val="9" />
					<sval type="int" val="459046" />
					<sval type="int" val="131074" />
					<sval type="int" val="20" />
					<sval type="int" val="131075" />
					<sval type="int" val="1" />
					<sval type="int" val="131074" />
					<sval type="int" val="21" />
					<sval type="int" val="131074" />
					<sval type="int" val="22" />
					<sval type="int" val="131074" />
					<sval type="int" val="23" />
				</sval>
				<sval type="array" size="2">
					<sval type="int" val="112" />
					<sval type="int" val="66" />
				</sval>
				<sval type="array" size="4">
					<sval type="int" val="706" />
					<sval type="int" val="131074" />
					<sval type="int" val="24" />
					<sval type="int" val="-1610589693" />
				</sval>
				<sval type="array" size="6">
					<sval type="int" val="620" />
					<sval type="int" val="131074" />
					<sval type="int" val="24" />
					<sval type="int" val="26" />
					<sval type="int" val="131074" />
					<sval type="int" val="12" />
				</sval>
				<sval type="array" size="7">
					<sval type="int" val="104" />
					<sval type="int" val="27" />
					<sval type="int" val="1" />
					<sval type="int" val="131074" />
					<sval type="int" val="14" />
					<sval type="int" val="1" />
					<sval type="int" val="-1" />
				</sval>
				<sval type="array" size="13">
					<sval type="int" val="104" />
					<sval type="int" val="-1610592253" />
					<sval type="int" val="3" />
					<sval type="int" val="131074" />
					<sval type="int" val="26" />
					<sval type="int" val="131074" />
					<sval type="int" val="27" />
					<sval type="int" val="15" />
					<sval type="int" val="3" />
					<sval type="int" val="3" />
					<sval type="int" val="-1" />
					<sval type="int" val="3" />
					<sval type="int" val="-2" />
				</sval>
				<sval type="array" size="7">
					<sval type="int" val="104" />
					<sval type="int" val="27" />
					<sval type="int" val="1" />
					<sval type="int" val="131074" />
					<sval type="int" val="26" />
					<sval type="int" val="1" />
					<sval type="int" val="-1" />
				</sval>
				<sval type="array" size="13">
					<sval type="int" val="104" />
					<sval type="int" val="-1610591741" />
					<sval type="int" val="3" />
					<sval type="int" val="131074" />
					<sval type="int" val="16" />
					<sval type="int" val="131074" />
					<sval type="int" val="27" />
					<sval type="int" val="15" />
					<sval type="int" val="3" />
					<sval type="int" val="3" />
					<sval type="int" val="-1" />
					<sval type="int" val="3" />
					<sval type="int" val="-2" />
				</sval>
				<sval type="array" size="7">
					<sval type="int" val="104" />
					<sval type="int" val="27" />
					<sval type="int" val="1" />
					<sval type="int" val="131074" />
					<sval type="int" val="16" />
					<sval type="int" val="1" />
					<sval type="int" val="-1" />
				</sval>
				<sval type="array" size="13">
					<sval type="int" val="104" />
					<sval type="int" val="-1610589949" />
					<sval type="int" val="3" />
					<sval type="int" val="131074" />
					<sval type="int" val="27" />
					<sval type="int" val="4" />
					<sval type="int" val="0" />
					<sval type="int" val="15" />
					<sval type="int" val="2" />
					<sval type="int" val="3" />
					<sval type="int" val="-1" />
					<sval type="int" val="2" />
					<sval type="int" val="-2" />
				</sval>
				<sval type="array" size="8">
					<sval type="int" val="639" />
					<sval type="int" val="131074" />
					<sval type="int" val="24" />
					<sval type="int" val="17" />
					<sval type="int" val="131074" />
					<sval type="int" val="27" />
					<sval type="int" val="131074" />
					<sval type="int" val="12" />
				</sval>
				<sval type="array" size="8">
					<sval type="int" val="646" />
					<sval type="int" val="131075" />
					<sval type="int" val="1" />
					<sval type="int" val="-2147483647" />
					<sval type="int" val="4" />
					<sval type="int" val="-1" />
					<sval type="int" val="9" />
					<sval type="int" val="1048656" />
				</sval>
				<sval type="array" size="5">
					<sval type="int" val="1029" />
					<sval type="int" val="131074" />
					<sval type="int" val="24" />
					<sval type="int" val="131074" />
					<sval type="int" val="4" />
				</sval>
				<sval type="array" size="5">
					<sval type="int" val="713" />
					<sval type="int" val="131074" />
					<sval type="int" val="24" />
					<sval type="int" val="131075" />
					<sval type="int" val="1" />
				</sval>
				<sval type="array" size="18">
					<sval type="int" val="1017" />
					<sval type="int" val="131074" />
					<sval type="int" val="24" />
					<sval type="string" val="plugin.zanzal.drone.sellware" />
					<sval type="int" val="4" />
					<sval type="int" val="0" />
					<sval type="int" val="4" />
					<sval type="int" val="100" />
					<sval type="int" val="131074" />
					<sval type="int" val="5" />
					<sval type="int" val="131074" />
					<sval type="int" val="12" />
					<sval type="int" val="131074" />
					<sval type="int" val="27" />
					<sval type="int" val="0" />
					<sval type="int" val="0" />
					<sval type="int" val="0" />
					<sval type="int" val="0" />
				</sval>
				<sval type="array" size="2">
					<sval type="int" val="112" />
					<sval type="int" val="90" />
				</sval>
				<sval type="array" size="5">
					<sval type="int" val="765" />
					<sval type="int" val="131074" />
					<sval type="int" val="24" />
					<sval type="int" val="131075" />
					<sval type="int" val="10" />
				</sval>
				<sval type="array" size="1">
					<sval type="int" val="1168" />
				</sval>
			</sval>
			<sval type="int" val="0" />
			<sval type="array" size="34">
				<sval type="array" size="3">
					<sval type="int" val="0" />
					<sval type="int" val="1" />
					<sval type="string" val="************************************************" />
				</sval>
				<sval type="array" size="3">
					<sval type="int" val="0" />
					<sval type="int" val="1" />
					<sval type="string" val="SCRIPT NAME: plugin.zanzal.droneminer.unloadwithdrones" />
				</sval>
				<sval type="array" size="3">
					<sval type="int" val="0" />
					<sval type="int" val="1" />
					<sval type="string" val="DESCRIPTION: Return to homebase and unload" />
				</sval>
				<sval type="array" size="3">
					<sval type="int" val="0" />
					<sval type="int" val="1" />
					<sval type="string" val="" />
				</sval>
				<sval type="array" size="3">
					<sval type="int" val="0" />
					<sval type="int" val="1" />
					<sval type="string" val="AUTHOR: Zanzal           DATE: 30 May 2014" />
				</sval>
				<sval type="array" size="3">
					<sval type="int" val="0" />
					<sval type="int" val="1" />
					<sval type="string" val="************************************************" />
				</sval>
				<sval type="array" size="2">
					<sval type="int" val="4" />
					<sval type="int" val="2" />
				</sval>
				<sval type="array" size="2">
					<sval type="int" val="7" />
					<sval type="int" val="2" />
				</sval>
				<sval type="array" size="2">
					<sval type="int" val="7" />
					<sval type="int" val="2" />
				</sval>
				<sval type="array" size="2">
					<sval type="int" val="17" />
					<sval type="int" val="2" />
				</sval>
				<sval type="array" size="2">
					<sval type="int" val="28" />
					<sval type="int" val="4" />
				</sval>
				<sval type="array" size="2">
					<sval type="int" val="30" />
					<sval type="int" val="4" />
				</sval>
				<sval type="array" size="2">
					<sval type="int" val="30" />
					<sval type="int" val="2" />
				</sval>
				<sval type="array" size="2">
					<sval type="int" val="43" />
					<sval type="int" val="7" />
				</sval>
				<sval type="array" size="2">
					<sval type="int" val="43" />
					<sval type="int" val="4" />
				</sval>
				<sval type="array" size="3">
					<sval type="int" val="45" />
					<sval type="int" val="1" />
					<sval type="string" val="Always keep a few drones in reserve " />
				</sval>
				<sval type="array" size="2">
					<sval type="int" val="47" />
					<sval type="int" val="4" />
				</sval>
				<sval type="array" size="2">
					<sval type="int" val="47" />
					<sval type="int" val="4" />
				</sval>
				<sval type="array" size="2">
					<sval type="int" val="48" />
					<sval type="int" val="4" />
				</sval>
				<sval type="array" size="2">
					<sval type="int" val="48" />
					<sval type="int" val="2" />
				</sval>
				<sval type="array" size="2">
					<sval type="int" val="49" />
					<sval type="int" val="2" />
				</sval>
				<sval type="array" size="2">
					<sval type="int" val="52" />
					<sval type="int" val="4" />
				</sval>
				<sval type="array" size="2">
					<sval type="int" val="52" />
					<sval type="int" val="2" />
				</sval>
				<sval type="array" size="2">
					<sval type="int" val="54" />
					<sval type="int" val="2" />
				</sval>
				<sval type="array" size="2">
					<sval type="int" val="59" />
					<sval type="int" val="4" />
				</sval>
				<sval type="array" size="2">
					<sval type="int" val="59" />
					<sval type="int" val="2" />
				</sval>
				<sval type="array" size="2">
					<sval type="int" val="63" />
					<sval type="int" val="2" />
				</sval>
				<sval type="array" size="2">
					<sval type="int" val="72" />
					<sval type="int" val="4" />
				</sval>
				<sval type="array" size="2">
					<sval type="int" val="75" />
					<sval type="int" val="4" />
				</sval>
				<sval type="array" size="2">
					<sval type="int" val="80" />
					<sval type="int" val="4" />
				</sval>
				<sval type="array" size="2">
					<sval type="int" val="82" />
					<sval type="int" val="4" />
				</sval>
				<sval type="array" size="2">
					<sval type="int" val="89" />
					<sval type="int" val="5" />
				</sval>
				<sval type="array" size="2">
					<sval type="int" val="90" />
					<sval type="int" val="4" />
				</sval>
				<sval type="array" size="2">
					<sval type="int" val="90" />
					<sval type="int" val="4" />
				</sval>
			</sval>
			<sval type="int" val="0" />
		</sval>
	</codearray>
</script>
