<?xml version="1.0" standalone="yes"?>
<?xml-stylesheet href="x2script.xsl" type="text/xsl"?>
<!-- Generated using X-Studio -->
<script>
	<name>plugin.zanzal.droneminer.unload</name>
	<version>3</version>
	<engineversion>50</engineversion>
	<description></description>
	<arguments />
	<sourcetext>
		<line linenr="001" indent="">
			<comment>* ************************************************</comment>
		</line>
		<line linenr="002" indent="">
			<comment>* SCRIPT NAME: plugin.zanzal.droneminer.unload</comment>
		</line>
		<line linenr="003" indent="">
			<comment>* DESCRIPTION: Return to homebase and unload</comment>
		</line>
		<line linenr="004" indent="">
			<comment>* </comment>
		</line>
		<line linenr="005" indent="">
			<comment>* AUTHOR: Zanzal           DATE: 29 December 2013</comment>
		</line>
		<line linenr="006" indent="">
			<comment>* ************************************************</comment>
		</line>
		<line linenr="007" indent="">
			<text>skip</text>
			<text> </text>
			<text>if</text>
			<text> </text>
			<var>[HOMEBASE]</var>
			<text>-&gt;</text>
			<text> </text>
			<text>exists</text>
		</line>
		<line linenr="008" indent="&#160;">
			<text>return</text>
			<text> </text>
			<text>'nohomebase'</text>
		</line>
		<line linenr="009" indent="" />
		<line linenr="010" indent="">
			<text>if</text>
			<text> </text>
			<var>[DOCKEDAT]</var>
			<text> </text>
			<text>!=</text>
			<text> </text>
			<var>[HOMEBASE]</var>
		</line>
		<line linenr="011" indent="&#160;">
			<var>[THIS]</var>
			<text>-&gt;</text>
			<text> </text>
			<text>set</text>
			<text> </text>
			<text>command</text>
			<text>:</text>
			<text> </text>
			<var>[COMMAND_RETURN_HOME]</var>
		</line>
		<line linenr="012" indent="&#160;" interruptable="@">
			<text>=</text>
			<text> </text>
			<var>[THIS]</var>
			<text>-&gt;</text>
			<text> </text>
			<text>call</text>
			<text> </text>
			<text>script</text>
			<text> </text>
			<call>!move.returntohomebase</call>
			<text> </text>
			<text>:</text>
		</line>
		<line linenr="013" indent="">
			<text>end</text>
		</line>
		<line linenr="014" indent="" />
		<line linenr="015" indent="" interruptable="@">
			<text>=</text>
			<text> </text>
			<text>wait</text>
			<text> </text>
			<text>randomly</text>
			<text> </text>
			<text>from</text>
			<text> </text>
			<var>900</var>
			<text> </text>
			<text>to</text>
			<text> </text>
			<var>1100</var>
			<text> </text>
			<text>ms</text>
		</line>
		<line linenr="016" indent="" />
		<line linenr="017" indent="">
			<text>if</text>
			<text> </text>
			<var>[DOCKEDAT]</var>
			<text> </text>
			<text>!=</text>
			<text> </text>
			<var>[HOMEBASE]</var>
		</line>
		<line linenr="018" indent="&#160;">
			<var>$hb.sector</var>
			<text> </text>
			<text>=</text>
			<text> </text>
			<var>[HOMEBASE]</var>
			<text>-&gt;</text>
			<text> </text>
			<text>get</text>
			<text> </text>
			<text>sector</text>
		</line>
		<line linenr="019" indent="&#160;">
			<var>$my.sector</var>
			<text> </text>
			<text>=</text>
			<text> </text>
			<var>[THIS]</var>
			<text>-&gt;</text>
			<text> </text>
			<text>get</text>
			<text> </text>
			<text>environment</text>
		</line>
		<line linenr="020" indent="&#160;">
			<text>if</text>
			<text> </text>
			<var>$hb.sector</var>
			<text> </text>
			<text>==</text>
			<text> </text>
			<var>$my.sector</var>
		</line>
		<line linenr="021" indent="&#160;&#160;" interruptable="@">
			<var>$result</var>
			<text> </text>
			<text>=</text>
			<text> </text>
			<var>[THIS]</var>
			<text>-&gt;</text>
			<text> </text>
			<text>call</text>
			<text> </text>
			<text>script</text>
			<text> </text>
			<call>plugin.zanzal.droneminer.unloadwithdrones</call>
			<text> </text>
			<text>:</text>
		</line>
		<line linenr="022" indent="&#160;&#160;">
			<text>return</text>
			<text> </text>
			<var>$result</var>
		</line>
		<line linenr="023" indent="&#160;">
			<text>end</text>
		</line>
		<line linenr="024" indent="&#160;">
			<text>return</text>
			<text> </text>
			<text>'returnhomefailed'</text>
		</line>
		<line linenr="025" indent="">
			<text>end</text>
		</line>
		<line linenr="026" indent="" />
		<line linenr="027" indent="">
			<var>$ware.list</var>
			<text> </text>
			<text>=</text>
			<text> </text>
			<var>[THIS]</var>
			<text>-&gt;</text>
			<text> </text>
			<text>get</text>
			<text> </text>
			<text>tradeable</text>
			<text> </text>
			<text>ware</text>
			<text> </text>
			<text>array</text>
			<text> </text>
			<text>from</text>
			<text> </text>
			<text>ship</text>
		</line>
		<line linenr="028" indent="">
			<var>$failed</var>
			<text> </text>
			<text>=</text>
			<text> </text>
			<var>0</var>
		</line>
		<line linenr="029" indent="" />
		<line linenr="030" indent="">
			<var>$excluded.list</var>
			<text> </text>
			<text>=</text>
			<text> </text>
			<var>[THIS]</var>
			<text>-&gt;</text>
			<text> </text>
			<text>get</text>
			<text> </text>
			<text>compatible</text>
			<text> </text>
			<text>missile</text>
			<text> </text>
			<text>array</text>
			<text> </text>
			<text>from</text>
			<text> </text>
			<text>cargobay</text>
		</line>
		<line linenr="031" indent="">
			<text>append</text>
			<text> </text>
			<var>{Mosquito Missile}</var>
			<text> </text>
			<text>to</text>
			<text> </text>
			<text>array</text>
			<text> </text>
			<var>$excluded.list</var>
		</line>
		<line linenr="032" indent="">
			<text>append</text>
			<text> </text>
			<var>{Freight Drone}</var>
			<text> </text>
			<text>to</text>
			<text> </text>
			<text>array</text>
			<text> </text>
			<var>$excluded.list</var>
		</line>
		<line linenr="033" indent="">
			<text>append</text>
			<text> </text>
			<var>{Fighter Drone}</var>
			<text> </text>
			<text>to</text>
			<text> </text>
			<text>array</text>
			<text> </text>
			<var>$excluded.list</var>
		</line>
		<line linenr="034" indent="">
			<text>append</text>
			<text> </text>
			<var>{Keris}</var>
			<text> </text>
			<text>to</text>
			<text> </text>
			<text>array</text>
			<text> </text>
			<var>$excluded.list</var>
		</line>
		<line linenr="035" indent="">
			<text>append</text>
			<text> </text>
			<var>{Fighter Drone MKII}</var>
			<text> </text>
			<text>to</text>
			<text> </text>
			<text>array</text>
			<text> </text>
			<var>$excluded.list</var>
		</line>
		<line linenr="036" indent="">
			<text>append</text>
			<text> </text>
			<var>{Energy Cells}</var>
			<text> </text>
			<text>to</text>
			<text> </text>
			<text>array</text>
			<text> </text>
			<var>$excluded.list</var>
		</line>
		<line linenr="037" indent="">
			<text>append</text>
			<text> </text>
			<var>{200 MJ Shield}</var>
			<text> </text>
			<text>to</text>
			<text> </text>
			<text>array</text>
			<text> </text>
			<var>$excluded.list</var>
		</line>
		<line linenr="038" indent="">
			<text>append</text>
			<text> </text>
			<var>{1 GJ Shield}</var>
			<text> </text>
			<text>to</text>
			<text> </text>
			<text>array</text>
			<text> </text>
			<var>$excluded.list</var>
		</line>
		<line linenr="039" indent="">
			<text>append</text>
			<text> </text>
			<var>{2 GJ Shield}</var>
			<text> </text>
			<text>to</text>
			<text> </text>
			<text>array</text>
			<text> </text>
			<var>$excluded.list</var>
		</line>
		<line linenr="040" indent="" />
		<line linenr="041" indent="">
			<var>$turret.count</var>
			<text> </text>
			<text>=</text>
			<text> </text>
			<var>[THIS]</var>
			<text>-&gt;</text>
			<text> </text>
			<text>get</text>
			<text> </text>
			<text>number</text>
			<text> </text>
			<text>of</text>
			<text> </text>
			<text>turrets</text>
		</line>
		<line linenr="042" indent="">
			<var>$turret</var>
			<text> </text>
			<text>=</text>
			<text> </text>
			<var>0</var>
		</line>
		<line linenr="043" indent="">
			<text>while</text>
			<text> </text>
			<var>$turret</var>
			<text> </text>
			<text>&lt;</text>
			<text> </text>
			<var>$turret.count</var>
		</line>
		<line linenr="044" indent="&#160;">
			<var>$gun.list</var>
			<text> </text>
			<text>=</text>
			<text> </text>
			<var>[THIS]</var>
			<text>-&gt;</text>
			<text> </text>
			<text>get</text>
			<text> </text>
			<text>compatible</text>
			<text> </text>
			<text>laser</text>
			<text> </text>
			<text>array</text>
			<text>:</text>
			<text> </text>
			<text>turret</text>
			<text>=</text>
			<var>$turret</var>
		</line>
		<line linenr="045" indent="&#160;">
			<var>$XS.Iterator1</var>
			<text> </text>
			<text>=</text>
			<text> </text>
			<text>size</text>
			<text> </text>
			<text>of</text>
			<text> </text>
			<text>array</text>
			<text> </text>
			<var>$gun.list</var>
		</line>
		<line linenr="046" indent="&#160;&#160;">
			<text>while</text>
			<text> </text>
			<var>$XS.Iterator1</var>
		</line>
		<line linenr="047" indent="&#160;&#160;&#160;">
			<text>dec</text>
			<text> </text>
			<var>$XS.Iterator1</var>
		</line>
		<line linenr="048" indent="&#160;">
			<var>$gun.item</var>
			<text> </text>
			<text>=</text>
			<text> </text>
			<var>$gun.list</var>
			<text>[</text>
			<var>$XS.Iterator1</var>
			<text>]</text>
		</line>
		<line linenr="049" indent="&#160;">
			<text>skip</text>
			<text> </text>
			<text>if</text>
			<text> </text>
			<text>find</text>
			<text> </text>
			<var>$gun.item</var>
			<text> </text>
			<text>in</text>
			<text> </text>
			<text>array</text>
			<text>:</text>
			<text> </text>
			<var>$excluded.list</var>
		</line>
		<line linenr="050" indent="">
			<text>append</text>
			<text> </text>
			<var>$gun.item</var>
			<text> </text>
			<text>to</text>
			<text> </text>
			<text>array</text>
			<text> </text>
			<var>$excluded.list</var>
		</line>
		<line linenr="051" indent="">
			<text>end</text>
		</line>
		<line linenr="052" indent="">
			<text>inc</text>
			<text> </text>
			<var>$turret</var>
		</line>
		<line linenr="053" indent="&#160;">
			<text>end</text>
		</line>
		<line linenr="054" indent="&#160;&#160;" />
		<line linenr="055" indent="&#160;&#160;">
			<var>$XS.Iterator2</var>
			<text> </text>
			<text>=</text>
			<text> </text>
			<text>size</text>
			<text> </text>
			<text>of</text>
			<text> </text>
			<text>array</text>
			<text> </text>
			<var>$ware.list</var>
		</line>
		<line linenr="056" indent="&#160;&#160;">
			<text>while</text>
			<text> </text>
			<var>$XS.Iterator2</var>
		</line>
		<line linenr="057" indent="&#160;&#160;">
			<text>dec</text>
			<text> </text>
			<var>$XS.Iterator2</var>
		</line>
		<line linenr="058" indent="&#160;&#160;&#160;">
			<var>$ware.item</var>
			<text> </text>
			<text>=</text>
			<text> </text>
			<var>$ware.list</var>
			<text>[</text>
			<var>$XS.Iterator2</var>
			<text>]</text>
		</line>
		<line linenr="059" indent="&#160;&#160;&#160;">
			<text>if</text>
			<text> </text>
			<text>not</text>
			<text> </text>
			<text>find</text>
			<text> </text>
			<var>$ware.item</var>
			<text> </text>
			<text>in</text>
			<text> </text>
			<text>array</text>
			<text>:</text>
			<text> </text>
			<var>$excluded.list</var>
		</line>
		<line linenr="060" indent="&#160;&#160;&#160;">
			<var>$max</var>
			<text> </text>
			<text>=</text>
			<text> </text>
			<var>[DOCKEDAT]</var>
			<text>-&gt;</text>
			<text> </text>
			<text>get</text>
			<text> </text>
			<text>free</text>
			<text> </text>
			<text>amount</text>
			<text> </text>
			<text>of</text>
			<text> </text>
			<text>ware</text>
			<text> </text>
			<var>$ware.item</var>
			<text> </text>
			<text>in</text>
			<text> </text>
			<text>cargo</text>
			<text> </text>
			<text>bay</text>
		</line>
		<line linenr="061" indent="&#160;&#160;">
			<var>$amount</var>
			<text> </text>
			<text>=</text>
			<text> </text>
			<var>[THIS]</var>
			<text>-&gt;</text>
			<text> </text>
			<text>get</text>
			<text> </text>
			<text>amount</text>
			<text> </text>
			<text>of</text>
			<text> </text>
			<text>ware</text>
			<text> </text>
			<var>$ware.item</var>
			<text> </text>
			<text>in</text>
			<text> </text>
			<text>cargo</text>
			<text> </text>
			<text>bay</text>
		</line>
		<line linenr="062" indent="&#160;&#160;" />
		<line linenr="063" indent="&#160;&#160;">
			<text>if</text>
			<text> </text>
			<var>$amount</var>
			<text> </text>
			<text>&gt;</text>
			<text> </text>
			<var>$max</var>
		</line>
		<line linenr="064" indent="&#160;&#160;&#160;">
			<var>$volume</var>
			<text> </text>
			<text>=</text>
			<text> </text>
			<text>get</text>
			<text> </text>
			<text>volume</text>
			<text> </text>
			<text>of</text>
			<text> </text>
			<text>ware</text>
			<text> </text>
			<var>$ware.item</var>
		</line>
		<line linenr="065" indent="&#160;&#160;">
			<var>$failed</var>
			<text> </text>
			<text>=</text>
			<text> </text>
			<var>$failed</var>
			<text> </text>
			<text>+</text>
			<text> </text>
			<text>(</text>
			<text>(</text>
			<var>$amount</var>
			<text> </text>
			<text>-</text>
			<text> </text>
			<var>$max</var>
			<text>)</text>
			<text> </text>
			<text>*</text>
			<text> </text>
			<var>$volume</var>
			<text>)</text>
		</line>
		<line linenr="066" indent="&#160;">
			<var>$amount</var>
			<text> </text>
			<text>=</text>
			<text> </text>
			<var>$max</var>
		</line>
		<line linenr="067" indent="">
			<text>end</text>
		</line>
		<line linenr="068" indent="" />
		<line linenr="069" indent="">
			<text>if</text>
			<text> </text>
			<var>$amount</var>
			<text> </text>
			<text>&gt;</text>
			<text> </text>
			<var>0</var>
		</line>
		<line linenr="070" indent="">
			<text>=</text>
			<text> </text>
			<var>[THIS]</var>
			<text>-&gt;</text>
			<text> </text>
			<text>unload</text>
			<text> </text>
			<var>$amount</var>
			<text> </text>
			<text>units</text>
			<text> </text>
			<text>of</text>
			<text> </text>
			<var>$ware.item</var>
		</line>
		<line linenr="071" indent="&#160;">
			<text>end</text>
		</line>
		<line linenr="072" indent="">
			<text>end</text>
		</line>
		<line linenr="073" indent="">
			<text>end</text>
		</line>
		<line linenr="074" indent="" />
		<line linenr="075" indent="">
			<var>$size</var>
			<text> </text>
			<text>=</text>
			<text> </text>
			<var>[THIS]</var>
			<text>-&gt;</text>
			<text> </text>
			<text>get</text>
			<text> </text>
			<text>cargo</text>
			<text> </text>
			<text>bay</text>
			<text> </text>
			<text>size</text>
		</line>
		<line linenr="076" indent="">
			<text>if</text>
			<text> </text>
			<text>(</text>
			<text>(</text>
			<var>$failed</var>
			<text> </text>
			<text>*</text>
			<text> </text>
			<var>100</var>
			<text>)</text>
			<text> </text>
			<text>/</text>
			<text> </text>
			<var>$size</var>
			<text>)</text>
			<text> </text>
			<text>&gt;=</text>
			<text> </text>
			<var>50</var>
		</line>
		<line linenr="077" indent="">
			<text>return</text>
			<text> </text>
			<text>'I failed to unload most of my cargo.'</text>
		</line>
		<line linenr="078" indent="">
			<text>end</text>
		</line>
		<line linenr="079" indent="" />
		<line linenr="080" indent="">
			<text>return</text>
			<text> </text>
			<text>'success'</text>
		</line>
	</sourcetext>
	<codearray>
		<sval type="array" size="10">
			<sval type="string" val="plugin.zanzal.droneminer.unload" />
			<sval type="int" val="50" />
			<sval type="string" val="" />
			<sval type="int" val="3" />
			<sval type="int" val="0" />
			<sval type="array" size="17">
				<sval type="string" val="hb.sector" />
				<sval type="string" val="my.sector" />
				<sval type="string" val="result" />
				<sval type="string" val="ware.list" />
				<sval type="string" val="failed" />
				<sval type="string" val="excluded.list" />
				<sval type="string" val="turret.count" />
				<sval type="string" val="turret" />
				<sval type="string" val="gun.list" />
				<sval type="string" val="gun.item" />
				<sval type="string" val="XS.Iterator1" />
				<sval type="string" val="ware.item" />
				<sval type="string" val="XS.Iterator2" />
				<sval type="string" val="max" />
				<sval type="string" val="amount" />
				<sval type="string" val="volume" />
				<sval type="string" val="size" />
			</sval>
			<sval type="array" size="56">
				<sval type="array" size="4">
					<sval type="int" val="706" />
					<sval type="int" val="131075" />
					<sval type="int" val="4" />
					<sval type="int" val="-536870393" />
				</sval>
				<sval type="array" size="3">
					<sval type="int" val="103" />
					<sval type="int" val="5" />
					<sval type="string" val="nohomebase" />
				</sval>
				<sval type="array" size="13">
					<sval type="int" val="104" />
					<sval type="int" val="-1610611453" />
					<sval type="int" val="3" />
					<sval type="int" val="131075" />
					<sval type="int" val="11" />
					<sval type="int" val="131075" />
					<sval type="int" val="4" />
					<sval type="int" val="15" />
					<sval type="int" val="1" />
					<sval type="int" val="3" />
					<sval type="int" val="-1" />
					<sval type="int" val="1" />
					<sval type="int" val="-2" />
				</sval>
				<sval type="array" size="5">
					<sval type="int" val="524" />
					<sval type="int" val="131075" />
					<sval type="int" val="1" />
					<sval type="int" val="18" />
					<sval type="int" val="1" />
				</sval>
				<sval type="array" size="6">
					<sval type="int" val="102" />
					<sval type="string" val="!move.returntohomebase" />
					<sval type="int" val="-2147483647" />
					<sval type="int" val="131075" />
					<sval type="int" val="1" />
					<sval type="int" val="0" />
				</sval>
				<sval type="array" size="6">
					<sval type="int" val="107" />
					<sval type="int" val="-2147483647" />
					<sval type="int" val="4" />
					<sval type="int" val="900" />
					<sval type="int" val="4" />
					<sval type="int" val="1100" />
				</sval>
				<sval type="array" size="13">
					<sval type="int" val="104" />
					<sval type="int" val="-1610609405" />
					<sval type="int" val="3" />
					<sval type="int" val="131075" />
					<sval type="int" val="11" />
					<sval type="int" val="131075" />
					<sval type="int" val="4" />
					<sval type="int" val="15" />
					<sval type="int" val="1" />
					<sval type="int" val="3" />
					<sval type="int" val="-1" />
					<sval type="int" val="1" />
					<sval type="int" val="-2" />
				</sval>
				<sval type="array" size="4">
					<sval type="int" val="703" />
					<sval type="int" val="131075" />
					<sval type="int" val="4" />
					<sval type="int" val="0" />
				</sval>
				<sval type="array" size="4">
					<sval type="int" val="702" />
					<sval type="int" val="131075" />
					<sval type="int" val="1" />
					<sval type="int" val="1" />
				</sval>
				<sval type="array" size="13">
					<sval type="int" val="104" />
					<sval type="int" val="-1610609661" />
					<sval type="int" val="3" />
					<sval type="int" val="131074" />
					<sval type="int" val="0" />
					<sval type="int" val="131074" />
					<sval type="int" val="1" />
					<sval type="int" val="15" />
					<sval type="int" val="0" />
					<sval type="int" val="3" />
					<sval type="int" val="-1" />
					<sval type="int" val="0" />
					<sval type="int" val="-2" />
				</sval>
				<sval type="array" size="6">
					<sval type="int" val="102" />
					<sval type="string" val="plugin.zanzal.droneminer.unloadwithdrones" />
					<sval type="int" val="2" />
					<sval type="int" val="131075" />
					<sval type="int" val="1" />
					<sval type="int" val="0" />
				</sval>
				<sval type="array" size="3">
					<sval type="int" val="103" />
					<sval type="int" val="131074" />
					<sval type="int" val="2" />
				</sval>
				<sval type="array" size="3">
					<sval type="int" val="103" />
					<sval type="int" val="5" />
					<sval type="string" val="returnhomefailed" />
				</sval>
				<sval type="array" size="4">
					<sval type="int" val="1071" />
					<sval type="int" val="131075" />
					<sval type="int" val="1" />
					<sval type="int" val="3" />
				</sval>
				<sval type="array" size="7">
					<sval type="int" val="104" />
					<sval type="int" val="4" />
					<sval type="int" val="1" />
					<sval type="int" val="4" />
					<sval type="int" val="0" />
					<sval type="int" val="1" />
					<sval type="int" val="-1" />
				</sval>
				<sval type="array" size="4">
					<sval type="int" val="1520" />
					<sval type="int" val="131075" />
					<sval type="int" val="1" />
					<sval type="int" val="5" />
				</sval>
				<sval type="array" size="5">
					<sval type="int" val="135" />
					<sval type="int" val="131074" />
					<sval type="int" val="5" />
					<sval type="int" val="9" />
					<sval type="int" val="655360" />
				</sval>
				<sval type="array" size="5">
					<sval type="int" val="135" />
					<sval type="int" val="131074" />
					<sval type="int" val="5" />
					<sval type="int" val="9" />
					<sval type="int" val="1048656" />
				</sval>
				<sval type="array" size="5">
					<sval type="int" val="135" />
					<sval type="int" val="131074" />
					<sval type="int" val="5" />
					<sval type="int" val="9" />
					<sval type="int" val="1048586" />
				</sval>
				<sval type="array" size="5">
					<sval type="int" val="135" />
					<sval type="int" val="131074" />
					<sval type="int" val="5" />
					<sval type="int" val="9" />
					<sval type="int" val="1048685" />
				</sval>
				<sval type="array" size="5">
					<sval type="int" val="135" />
					<sval type="int" val="131074" />
					<sval type="int" val="5" />
					<sval type="int" val="9" />
					<sval type="int" val="1048686" />
				</sval>
				<sval type="array" size="5">
					<sval type="int" val="135" />
					<sval type="int" val="131074" />
					<sval type="int" val="5" />
					<sval type="int" val="9" />
					<sval type="int" val="720896" />
				</sval>
				<sval type="array" size="5">
					<sval type="int" val="135" />
					<sval type="int" val="131074" />
					<sval type="int" val="5" />
					<sval type="int" val="9" />
					<sval type="int" val="589827" />
				</sval>
				<sval type="array" size="5">
					<sval type="int" val="135" />
					<sval type="int" val="131074" />
					<sval type="int" val="5" />
					<sval type="int" val="9" />
					<sval type="int" val="589828" />
				</sval>
				<sval type="array" size="5">
					<sval type="int" val="135" />
					<sval type="int" val="131074" />
					<sval type="int" val="5" />
					<sval type="int" val="9" />
					<sval type="int" val="589829" />
				</sval>
				<sval type="array" size="4">
					<sval type="int" val="556" />
					<sval type="int" val="131075" />
					<sval type="int" val="1" />
					<sval type="int" val="6" />
				</sval>
				<sval type="array" size="7">
					<sval type="int" val="104" />
					<sval type="int" val="7" />
					<sval type="int" val="1" />
					<sval type="int" val="4" />
					<sval type="int" val="0" />
					<sval type="int" val="1" />
					<sval type="int" val="-1" />
				</sval>
				<sval type="array" size="13">
					<sval type="int" val="104" />
					<sval type="int" val="-1610602999" />
					<sval type="int" val="3" />
					<sval type="int" val="131074" />
					<sval type="int" val="7" />
					<sval type="int" val="131074" />
					<sval type="int" val="6" />
					<sval type="int" val="15" />
					<sval type="int" val="3" />
					<sval type="int" val="3" />
					<sval type="int" val="-1" />
					<sval type="int" val="3" />
					<sval type="int" val="-2" />
				</sval>
				<sval type="array" size="6">
					<sval type="int" val="1452" />
					<sval type="int" val="131075" />
					<sval type="int" val="1" />
					<sval type="int" val="8" />
					<sval type="int" val="131074" />
					<sval type="int" val="7" />
				</sval>
				<sval type="array" size="4">
					<sval type="int" val="131" />
					<sval type="int" val="10" />
					<sval type="int" val="131074" />
					<sval type="int" val="8" />
				</sval>
				<sval type="array" size="7">
					<sval type="int" val="104" />
					<sval type="int" val="-1610603511" />
					<sval type="int" val="1" />
					<sval type="int" val="131074" />
					<sval type="int" val="10" />
					<sval type="int" val="1" />
					<sval type="int" val="-1" />
				</sval>
				<sval type="array" size="2">
					<sval type="int" val="143" />
					<sval type="int" val="10" />
				</sval>
				<sval type="array" size="6">
					<sval type="int" val="129" />
					<sval type="int" val="9" />
					<sval type="int" val="131074" />
					<sval type="int" val="8" />
					<sval type="int" val="131074" />
					<sval type="int" val="10" />
				</sval>
				<sval type="array" size="6">
					<sval type="int" val="1406" />
					<sval type="int" val="-536861945" />
					<sval type="int" val="131074" />
					<sval type="int" val="9" />
					<sval type="int" val="131074" />
					<sval type="int" val="5" />
				</sval>
				<sval type="array" size="5">
					<sval type="int" val="135" />
					<sval type="int" val="131074" />
					<sval type="int" val="5" />
					<sval type="int" val="131074" />
					<sval type="int" val="9" />
				</sval>
				<sval type="array" size="2">
					<sval type="int" val="112" />
					<sval type="int" val="30" />
				</sval>
				<sval type="array" size="2">
					<sval type="int" val="142" />
					<sval type="int" val="7" />
				</sval>
				<sval type="array" size="2">
					<sval type="int" val="112" />
					<sval type="int" val="27" />
				</sval>
				<sval type="array" size="4">
					<sval type="int" val="131" />
					<sval type="int" val="12" />
					<sval type="int" val="131074" />
					<sval type="int" val="3" />
				</sval>
				<sval type="array" size="7">
					<sval type="int" val="104" />
					<sval type="int" val="-1610599415" />
					<sval type="int" val="1" />
					<sval type="int" val="131074" />
					<sval type="int" val="12" />
					<sval type="int" val="1" />
					<sval type="int" val="-1" />
				</sval>
				<sval type="array" size="2">
					<sval type="int" val="143" />
					<sval type="int" val="12" />
				</sval>
				<sval type="array" size="6">
					<sval type="int" val="129" />
					<sval type="int" val="11" />
					<sval type="int" val="131074" />
					<sval type="int" val="3" />
					<sval type="int" val="131074" />
					<sval type="int" val="12" />
				</sval>
				<sval type="array" size="6">
					<sval type="int" val="1406" />
					<sval type="int" val="-536857852" />
					<sval type="int" val="131074" />
					<sval type="int" val="11" />
					<sval type="int" val="131074" />
					<sval type="int" val="5" />
				</sval>
				<sval type="array" size="6">
					<sval type="int" val="620" />
					<sval type="int" val="131075" />
					<sval type="int" val="11" />
					<sval type="int" val="13" />
					<sval type="int" val="131074" />
					<sval type="int" val="11" />
				</sval>
				<sval type="array" size="6">
					<sval type="int" val="618" />
					<sval type="int" val="131075" />
					<sval type="int" val="1" />
					<sval type="int" val="14" />
					<sval type="int" val="131074" />
					<sval type="int" val="11" />
				</sval>
				<sval type="array" size="13">
					<sval type="int" val="104" />
					<sval type="int" val="-1610600189" />
					<sval type="int" val="3" />
					<sval type="int" val="131074" />
					<sval type="int" val="14" />
					<sval type="int" val="131074" />
					<sval type="int" val="13" />
					<sval type="int" val="15" />
					<sval type="int" val="2" />
					<sval type="int" val="3" />
					<sval type="int" val="-1" />
					<sval type="int" val="2" />
					<sval type="int" val="-2" />
				</sval>
				<sval type="array" size="4">
					<sval type="int" val="604" />
					<sval type="int" val="15" />
					<sval type="int" val="131074" />
					<sval type="int" val="11" />
				</sval>
				<sval type="array" size="29">
					<sval type="int" val="104" />
					<sval type="int" val="4" />
					<sval type="int" val="7" />
					<sval type="int" val="131074" />
					<sval type="int" val="4" />
					<sval type="int" val="131074" />
					<sval type="int" val="14" />
					<sval type="int" val="131074" />
					<sval type="int" val="13" />
					<sval type="int" val="15" />
					<sval type="int" val="12" />
					<sval type="int" val="131074" />
					<sval type="int" val="15" />
					<sval type="int" val="15" />
					<sval type="int" val="13" />
					<sval type="int" val="15" />
					<sval type="int" val="11" />
					<sval type="int" val="11" />
					<sval type="int" val="-1" />
					<sval type="int" val="11" />
					<sval type="int" val="16" />
					<sval type="int" val="16" />
					<sval type="int" val="-2" />
					<sval type="int" val="12" />
					<sval type="int" val="-3" />
					<sval type="int" val="17" />
					<sval type="int" val="13" />
					<sval type="int" val="-5" />
					<sval type="int" val="17" />
				</sval>
				<sval type="array" size="7">
					<sval type="int" val="104" />
					<sval type="int" val="14" />
					<sval type="int" val="1" />
					<sval type="int" val="131074" />
					<sval type="int" val="13" />
					<sval type="int" val="1" />
					<sval type="int" val="-1" />
				</sval>
				<sval type="array" size="13">
					<sval type="int" val="104" />
					<sval type="int" val="-1610599677" />
					<sval type="int" val="3" />
					<sval type="int" val="131074" />
					<sval type="int" val="14" />
					<sval type="int" val="4" />
					<sval type="int" val="0" />
					<sval type="int" val="15" />
					<sval type="int" val="2" />
					<sval type="int" val="3" />
					<sval type="int" val="-1" />
					<sval type="int" val="2" />
					<sval type="int" val="-2" />
				</sval>
				<sval type="array" size="8">
					<sval type="int" val="640" />
					<sval type="int" val="131075" />
					<sval type="int" val="1" />
					<sval type="int" val="-2147483647" />
					<sval type="int" val="131074" />
					<sval type="int" val="14" />
					<sval type="int" val="131074" />
					<sval type="int" val="11" />
				</sval>
				<sval type="array" size="2">
					<sval type="int" val="112" />
					<sval type="int" val="39" />
				</sval>
				<sval type="array" size="4">
					<sval type="int" val="611" />
					<sval type="int" val="131075" />
					<sval type="int" val="1" />
					<sval type="int" val="16" />
				</sval>
				<sval type="array" size="29">
					<sval type="int" val="104" />
					<sval type="int" val="-1610598653" />
					<sval type="int" val="7" />
					<sval type="int" val="131074" />
					<sval type="int" val="4" />
					<sval type="int" val="4" />
					<sval type="int" val="100" />
					<sval type="int" val="15" />
					<sval type="int" val="13" />
					<sval type="int" val="131074" />
					<sval type="int" val="16" />
					<sval type="int" val="15" />
					<sval type="int" val="14" />
					<sval type="int" val="4" />
					<sval type="int" val="50" />
					<sval type="int" val="15" />
					<sval type="int" val="4" />
					<sval type="int" val="11" />
					<sval type="int" val="16" />
					<sval type="int" val="16" />
					<sval type="int" val="-1" />
					<sval type="int" val="13" />
					<sval type="int" val="-2" />
					<sval type="int" val="17" />
					<sval type="int" val="14" />
					<sval type="int" val="-4" />
					<sval type="int" val="17" />
					<sval type="int" val="4" />
					<sval type="int" val="-6" />
				</sval>
				<sval type="array" size="3">
					<sval type="int" val="103" />
					<sval type="int" val="5" />
					<sval type="string" val="I failed to unload most of my cargo." />
				</sval>
				<sval type="array" size="3">
					<sval type="int" val="103" />
					<sval type="int" val="5" />
					<sval type="string" val="success" />
				</sval>
			</sval>
			<sval type="int" val="0" />
			<sval type="array" size="27">
				<sval type="array" size="3">
					<sval type="int" val="0" />
					<sval type="int" val="1" />
					<sval type="string" val="************************************************" />
				</sval>
				<sval type="array" size="3">
					<sval type="int" val="0" />
					<sval type="int" val="1" />
					<sval type="string" val="SCRIPT NAME: plugin.zanzal.droneminer.unload" />
				</sval>
				<sval type="array" size="3">
					<sval type="int" val="0" />
					<sval type="int" val="1" />
					<sval type="string" val="DESCRIPTION: Return to homebase and unload" />
				</sval>
				<sval type="array" size="3">
					<sval type="int" val="0" />
					<sval type="int" val="1" />
					<sval type="string" val="" />
				</sval>
				<sval type="array" size="3">
					<sval type="int" val="0" />
					<sval type="int" val="1" />
					<sval type="string" val="AUTHOR: Zanzal           DATE: 29 December 2013" />
				</sval>
				<sval type="array" size="3">
					<sval type="int" val="0" />
					<sval type="int" val="1" />
					<sval type="string" val="************************************************" />
				</sval>
				<sval type="array" size="2">
					<sval type="int" val="2" />
					<sval type="int" val="2" />
				</sval>
				<sval type="array" size="2">
					<sval type="int" val="5" />
					<sval type="int" val="4" />
				</sval>
				<sval type="array" size="2">
					<sval type="int" val="5" />
					<sval type="int" val="2" />
				</sval>
				<sval type="array" size="2">
					<sval type="int" val="6" />
					<sval type="int" val="2" />
				</sval>
				<sval type="array" size="2">
					<sval type="int" val="12" />
					<sval type="int" val="4" />
				</sval>
				<sval type="array" size="2">
					<sval type="int" val="13" />
					<sval type="int" val="4" />
				</sval>
				<sval type="array" size="2">
					<sval type="int" val="13" />
					<sval type="int" val="2" />
				</sval>
				<sval type="array" size="2">
					<sval type="int" val="15" />
					<sval type="int" val="2" />
				</sval>
				<sval type="array" size="2">
					<sval type="int" val="25" />
					<sval type="int" val="2" />
				</sval>
				<sval type="array" size="2">
					<sval type="int" val="36" />
					<sval type="int" val="4" />
				</sval>
				<sval type="array" size="2">
					<sval type="int" val="38" />
					<sval type="int" val="4" />
				</sval>
				<sval type="array" size="2">
					<sval type="int" val="38" />
					<sval type="int" val="2" />
				</sval>
				<sval type="array" size="2">
					<sval type="int" val="45" />
					<sval type="int" val="2" />
				</sval>
				<sval type="array" size="2">
					<sval type="int" val="49" />
					<sval type="int" val="4" />
				</sval>
				<sval type="array" size="2">
					<sval type="int" val="49" />
					<sval type="int" val="2" />
				</sval>
				<sval type="array" size="2">
					<sval type="int" val="51" />
					<sval type="int" val="4" />
				</sval>
				<sval type="array" size="2">
					<sval type="int" val="51" />
					<sval type="int" val="4" />
				</sval>
				<sval type="array" size="2">
					<sval type="int" val="52" />
					<sval type="int" val="4" />
				</sval>
				<sval type="array" size="2">
					<sval type="int" val="52" />
					<sval type="int" val="2" />
				</sval>
				<sval type="array" size="2">
					<sval type="int" val="55" />
					<sval type="int" val="4" />
				</sval>
				<sval type="array" size="2">
					<sval type="int" val="55" />
					<sval type="int" val="2" />
				</sval>
			</sval>
			<sval type="int" val="0" />
		</sval>
	</codearray>
</script>
