<?xml version="1.0" standalone="yes"?>
<?xml-stylesheet href="x2script.xsl" type="text/xsl"?>
<!-- Generated using X-Studio -->
<script>
	<name>plugin.zanzal.drone.sellware</name>
	<version>1</version>
	<engineversion>50</engineversion>
	<description></description>
	<arguments>
		<argument index="1" name="station" type="Var/Station" desc="" />
		<argument index="2" name="ware" type="Var/Station" desc="" />
		<argument index="3" name="quantity" type="Var/Station" desc="" />
	</arguments>
	<sourcetext>
		<line linenr="001" indent="">
			<comment>* ************************************************</comment>
		</line>
		<line linenr="002" indent="">
			<comment>* SCRIPT NAME: plugin.zanzal.drone.sellware</comment>
		</line>
		<line linenr="003" indent="">
			<comment>* DESCRIPTION: Sell $ware $quantity @ $station</comment>
		</line>
		<line linenr="004" indent="">
			<comment>* </comment>
		</line>
		<line linenr="005" indent="">
			<comment>* AUTHOR:  Zanzal          DATE: 31 December 2013</comment>
		</line>
		<line linenr="006" indent="">
			<comment>* ************************************************</comment>
		</line>
		<line linenr="007" indent="" />
		<line linenr="008" indent="">
			<var>$IDX_ORESALES</var>
			<text> </text>
			<text>=</text>
			<text> </text>
			<var>18</var>
		</line>
		<line linenr="009" indent="">
			<var>$IDX_SILICONSALES</var>
			<text> </text>
			<text>=</text>
			<text> </text>
			<var>19</var>
		</line>
		<line linenr="010" indent="">
			<var>$IDX_NIVIDIUMSALES</var>
			<text> </text>
			<text>=</text>
			<text> </text>
			<var>20</var>
		</line>
		<line linenr="011" indent="">
			<var>$IDX_ICESALES</var>
			<text> </text>
			<text>=</text>
			<text> </text>
			<var>21</var>
		</line>
		<line linenr="012" indent="" />
		<line linenr="013" indent="">
			<var>$nividium.ware</var>
			<text> </text>
			<text>=</text>
			<text> </text>
			<var>{Nividium (WARE_NIVIDIUM2)}</var>
		</line>
		<line linenr="014" indent="">
			<var>$ore.ware</var>
			<text> </text>
			<text>=</text>
			<text> </text>
			<var>{Ore}</var>
		</line>
		<line linenr="015" indent="">
			<var>$ice.ware</var>
			<text> </text>
			<text>=</text>
			<text> </text>
			<var>{Ice}</var>
		</line>
		<line linenr="016" indent="">
			<var>$silicon.ware</var>
			<text> </text>
			<text>=</text>
			<text> </text>
			<var>{Silicon Wafers}</var>
		</line>
		<line linenr="017" indent="" />
		<line linenr="018" indent="" />
		<line linenr="019" indent="">
			<var>[THIS]</var>
			<text>-&gt;</text>
			<text> </text>
			<text>set</text>
			<text> </text>
			<text>destination</text>
			<text> </text>
			<text>to</text>
			<text> </text>
			<var>$station</var>
		</line>
		<line linenr="020" indent="">
			<var>[THIS]</var>
			<text>-&gt;</text>
			<text> </text>
			<text>set</text>
			<text> </text>
			<text>command</text>
			<text>:</text>
			<text> </text>
			<var>[COMMAND_SELL_WARE]</var>
		</line>
		<line linenr="021" indent="">
			<var>[THIS]</var>
			<text>-&gt;</text>
			<text> </text>
			<text>set</text>
			<text> </text>
			<text>wanted</text>
			<text> </text>
			<text>ware</text>
			<text> </text>
			<text>to</text>
			<text> </text>
			<var>$ware</var>
		</line>
		<line linenr="022" indent="">
			<var>[THIS]</var>
			<text>-&gt;</text>
			<text> </text>
			<text>set</text>
			<text> </text>
			<text>wanted</text>
			<text> </text>
			<text>ware</text>
			<text> </text>
			<text>count</text>
			<text> </text>
			<text>to</text>
			<text> </text>
			<var>$quantity</var>
		</line>
		<line linenr="023" indent="" />
		<line linenr="024" indent="" interruptable="@">
			<text>=</text>
			<text> </text>
			<var>[THIS]</var>
			<text>-&gt;</text>
			<text> </text>
			<text>call</text>
			<text> </text>
			<text>script</text>
			<text> </text>
			<call>!move.movetostation</call>
			<text> </text>
			<text>:</text>
			<text> </text>
			<text>targetstation</text>
			<text>=</text>
			<var>$station</var>
		</line>
		<line linenr="025" indent="" />
		<line linenr="026" indent="">
			<text>if</text>
			<text> </text>
			<var>[DOCKEDAT]</var>
			<text> </text>
			<text>==</text>
			<text> </text>
			<var>$station</var>
		</line>
		<line linenr="027" indent="&#160;">
			<var>$my.owner</var>
			<text> </text>
			<text>=</text>
			<text> </text>
			<var>[THIS]</var>
			<text>-&gt;</text>
			<text> </text>
			<text>get</text>
			<text> </text>
			<text>owner</text>
			<text> </text>
			<text>race</text>
		</line>
		<line linenr="028" indent="&#160;">
			<var>$station.owner</var>
			<text> </text>
			<text>=</text>
			<text> </text>
			<var>$station</var>
			<text>-&gt;</text>
			<text> </text>
			<text>get</text>
			<text> </text>
			<text>owner</text>
			<text> </text>
			<text>race</text>
		</line>
		<line linenr="029" indent="&#160;">
			<text>if</text>
			<text> </text>
			<var>$my.owner</var>
			<text> </text>
			<text>==</text>
			<text> </text>
			<var>[Player]</var>
			<text> </text>
			<text>AND</text>
			<text> </text>
			<var>$station.owner</var>
			<text> </text>
			<text>==</text>
			<text> </text>
			<var>[Player]</var>
		</line>
		<line linenr="030" indent="&#160;&#160;">
			<text>=</text>
			<text> </text>
			<var>[THIS]</var>
			<text>-&gt;</text>
			<text> </text>
			<text>unload</text>
			<text> </text>
			<var>$quantity</var>
			<text> </text>
			<text>units</text>
			<text> </text>
			<text>of</text>
			<text> </text>
			<var>$ware</var>
		</line>
		<line linenr="031" indent="&#160;">
			<text>else</text>
		</line>
		<line linenr="032" indent="&#160;&#160;">
			<var>$price</var>
			<text> </text>
			<text>=</text>
			<text> </text>
			<var>$station</var>
			<text>-&gt;</text>
			<text> </text>
			<text>get</text>
			<text> </text>
			<text>price</text>
			<text> </text>
			<text>of</text>
			<text> </text>
			<text>ware</text>
			<text> </text>
			<var>$ware</var>
		</line>
		<line linenr="033" indent="&#160;&#160;">
			<var>$sold</var>
			<text> </text>
			<text>=</text>
			<text> </text>
			<var>[THIS]</var>
			<text>-&gt;</text>
			<text> </text>
			<text>sell</text>
			<text> </text>
			<var>$quantity</var>
			<text> </text>
			<text>units</text>
			<text> </text>
			<text>of</text>
			<text> </text>
			<var>$ware</var>
		</line>
		<line linenr="034" indent="&#160;&#160;" />
		<line linenr="035" indent="&#160;&#160;">
			<var>$idx</var>
			<text> </text>
			<text>=</text>
			<text> </text>
			<var>0</var>
		</line>
		<line linenr="036" indent="&#160;&#160;">
			<text>if</text>
			<text> </text>
			<var>$ware</var>
			<text> </text>
			<text>==</text>
			<text> </text>
			<var>$ore.ware</var>
		</line>
		<line linenr="037" indent="&#160;&#160;&#160;">
			<var>$idx</var>
			<text> </text>
			<text>=</text>
			<text> </text>
			<var>$IDX_ORESALES</var>
		</line>
		<line linenr="038" indent="&#160;&#160;">
			<text>else</text>
			<text> </text>
			<text>if</text>
			<text> </text>
			<var>$ware</var>
			<text> </text>
			<text>==</text>
			<text> </text>
			<var>$silicon.ware</var>
		</line>
		<line linenr="039" indent="&#160;&#160;&#160;">
			<var>$idx</var>
			<text> </text>
			<text>=</text>
			<text> </text>
			<var>$IDX_SILICONSALES</var>
		</line>
		<line linenr="040" indent="&#160;&#160;">
			<text>else</text>
			<text> </text>
			<text>if</text>
			<text> </text>
			<var>$ware</var>
			<text> </text>
			<text>==</text>
			<text> </text>
			<var>$nividium.ware</var>
		</line>
		<line linenr="041" indent="&#160;&#160;&#160;">
			<var>$idx</var>
			<text> </text>
			<text>=</text>
			<text> </text>
			<var>$IDX_NIVIDIUMSALES</var>
		</line>
		<line linenr="042" indent="&#160;&#160;">
			<text>else</text>
			<text> </text>
			<text>if</text>
			<text> </text>
			<var>$ware</var>
			<text> </text>
			<text>==</text>
			<text> </text>
			<var>$ice.ware</var>
		</line>
		<line linenr="043" indent="&#160;&#160;&#160;">
			<var>$idx</var>
			<text> </text>
			<text>=</text>
			<text> </text>
			<var>$IDX_ICESALES</var>
		</line>
		<line linenr="044" indent="&#160;&#160;">
			<text>end</text>
		</line>
		<line linenr="045" indent="&#160;&#160;" />
		<line linenr="046" indent="&#160;&#160;">
			<text>if</text>
			<text> </text>
			<var>$idx</var>
			<text> </text>
			<text>!=</text>
			<text> </text>
			<var>0</var>
		</line>
		<line linenr="047" indent="&#160;&#160;&#160;">
			<var>$vars</var>
			<text> </text>
			<text>=</text>
			<text> </text>
			<var>[HOMEBASE]</var>
			<text>-&gt;</text>
			<text> </text>
			<text>get</text>
			<text> </text>
			<text>local</text>
			<text> </text>
			<text>variable</text>
			<text>:</text>
			<text> </text>
			<text>name</text>
			<text>=</text>
			<text>'zanzal.droneminer'</text>
		</line>
		<line linenr="048" indent="&#160;&#160;&#160;">
			<text>if</text>
			<text> </text>
			<text>size</text>
			<text> </text>
			<text>of</text>
			<text> </text>
			<text>array</text>
			<text> </text>
			<var>$vars</var>
		</line>
		<line linenr="049" indent="&#160;&#160;&#160;&#160;">
			<var>$sales</var>
			<text> </text>
			<text>=</text>
			<text> </text>
			<var>$vars</var>
			<text>[</text>
			<var>$idx</var>
			<text>]</text>
		</line>
		<line linenr="050" indent="&#160;&#160;&#160;&#160;">
			<text>if</text>
			<text> </text>
			<var>$sales</var>
			<text> </text>
			<text>==</text>
			<text> </text>
			<var>null</var>
		</line>
		<line linenr="051" indent="&#160;&#160;&#160;&#160;&#160;">
			<var>$sales</var>
			<text> </text>
			<text>=</text>
			<text> </text>
			<var>0</var>
		</line>
		<line linenr="052" indent="&#160;&#160;&#160;&#160;">
			<text>end</text>
		</line>
		<line linenr="053" indent="&#160;&#160;&#160;&#160;">
			<var>$sales</var>
			<text> </text>
			<text>=</text>
			<text> </text>
			<var>$sales</var>
			<text> </text>
			<text>+</text>
			<text> </text>
			<text>(</text>
			<var>$sold</var>
			<text> </text>
			<text>*</text>
			<text> </text>
			<var>$price</var>
			<text>)</text>
		</line>
		<line linenr="054" indent="&#160;&#160;&#160;&#160;">
			<var>$vars</var>
			<text>[</text>
			<var>$idx</var>
			<text>]</text>
			<text> </text>
			<text>=</text>
			<text> </text>
			<var>$sales</var>
		</line>
		<line linenr="055" indent="&#160;&#160;&#160;">
			<text>end</text>
		</line>
		<line linenr="056" indent="&#160;&#160;">
			<text>end</text>
		</line>
		<line linenr="057" indent="&#160;">
			<text>end</text>
		</line>
		<line linenr="058" indent="&#160;" interruptable="@">
			<text>=</text>
			<text> </text>
			<text>wait</text>
			<text> </text>
			<text>randomly</text>
			<text> </text>
			<text>from</text>
			<text> </text>
			<var>5000</var>
			<text> </text>
			<text>to</text>
			<text> </text>
			<var>6000</var>
			<text> </text>
			<text>ms</text>
		</line>
		<line linenr="059" indent="">
			<text>end</text>
		</line>
		<line linenr="060" indent="" />
		<line linenr="061" indent="">
			<var>[THIS]</var>
			<text>-&gt;</text>
			<text> </text>
			<text>set</text>
			<text> </text>
			<text>command</text>
			<text>:</text>
			<text> </text>
			<var>[COMMAND_RETURN_HOME]</var>
		</line>
		<line linenr="062" indent="" interruptable="@">
			<text>=</text>
			<text> </text>
			<var>[THIS]</var>
			<text>-&gt;</text>
			<text> </text>
			<text>call</text>
			<text> </text>
			<text>script</text>
			<text> </text>
			<call>!move.returntohomebase</call>
			<text> </text>
			<text>:</text>
		</line>
		<line linenr="063" indent="" />
		<line linenr="064" indent="" />
		<line linenr="065" indent="">
			<text>return</text>
			<text> </text>
			<var>null</var>
		</line>
	</sourcetext>
	<codearray>
		<sval type="array" size="10">
			<sval type="string" val="plugin.zanzal.drone.sellware" />
			<sval type="int" val="50" />
			<sval type="string" val="" />
			<sval type="int" val="1" />
			<sval type="int" val="0" />
			<sval type="array" size="18">
				<sval type="string" val="station" />
				<sval type="string" val="ware" />
				<sval type="string" val="quantity" />
				<sval type="string" val="IDX_ORESALES" />
				<sval type="string" val="IDX_SILICONSALES" />
				<sval type="string" val="IDX_NIVIDIUMSALES" />
				<sval type="string" val="IDX_ICESALES" />
				<sval type="string" val="nividium.ware" />
				<sval type="string" val="ore.ware" />
				<sval type="string" val="ice.ware" />
				<sval type="string" val="silicon.ware" />
				<sval type="string" val="my.owner" />
				<sval type="string" val="station.owner" />
				<sval type="string" val="price" />
				<sval type="string" val="sold" />
				<sval type="string" val="idx" />
				<sval type="string" val="vars" />
				<sval type="string" val="sales" />
			</sval>
			<sval type="array" size="45">
				<sval type="array" size="7">
					<sval type="int" val="104" />
					<sval type="int" val="3" />
					<sval type="int" val="1" />
					<sval type="int" val="4" />
					<sval type="int" val="18" />
					<sval type="int" val="1" />
					<sval type="int" val="-1" />
				</sval>
				<sval type="array" size="7">
					<sval type="int" val="104" />
					<sval type="int" val="4" />
					<sval type="int" val="1" />
					<sval type="int" val="4" />
					<sval type="int" val="19" />
					<sval type="int" val="1" />
					<sval type="int" val="-1" />
				</sval>
				<sval type="array" size="7">
					<sval type="int" val="104" />
					<sval type="int" val="5" />
					<sval type="int" val="1" />
					<sval type="int" val="4" />
					<sval type="int" val="20" />
					<sval type="int" val="1" />
					<sval type="int" val="-1" />
				</sval>
				<sval type="array" size="7">
					<sval type="int" val="104" />
					<sval type="int" val="6" />
					<sval type="int" val="1" />
					<sval type="int" val="4" />
					<sval type="int" val="21" />
					<sval type="int" val="1" />
					<sval type="int" val="-1" />
				</sval>
				<sval type="array" size="7">
					<sval type="int" val="104" />
					<sval type="int" val="7" />
					<sval type="int" val="1" />
					<sval type="int" val="9" />
					<sval type="int" val="983042" />
					<sval type="int" val="1" />
					<sval type="int" val="-1" />
				</sval>
				<sval type="array" size="7">
					<sval type="int" val="104" />
					<sval type="int" val="8" />
					<sval type="int" val="1" />
					<sval type="int" val="9" />
					<sval type="int" val="983040" />
					<sval type="int" val="1" />
					<sval type="int" val="-1" />
				</sval>
				<sval type="array" size="7">
					<sval type="int" val="104" />
					<sval type="int" val="9" />
					<sval type="int" val="1" />
					<sval type="int" val="9" />
					<sval type="int" val="983043" />
					<sval type="int" val="1" />
					<sval type="int" val="-1" />
				</sval>
				<sval type="array" size="7">
					<sval type="int" val="104" />
					<sval type="int" val="10" />
					<sval type="int" val="1" />
					<sval type="int" val="9" />
					<sval type="int" val="983041" />
					<sval type="int" val="1" />
					<sval type="int" val="-1" />
				</sval>
				<sval type="array" size="5">
					<sval type="int" val="519" />
					<sval type="int" val="131075" />
					<sval type="int" val="1" />
					<sval type="int" val="131074" />
					<sval type="int" val="0" />
				</sval>
				<sval type="array" size="5">
					<sval type="int" val="524" />
					<sval type="int" val="131075" />
					<sval type="int" val="1" />
					<sval type="int" val="18" />
					<sval type="int" val="28" />
				</sval>
				<sval type="array" size="5">
					<sval type="int" val="650" />
					<sval type="int" val="131075" />
					<sval type="int" val="1" />
					<sval type="int" val="131074" />
					<sval type="int" val="1" />
				</sval>
				<sval type="array" size="5">
					<sval type="int" val="649" />
					<sval type="int" val="131075" />
					<sval type="int" val="1" />
					<sval type="int" val="131074" />
					<sval type="int" val="2" />
				</sval>
				<sval type="array" size="8">
					<sval type="int" val="102" />
					<sval type="string" val="!move.movetostation" />
					<sval type="int" val="-2147483647" />
					<sval type="int" val="131075" />
					<sval type="int" val="1" />
					<sval type="int" val="1" />
					<sval type="int" val="131074" />
					<sval type="int" val="0" />
				</sval>
				<sval type="array" size="13">
					<sval type="int" val="104" />
					<sval type="int" val="-1610601981" />
					<sval type="int" val="3" />
					<sval type="int" val="131075" />
					<sval type="int" val="11" />
					<sval type="int" val="131074" />
					<sval type="int" val="0" />
					<sval type="int" val="15" />
					<sval type="int" val="0" />
					<sval type="int" val="3" />
					<sval type="int" val="-1" />
					<sval type="int" val="0" />
					<sval type="int" val="-2" />
				</sval>
				<sval type="array" size="4">
					<sval type="int" val="701" />
					<sval type="int" val="131075" />
					<sval type="int" val="1" />
					<sval type="int" val="11" />
				</sval>
				<sval type="array" size="4">
					<sval type="int" val="701" />
					<sval type="int" val="131074" />
					<sval type="int" val="0" />
					<sval type="int" val="12" />
				</sval>
				<sval type="array" size="25">
					<sval type="int" val="104" />
					<sval type="int" val="-1610607869" />
					<sval type="int" val="7" />
					<sval type="int" val="131074" />
					<sval type="int" val="11" />
					<sval type="int" val="10" />
					<sval type="int" val="10" />
					<sval type="int" val="15" />
					<sval type="int" val="0" />
					<sval type="int" val="131074" />
					<sval type="int" val="12" />
					<sval type="int" val="10" />
					<sval type="int" val="10" />
					<sval type="int" val="15" />
					<sval type="int" val="0" />
					<sval type="int" val="15" />
					<sval type="int" val="9" />
					<sval type="int" val="7" />
					<sval type="int" val="-1" />
					<sval type="int" val="0" />
					<sval type="int" val="-2" />
					<sval type="int" val="9" />
					<sval type="int" val="-4" />
					<sval type="int" val="0" />
					<sval type="int" val="-5" />
				</sval>
				<sval type="array" size="8">
					<sval type="int" val="640" />
					<sval type="int" val="131075" />
					<sval type="int" val="1" />
					<sval type="int" val="-2147483647" />
					<sval type="int" val="131074" />
					<sval type="int" val="2" />
					<sval type="int" val="131074" />
					<sval type="int" val="1" />
				</sval>
				<sval type="array" size="2">
					<sval type="int" val="112" />
					<sval type="int" val="41" />
				</sval>
				<sval type="array" size="6">
					<sval type="int" val="627" />
					<sval type="int" val="131074" />
					<sval type="int" val="0" />
					<sval type="int" val="13" />
					<sval type="int" val="131074" />
					<sval type="int" val="1" />
				</sval>
				<sval type="array" size="8">
					<sval type="int" val="603" />
					<sval type="int" val="131075" />
					<sval type="int" val="1" />
					<sval type="int" val="14" />
					<sval type="int" val="131074" />
					<sval type="int" val="2" />
					<sval type="int" val="131074" />
					<sval type="int" val="1" />
				</sval>
				<sval type="array" size="7">
					<sval type="int" val="104" />
					<sval type="int" val="15" />
					<sval type="int" val="1" />
					<sval type="int" val="4" />
					<sval type="int" val="0" />
					<sval type="int" val="1" />
					<sval type="int" val="-1" />
				</sval>
				<sval type="array" size="13">
					<sval type="int" val="104" />
					<sval type="int" val="-1610606333" />
					<sval type="int" val="3" />
					<sval type="int" val="131074" />
					<sval type="int" val="1" />
					<sval type="int" val="131074" />
					<sval type="int" val="8" />
					<sval type="int" val="15" />
					<sval type="int" val="0" />
					<sval type="int" val="3" />
					<sval type="int" val="-1" />
					<sval type="int" val="0" />
					<sval type="int" val="-2" />
				</sval>
				<sval type="array" size="7">
					<sval type="int" val="104" />
					<sval type="int" val="15" />
					<sval type="int" val="1" />
					<sval type="int" val="131074" />
					<sval type="int" val="3" />
					<sval type="int" val="1" />
					<sval type="int" val="-1" />
				</sval>
				<sval type="array" size="2">
					<sval type="int" val="112" />
					<sval type="int" val="33" />
				</sval>
				<sval type="array" size="13">
					<sval type="int" val="104" />
					<sval type="int" val="-1610605563" />
					<sval type="int" val="3" />
					<sval type="int" val="131074" />
					<sval type="int" val="1" />
					<sval type="int" val="131074" />
					<sval type="int" val="10" />
					<sval type="int" val="15" />
					<sval type="int" val="0" />
					<sval type="int" val="3" />
					<sval type="int" val="-1" />
					<sval type="int" val="0" />
					<sval type="int" val="-2" />
				</sval>
				<sval type="array" size="7">
					<sval type="int" val="104" />
					<sval type="int" val="15" />
					<sval type="int" val="1" />
					<sval type="int" val="131074" />
					<sval type="int" val="4" />
					<sval type="int" val="1" />
					<sval type="int" val="-1" />
				</sval>
				<sval type="array" size="2">
					<sval type="int" val="112" />
					<sval type="int" val="33" />
				</sval>
				<sval type="array" size="13">
					<sval type="int" val="104" />
					<sval type="int" val="-1610604795" />
					<sval type="int" val="3" />
					<sval type="int" val="131074" />
					<sval type="int" val="1" />
					<sval type="int" val="131074" />
					<sval type="int" val="7" />
					<sval type="int" val="15" />
					<sval type="int" val="0" />
					<sval type="int" val="3" />
					<sval type="int" val="-1" />
					<sval type="int" val="0" />
					<sval type="int" val="-2" />
				</sval>
				<sval type="array" size="7">
					<sval type="int" val="104" />
					<sval type="int" val="15" />
					<sval type="int" val="1" />
					<sval type="int" val="131074" />
					<sval type="int" val="5" />
					<sval type="int" val="1" />
					<sval type="int" val="-1" />
				</sval>
				<sval type="array" size="2">
					<sval type="int" val="112" />
					<sval type="int" val="33" />
				</sval>
				<sval type="array" size="13">
					<sval type="int" val="104" />
					<sval type="int" val="-1610604283" />
					<sval type="int" val="3" />
					<sval type="int" val="131074" />
					<sval type="int" val="1" />
					<sval type="int" val="131074" />
					<sval type="int" val="9" />
					<sval type="int" val="15" />
					<sval type="int" val="0" />
					<sval type="int" val="3" />
					<sval type="int" val="-1" />
					<sval type="int" val="0" />
					<sval type="int" val="-2" />
				</sval>
				<sval type="array" size="7">
					<sval type="int" val="104" />
					<sval type="int" val="15" />
					<sval type="int" val="1" />
					<sval type="int" val="131074" />
					<sval type="int" val="6" />
					<sval type="int" val="1" />
					<sval type="int" val="-1" />
				</sval>
				<sval type="array" size="13">
					<sval type="int" val="104" />
					<sval type="int" val="-1610602237" />
					<sval type="int" val="3" />
					<sval type="int" val="131074" />
					<sval type="int" val="15" />
					<sval type="int" val="4" />
					<sval type="int" val="0" />
					<sval type="int" val="15" />
					<sval type="int" val="1" />
					<sval type="int" val="3" />
					<sval type="int" val="-1" />
					<sval type="int" val="1" />
					<sval type="int" val="-2" />
				</sval>
				<sval type="array" size="6">
					<sval type="int" val="156" />
					<sval type="int" val="131075" />
					<sval type="int" val="4" />
					<sval type="int" val="5" />
					<sval type="string" val="zanzal.droneminer" />
					<sval type="int" val="16" />
				</sval>
				<sval type="array" size="4">
					<sval type="int" val="131" />
					<sval type="int" val="-1610602237" />
					<sval type="int" val="131074" />
					<sval type="int" val="16" />
				</sval>
				<sval type="array" size="6">
					<sval type="int" val="129" />
					<sval type="int" val="17" />
					<sval type="int" val="131074" />
					<sval type="int" val="16" />
					<sval type="int" val="131074" />
					<sval type="int" val="15" />
				</sval>
				<sval type="array" size="13">
					<sval type="int" val="104" />
					<sval type="int" val="-1610602749" />
					<sval type="int" val="3" />
					<sval type="int" val="131074" />
					<sval type="int" val="17" />
					<sval type="int" val="0" />
					<sval type="int" val="0" />
					<sval type="int" val="15" />
					<sval type="int" val="0" />
					<sval type="int" val="3" />
					<sval type="int" val="-1" />
					<sval type="int" val="0" />
					<sval type="int" val="-2" />
				</sval>
				<sval type="array" size="7">
					<sval type="int" val="104" />
					<sval type="int" val="17" />
					<sval type="int" val="1" />
					<sval type="int" val="4" />
					<sval type="int" val="0" />
					<sval type="int" val="1" />
					<sval type="int" val="-1" />
				</sval>
				<sval type="array" size="21">
					<sval type="int" val="104" />
					<sval type="int" val="17" />
					<sval type="int" val="5" />
					<sval type="int" val="131074" />
					<sval type="int" val="17" />
					<sval type="int" val="131074" />
					<sval type="int" val="14" />
					<sval type="int" val="131074" />
					<sval type="int" val="13" />
					<sval type="int" val="15" />
					<sval type="int" val="13" />
					<sval type="int" val="15" />
					<sval type="int" val="11" />
					<sval type="int" val="7" />
					<sval type="int" val="-1" />
					<sval type="int" val="11" />
					<sval type="int" val="16" />
					<sval type="int" val="-2" />
					<sval type="int" val="13" />
					<sval type="int" val="-3" />
					<sval type="int" val="17" />
				</sval>
				<sval type="array" size="7">
					<sval type="int" val="130" />
					<sval type="int" val="131074" />
					<sval type="int" val="16" />
					<sval type="int" val="131074" />
					<sval type="int" val="15" />
					<sval type="int" val="131074" />
					<sval type="int" val="17" />
				</sval>
				<sval type="array" size="6">
					<sval type="int" val="107" />
					<sval type="int" val="-2147483647" />
					<sval type="int" val="4" />
					<sval type="int" val="5000" />
					<sval type="int" val="4" />
					<sval type="int" val="6000" />
				</sval>
				<sval type="array" size="5">
					<sval type="int" val="524" />
					<sval type="int" val="131075" />
					<sval type="int" val="1" />
					<sval type="int" val="18" />
					<sval type="int" val="1" />
				</sval>
				<sval type="array" size="6">
					<sval type="int" val="102" />
					<sval type="string" val="!move.returntohomebase" />
					<sval type="int" val="-2147483647" />
					<sval type="int" val="131075" />
					<sval type="int" val="1" />
					<sval type="int" val="0" />
				</sval>
				<sval type="array" size="3">
					<sval type="int" val="103" />
					<sval type="int" val="0" />
					<sval type="int" val="0" />
				</sval>
			</sval>
			<sval type="array" size="3">
				<sval type="array" size="2">
					<sval type="int" val="12" />
					<sval type="string" val="" />
				</sval>
				<sval type="array" size="2">
					<sval type="int" val="12" />
					<sval type="string" val="" />
				</sval>
				<sval type="array" size="2">
					<sval type="int" val="12" />
					<sval type="string" val="" />
				</sval>
			</sval>
			<sval type="array" size="24">
				<sval type="array" size="3">
					<sval type="int" val="0" />
					<sval type="int" val="1" />
					<sval type="string" val="************************************************" />
				</sval>
				<sval type="array" size="3">
					<sval type="int" val="0" />
					<sval type="int" val="1" />
					<sval type="string" val="SCRIPT NAME: plugin.zanzal.drone.sellware" />
				</sval>
				<sval type="array" size="3">
					<sval type="int" val="0" />
					<sval type="int" val="1" />
					<sval type="string" val="DESCRIPTION: Sell $ware $quantity @ $station" />
				</sval>
				<sval type="array" size="3">
					<sval type="int" val="0" />
					<sval type="int" val="1" />
					<sval type="string" val="" />
				</sval>
				<sval type="array" size="3">
					<sval type="int" val="0" />
					<sval type="int" val="1" />
					<sval type="string" val="AUTHOR:  Zanzal          DATE: 31 December 2013" />
				</sval>
				<sval type="array" size="3">
					<sval type="int" val="0" />
					<sval type="int" val="1" />
					<sval type="string" val="************************************************" />
				</sval>
				<sval type="array" size="2">
					<sval type="int" val="0" />
					<sval type="int" val="2" />
				</sval>
				<sval type="array" size="2">
					<sval type="int" val="4" />
					<sval type="int" val="2" />
				</sval>
				<sval type="array" size="2">
					<sval type="int" val="8" />
					<sval type="int" val="2" />
				</sval>
				<sval type="array" size="2">
					<sval type="int" val="8" />
					<sval type="int" val="2" />
				</sval>
				<sval type="array" size="2">
					<sval type="int" val="12" />
					<sval type="int" val="2" />
				</sval>
				<sval type="array" size="2">
					<sval type="int" val="13" />
					<sval type="int" val="2" />
				</sval>
				<sval type="array" size="2">
					<sval type="int" val="19" />
					<sval type="int" val="5" />
				</sval>
				<sval type="array" size="2">
					<sval type="int" val="21" />
					<sval type="int" val="2" />
				</sval>
				<sval type="array" size="2">
					<sval type="int" val="33" />
					<sval type="int" val="4" />
				</sval>
				<sval type="array" size="2">
					<sval type="int" val="33" />
					<sval type="int" val="2" />
				</sval>
				<sval type="array" size="2">
					<sval type="int" val="39" />
					<sval type="int" val="4" />
				</sval>
				<sval type="array" size="2">
					<sval type="int" val="41" />
					<sval type="int" val="4" />
				</sval>
				<sval type="array" size="2">
					<sval type="int" val="41" />
					<sval type="int" val="4" />
				</sval>
				<sval type="array" size="2">
					<sval type="int" val="41" />
					<sval type="int" val="4" />
				</sval>
				<sval type="array" size="2">
					<sval type="int" val="42" />
					<sval type="int" val="4" />
				</sval>
				<sval type="array" size="2">
					<sval type="int" val="42" />
					<sval type="int" val="2" />
				</sval>
				<sval type="array" size="2">
					<sval type="int" val="44" />
					<sval type="int" val="2" />
				</sval>
				<sval type="array" size="2">
					<sval type="int" val="44" />
					<sval type="int" val="2" />
				</sval>
			</sval>
			<sval type="int" val="0" />
		</sval>
	</codearray>
</script>
