<?xml version="1.0" standalone="yes"?>
<?xml-stylesheet href="x2script.xsl" type="text/xsl"?>
<!-- Generated using X-Studio -->
<script>
	<name>plugin.zanzal.fdp.command</name>
	<version>2</version>
	<engineversion>50</engineversion>
	<description></description>
	<arguments />
	<sourcetext>
		<line linenr="001" indent="">
			<comment>* ************************************************</comment>
		</line>
		<line linenr="002" indent="">
			<comment>* SCRIPT NAME: plugin.zanzal.fdp.command.xml</comment>
		</line>
		<line linenr="003" indent="">
			<comment>* DESCRIPTION: </comment>
		</line>
		<line linenr="004" indent="">
			<comment>* </comment>
		</line>
		<line linenr="005" indent="">
			<comment>* AUTHOR:  Zanzal         DATE: 30 January 2014</comment>
		</line>
		<line linenr="006" indent="">
			<comment>* ************************************************</comment>
		</line>
		<line linenr="007" indent="">
			<var>$pageid</var>
			<text> </text>
			<text>=</text>
			<text> </text>
			<var>8105</var>
		</line>
		<line linenr="008" indent="">
			<var>$owner.race</var>
			<text> </text>
			<text>=</text>
			<text> </text>
			<var>[THIS]</var>
			<text>-&gt;</text>
			<text> </text>
			<text>get</text>
			<text> </text>
			<text>owner</text>
			<text> </text>
			<text>race</text>
		</line>
		<line linenr="009" indent="">
			<var>$fd.ship.ware</var>
			<text> </text>
			<text>=</text>
			<text> </text>
			<var>{Argon Freight Drone}</var>
		</line>
		<line linenr="010" indent="">
			<var>$fd.item.ware</var>
			<text> </text>
			<text>=</text>
			<text> </text>
			<var>{Freight Drone}</var>
		</line>
		<line linenr="011" indent="">
			<text>set</text>
			<text> </text>
			<text>script</text>
			<text> </text>
			<text>command</text>
			<text>:</text>
			<text> </text>
			<var>[COMMAND_FDRONE_PROD]</var>
		</line>
		<line linenr="012" indent="" />
		<line linenr="013" indent="">
			<text>if</text>
			<text> </text>
			<var>$owner.race</var>
			<text> </text>
			<text>==</text>
			<text> </text>
			<var>[Player]</var>
		</line>
		<line linenr="014" indent="&#160;">
			<var>$products</var>
			<text> </text>
			<text>=</text>
			<text> </text>
			<var>[THIS]</var>
			<text>-&gt;</text>
			<text> </text>
			<text>get</text>
			<text> </text>
			<text>products</text>
		</line>
		<line linenr="015" indent="&#160;">
			<text>if</text>
			<text> </text>
			<text>not</text>
			<text> </text>
			<text>player</text>
			<text> </text>
			<text>HQ</text>
			<text> </text>
			<text>has</text>
			<text> </text>
			<text>blueprints</text>
			<text> </text>
			<text>for</text>
			<text>:</text>
			<text> </text>
			<text>type</text>
			<text>=</text>
			<var>$fd.ship.ware</var>
		</line>
		<line linenr="016" indent="&#160;&#160;">
			<var>$title.text</var>
			<text> </text>
			<text>=</text>
			<text> </text>
			<text>read</text>
			<text> </text>
			<text>text</text>
			<text>:</text>
			<text> </text>
			<text>page</text>
			<text>=</text>
			<var>$pageid</var>
			<text> </text>
			<text>id</text>
			<text>=</text>
			<var>1</var>
		</line>
		<line linenr="017" indent="&#160;&#160;">
			<var>$question.text</var>
			<text> </text>
			<text>=</text>
			<text> </text>
			<text>read</text>
			<text> </text>
			<text>text</text>
			<text>:</text>
			<text> </text>
			<text>page</text>
			<text>=</text>
			<var>$pageid</var>
			<text> </text>
			<text>id</text>
			<text>=</text>
			<var>2</var>
		</line>
		<line linenr="018" indent="&#160;&#160;">
			<var>$cost</var>
			<text> </text>
			<text>=</text>
			<text> </text>
			<text>read</text>
			<text> </text>
			<text>text</text>
			<text>:</text>
			<text> </text>
			<text>page</text>
			<text>=</text>
			<var>$pageid</var>
			<text> </text>
			<text>id</text>
			<text>=</text>
			<var>3</var>
		</line>
		<line linenr="019" indent="&#160;&#160;">
			<var>$answer.text</var>
			<text> </text>
			<text>=</text>
			<text> </text>
			<text>read</text>
			<text> </text>
			<text>text</text>
			<text>:</text>
			<text> </text>
			<text>page</text>
			<text>=</text>
			<var>$pageid</var>
			<text> </text>
			<text>id</text>
			<text>=</text>
			<var>4</var>
		</line>
		<line linenr="020" indent="&#160;&#160;">
			<var>$cost</var>
			<text> </text>
			<text>=</text>
			<text> </text>
			<text>string</text>
			<text> </text>
			<var>$cost</var>
			<text> </text>
			<text>to</text>
			<text> </text>
			<text>integer</text>
		</line>
		<line linenr="021" indent="&#160;&#160;">
			<var>$yes.text</var>
			<text> </text>
			<text>=</text>
			<text> </text>
			<text>read</text>
			<text> </text>
			<text>text</text>
			<text>:</text>
			<text> </text>
			<text>page</text>
			<text>=</text>
			<var>35</var>
			<text> </text>
			<text>id</text>
			<text>=</text>
			<var>1102301</var>
		</line>
		<line linenr="022" indent="&#160;&#160;">
			<var>$no.text</var>
			<text> </text>
			<text>=</text>
			<text> </text>
			<text>read</text>
			<text> </text>
			<text>text</text>
			<text>:</text>
			<text> </text>
			<text>page</text>
			<text>=</text>
			<var>35</var>
			<text> </text>
			<text>id</text>
			<text>=</text>
			<var>1102302</var>
		</line>
		<line linenr="023" indent="&#160;&#160;" />
		<line linenr="024" indent="&#160;&#160;">
			<var>$menu</var>
			<text> </text>
			<text>=</text>
			<text> </text>
			<text>create</text>
			<text> </text>
			<text>custom</text>
			<text> </text>
			<text>menu</text>
			<text> </text>
			<text>array</text>
		</line>
		<line linenr="025" indent="&#160;&#160;">
			<text>add</text>
			<text> </text>
			<text>custom</text>
			<text> </text>
			<text>menu</text>
			<text> </text>
			<text>heading</text>
			<text> </text>
			<text>to</text>
			<text> </text>
			<text>array</text>
			<text> </text>
			<var>$menu</var>
			<text>:</text>
			<text> </text>
			<text>title</text>
			<text>=</text>
			<var>$answer.text</var>
		</line>
		<line linenr="026" indent="&#160;&#160;">
			<text>add</text>
			<text> </text>
			<text>custom</text>
			<text> </text>
			<text>menu</text>
			<text> </text>
			<text>info</text>
			<text> </text>
			<text>line</text>
			<text> </text>
			<text>to</text>
			<text> </text>
			<text>array</text>
			<text> </text>
			<var>$menu</var>
			<text>:</text>
			<text> </text>
			<text>text</text>
			<text>=</text>
			<var>$question.text</var>
		</line>
		<line linenr="027" indent="&#160;&#160;">
			<text>add</text>
			<text> </text>
			<text>custom</text>
			<text> </text>
			<text>menu</text>
			<text> </text>
			<text>item</text>
			<text> </text>
			<text>to</text>
			<text> </text>
			<text>array</text>
			<text> </text>
			<var>$menu</var>
			<text>:</text>
			<text> </text>
			<text>text</text>
			<text>=</text>
			<var>$yes.text</var>
			<text> </text>
			<text>returnvalue</text>
			<text>=</text>
			<var>[TRUE]</var>
		</line>
		<line linenr="028" indent="&#160;&#160;">
			<text>add</text>
			<text> </text>
			<text>custom</text>
			<text> </text>
			<text>menu</text>
			<text> </text>
			<text>item</text>
			<text> </text>
			<text>to</text>
			<text> </text>
			<text>array</text>
			<text> </text>
			<var>$menu</var>
			<text>:</text>
			<text> </text>
			<text>text</text>
			<text>=</text>
			<var>$no.text</var>
			<text> </text>
			<text>returnvalue</text>
			<text>=</text>
			<var>-1</var>
		</line>
		<line linenr="029" indent="&#160;&#160;">
			<var>$result</var>
			<text> </text>
			<text>=</text>
			<text> </text>
			<text>open</text>
			<text> </text>
			<text>custom</text>
			<text> </text>
			<text>menu</text>
			<text>:</text>
			<text> </text>
			<text>title</text>
			<text>=</text>
			<var>$title.text</var>
			<text> </text>
			<text>description</text>
			<text>=</text>
			<var>[THIS]</var>
			<text> </text>
			<text>option</text>
			<text> </text>
			<text>array</text>
			<text>=</text>
			<var>$menu</var>
		</line>
		<line linenr="030" indent="&#160;&#160;">
			<text>if</text>
			<text> </text>
			<var>$result</var>
			<text> </text>
			<text>==</text>
			<text> </text>
			<var>[TRUE]</var>
		</line>
		<line linenr="031" indent="&#160;&#160;&#160;">
			<var>$money</var>
			<text> </text>
			<text>=</text>
			<text> </text>
			<var>[THIS]</var>
			<text>-&gt;</text>
			<text> </text>
			<text>get</text>
			<text> </text>
			<text>money</text>
		</line>
		<line linenr="032" indent="&#160;&#160;&#160;">
			<text>if</text>
			<text> </text>
			<var>$money</var>
			<text> </text>
			<text>&gt;=</text>
			<text> </text>
			<var>$cost</var>
		</line>
		<line linenr="033" indent="&#160;&#160;&#160;&#160;">
			<var>$cost</var>
			<text> </text>
			<text>=</text>
			<text> </text>
			<var>0</var>
			<text> </text>
			<text>-</text>
			<text> </text>
			<var>$cost</var>
		</line>
		<line linenr="034" indent="&#160;&#160;&#160;&#160;">
			<var>[THIS]</var>
			<text>-&gt;</text>
			<text> </text>
			<text>add</text>
			<text> </text>
			<text>money</text>
			<text>:</text>
			<text> </text>
			<var>$cost</var>
		</line>
		<line linenr="035" indent="&#160;&#160;&#160;&#160;">
			<text>add</text>
			<text> </text>
			<text>blueprints</text>
			<text> </text>
			<text>to</text>
			<text> </text>
			<text>player</text>
			<text> </text>
			<text>HQ</text>
			<text>:</text>
			<text> </text>
			<text>type</text>
			<text>=</text>
			<var>$fd.ship.ware</var>
		</line>
		<line linenr="036" indent="&#160;&#160;&#160;">
			<text>else</text>
		</line>
		<line linenr="037" indent="&#160;&#160;&#160;&#160;">
			<var>$money</var>
			<text> </text>
			<text>=</text>
			<text> </text>
			<var>[PLAYERSHIP]</var>
			<text>-&gt;</text>
			<text> </text>
			<text>get</text>
			<text> </text>
			<text>money</text>
		</line>
		<line linenr="038" indent="&#160;&#160;&#160;&#160;">
			<text>if</text>
			<text> </text>
			<var>$money</var>
			<text> </text>
			<text>&gt;=</text>
			<text> </text>
			<var>$cost</var>
		</line>
		<line linenr="039" indent="&#160;&#160;&#160;&#160;&#160;">
			<var>$cost</var>
			<text> </text>
			<text>=</text>
			<text> </text>
			<var>0</var>
			<text> </text>
			<text>-</text>
			<text> </text>
			<var>$cost</var>
		</line>
		<line linenr="040" indent="&#160;&#160;&#160;&#160;&#160;">
			<var>[PLAYERSHIP]</var>
			<text>-&gt;</text>
			<text> </text>
			<text>add</text>
			<text> </text>
			<text>money</text>
			<text>:</text>
			<text> </text>
			<var>$cost</var>
		</line>
		<line linenr="041" indent="&#160;&#160;&#160;&#160;&#160;">
			<text>add</text>
			<text> </text>
			<text>blueprints</text>
			<text> </text>
			<text>to</text>
			<text> </text>
			<text>player</text>
			<text> </text>
			<text>HQ</text>
			<text>:</text>
			<text> </text>
			<text>type</text>
			<text>=</text>
			<var>$fd.ship.ware</var>
		</line>
		<line linenr="042" indent="&#160;&#160;&#160;&#160;">
			<text>else</text>
		</line>
		<line linenr="043" indent="&#160;&#160;&#160;&#160;&#160;" interruptable="@">
			<text>START</text>
			<text> </text>
			<text>speak</text>
			<text> </text>
			<text>text</text>
			<text>:</text>
			<text> </text>
			<text>page</text>
			<text>=</text>
			<var>13</var>
			<text> </text>
			<text>id</text>
			<text>=</text>
			<var>1254</var>
			<text> </text>
			<text>priority</text>
			<text>=</text>
			<var>80</var>
		</line>
		<line linenr="044" indent="&#160;&#160;&#160;&#160;&#160;">
			<text>return</text>
			<text> </text>
			<var>null</var>
		</line>
		<line linenr="045" indent="&#160;&#160;&#160;&#160;">
			<text>end</text>
		</line>
		<line linenr="046" indent="&#160;&#160;&#160;">
			<text>end</text>
		</line>
		<line linenr="047" indent="&#160;&#160;">
			<text>else</text>
		</line>
		<line linenr="048" indent="&#160;&#160;&#160;">
			<text>return</text>
			<text> </text>
			<var>null</var>
		</line>
		<line linenr="049" indent="&#160;&#160;">
			<text>end</text>
		</line>
		<line linenr="050" indent="&#160;">
			<text>end</text>
		</line>
		<line linenr="051" indent="">
			<text>end</text>
		</line>
		<line linenr="052" indent="" />
		<line linenr="053" indent="">
			<text>while</text>
			<text> </text>
			<var>[TRUE]</var>
		</line>
		<line linenr="054" indent="&#160;">
			<var>$drones</var>
			<text> </text>
			<text>=</text>
			<text> </text>
			<var>$owner.race</var>
			<text>-&gt;</text>
			<text> </text>
			<text>get</text>
			<text> </text>
			<text>owned</text>
			<text> </text>
			<text>ships</text>
			<text>:</text>
			<text> </text>
			<text>class</text>
			<text>/</text>
			<text>type</text>
			<text>=</text>
			<var>[Freight Drone]</var>
		</line>
		<line linenr="055" indent="&#160;">
			<var>$XS.Iterator1</var>
			<text> </text>
			<text>=</text>
			<text> </text>
			<text>size</text>
			<text> </text>
			<text>of</text>
			<text> </text>
			<text>array</text>
			<text> </text>
			<var>$drones</var>
		</line>
		<line linenr="056" indent="&#160;&#160;">
			<text>while</text>
			<text> </text>
			<var>$XS.Iterator1</var>
		</line>
		<line linenr="057" indent="&#160;&#160;">
			<text>dec</text>
			<text> </text>
			<var>$XS.Iterator1</var>
		</line>
		<line linenr="058" indent="&#160;&#160;&#160;">
			<var>$drone</var>
			<text> </text>
			<text>=</text>
			<text> </text>
			<var>$drones</var>
			<text>[</text>
			<var>$XS.Iterator1</var>
			<text>]</text>
		</line>
		<line linenr="059" indent="&#160;&#160;">
			<var>$drone.hb</var>
			<text> </text>
			<text>=</text>
			<text> </text>
			<var>$drone</var>
			<text>-&gt;</text>
			<text> </text>
			<text>get</text>
			<text> </text>
			<text>homebase</text>
		</line>
		<line linenr="060" indent="&#160;&#160;">
			<text>do</text>
			<text> </text>
			<text>if</text>
			<text> </text>
			<var>$drone.hb</var>
			<text>-&gt;</text>
			<text> </text>
			<text>exists</text>
		</line>
		<line linenr="061" indent="&#160;&#160;">
			<text>continue</text>
		</line>
		<line linenr="062" indent="&#160;&#160;&#160;" />
		<line linenr="063" indent="&#160;&#160;">
			<var>$drone.cmd</var>
			<text> </text>
			<text>=</text>
			<text> </text>
			<var>$drone</var>
			<text>-&gt;</text>
			<text> </text>
			<text>get</text>
			<text> </text>
			<text>command</text>
		</line>
		<line linenr="064" indent="&#160;&#160;">
			<text>do</text>
			<text> </text>
			<text>if</text>
			<text> </text>
			<var>$drone.cmd</var>
			<text> </text>
			<text>!=</text>
			<text> </text>
			<var>[COMMAND_NONE]</var>
			<text> </text>
			<text>AND</text>
			<text> </text>
			<var>$drone.cmd</var>
			<text> </text>
			<text>!=</text>
			<text> </text>
			<var>null</var>
		</line>
		<line linenr="065" indent="&#160;&#160;">
			<text>continue</text>
		</line>
		<line linenr="066" indent="&#160;&#160;&#160;" />
		<line linenr="067" indent="&#160;&#160;">
			<var>$drone.cargo</var>
			<text> </text>
			<text>=</text>
			<text> </text>
			<var>$drone</var>
			<text>-&gt;</text>
			<text> </text>
			<text>get</text>
			<text> </text>
			<text>total</text>
			<text> </text>
			<text>volume</text>
			<text> </text>
			<text>in</text>
			<text> </text>
			<text>cargo</text>
			<text> </text>
			<text>bay</text>
		</line>
		<line linenr="068" indent="&#160;&#160;">
			<text>do</text>
			<text> </text>
			<text>if</text>
			<text> </text>
			<var>$drone.cargo</var>
			<text> </text>
			<text>&gt;</text>
			<text> </text>
			<var>0</var>
		</line>
		<line linenr="069" indent="&#160;&#160;">
			<text>continue</text>
		</line>
		<line linenr="070" indent="&#160;&#160;&#160;" />
		<line linenr="071" indent="&#160;&#160;">
			<var>$drone.enviro</var>
			<text> </text>
			<text>=</text>
			<text> </text>
			<var>$drone</var>
			<text>-&gt;</text>
			<text> </text>
			<text>get</text>
			<text> </text>
			<text>environment</text>
		</line>
		<line linenr="072" indent="&#160;&#160;">
			<text>do</text>
			<text> </text>
			<text>if</text>
			<text> </text>
			<var>$drone.enviro</var>
			<text> </text>
			<text>!=</text>
			<text> </text>
			<var>[THIS]</var>
		</line>
		<line linenr="073" indent="&#160;&#160;">
			<text>continue</text>
		</line>
		<line linenr="074" indent="&#160;" />
		<line linenr="075" indent="&#160;">
			<text>=</text>
			<text> </text>
			<var>[THIS]</var>
			<text>-&gt;</text>
			<text> </text>
			<text>add</text>
			<text> </text>
			<var>1</var>
			<text> </text>
			<text>units</text>
			<text> </text>
			<text>of</text>
			<text> </text>
			<var>$fd.item.ware</var>
		</line>
		<line linenr="076" indent="&#160;">
			<var>$drone</var>
			<text>-&gt;</text>
			<text> </text>
			<text>destruct</text>
			<text>:</text>
			<text> </text>
			<text>show</text>
			<text> </text>
			<text>no</text>
			<text> </text>
			<text>explosion</text>
			<text>=</text>
			<var>[TRUE]</var>
		</line>
		<line linenr="077" indent="&#160;">
			<text>end</text>
		</line>
		<line linenr="078" indent="&#160;&#160;" />
		<line linenr="079" indent="&#160;&#160;" interruptable="@">
			<text>=</text>
			<text> </text>
			<text>wait</text>
			<text> </text>
			<text>randomly</text>
			<text> </text>
			<text>from</text>
			<text> </text>
			<var>9000</var>
			<text> </text>
			<text>to</text>
			<text> </text>
			<var>11000</var>
			<text> </text>
			<text>ms</text>
		</line>
		<line linenr="080" indent="&#160;&#160;">
			<text>if</text>
			<text> </text>
			<text>is</text>
			<text> </text>
			<text>a</text>
			<text> </text>
			<text>new</text>
			<text> </text>
			<text>script</text>
			<text> </text>
			<text>version</text>
			<text> </text>
			<text>available</text>
		</line>
		<line linenr="081" indent="&#160;">
			<var>$task.id</var>
			<text> </text>
			<text>=</text>
			<text> </text>
			<text>get</text>
			<text> </text>
			<text>task</text>
			<text> </text>
			<text>ID</text>
		</line>
		<line linenr="082" indent="">
			<var>[THIS]</var>
			<text>-&gt;</text>
			<text> </text>
			<text>begin</text>
			<text> </text>
			<text>task</text>
			<text> </text>
			<var>$task.id</var>
			<text> </text>
			<text>with</text>
			<text> </text>
			<text>script</text>
			<text> </text>
			<call>plugin.zanzal.fdp.command</call>
			<text> </text>
			<text>and</text>
			<text> </text>
			<text>priority</text>
			<text> </text>
			<var>100</var>
			<text>:</text>
			<text> </text>
			<text>arg1</text>
			<text>=</text>
			<var>null</var>
			<text> </text>
			<text>arg2</text>
			<text>=</text>
			<var>null</var>
			<text> </text>
			<text>arg3</text>
			<text>=</text>
			<var>null</var>
			<text> </text>
			<text>arg4</text>
			<text>=</text>
			<var>null</var>
			<text> </text>
			<text>arg5</text>
			<text>=</text>
			<var>null</var>
		</line>
		<line linenr="083" indent="">
			<text>return</text>
			<text> </text>
			<var>null</var>
		</line>
		<line linenr="084" indent="">
			<text>end</text>
		</line>
		<line linenr="085" indent="">
			<text>end</text>
		</line>
		<line linenr="086" indent="" />
		<line linenr="087" indent="">
			<text>return</text>
			<text> </text>
			<var>null</var>
		</line>
	</sourcetext>
	<codearray>
		<sval type="array" size="10">
			<sval type="string" val="plugin.zanzal.fdp.command" />
			<sval type="int" val="50" />
			<sval type="string" val="" />
			<sval type="int" val="2" />
			<sval type="int" val="0" />
			<sval type="array" size="22">
				<sval type="string" val="pageid" />
				<sval type="string" val="owner.race" />
				<sval type="string" val="fd.ship.ware" />
				<sval type="string" val="fd.item.ware" />
				<sval type="string" val="products" />
				<sval type="string" val="title.text" />
				<sval type="string" val="question.text" />
				<sval type="string" val="cost" />
				<sval type="string" val="answer.text" />
				<sval type="string" val="yes.text" />
				<sval type="string" val="no.text" />
				<sval type="string" val="menu" />
				<sval type="string" val="result" />
				<sval type="string" val="money" />
				<sval type="string" val="drones" />
				<sval type="string" val="drone" />
				<sval type="string" val="XS.Iterator1" />
				<sval type="string" val="drone.hb" />
				<sval type="string" val="drone.cmd" />
				<sval type="string" val="drone.cargo" />
				<sval type="string" val="drone.enviro" />
				<sval type="string" val="task.id" />
			</sval>
			<sval type="array" size="66">
				<sval type="array" size="7">
					<sval type="int" val="104" />
					<sval type="int" val="0" />
					<sval type="int" val="1" />
					<sval type="int" val="4" />
					<sval type="int" val="8105" />
					<sval type="int" val="1" />
					<sval type="int" val="-1" />
				</sval>
				<sval type="array" size="4">
					<sval type="int" val="701" />
					<sval type="int" val="131075" />
					<sval type="int" val="1" />
					<sval type="int" val="1" />
				</sval>
				<sval type="array" size="7">
					<sval type="int" val="104" />
					<sval type="int" val="2" />
					<sval type="int" val="1" />
					<sval type="int" val="9" />
					<sval type="int" val="459046" />
					<sval type="int" val="1" />
					<sval type="int" val="-1" />
				</sval>
				<sval type="array" size="7">
					<sval type="int" val="104" />
					<sval type="int" val="3" />
					<sval type="int" val="1" />
					<sval type="int" val="9" />
					<sval type="int" val="1048656" />
					<sval type="int" val="1" />
					<sval type="int" val="-1" />
				</sval>
				<sval type="array" size="3">
					<sval type="int" val="120" />
					<sval type="int" val="18" />
					<sval type="int" val="1121" />
				</sval>
				<sval type="array" size="13">
					<sval type="int" val="104" />
					<sval type="int" val="-1610603005" />
					<sval type="int" val="3" />
					<sval type="int" val="131074" />
					<sval type="int" val="1" />
					<sval type="int" val="10" />
					<sval type="int" val="10" />
					<sval type="int" val="15" />
					<sval type="int" val="0" />
					<sval type="int" val="3" />
					<sval type="int" val="-1" />
					<sval type="int" val="0" />
					<sval type="int" val="-2" />
				</sval>
				<sval type="array" size="4">
					<sval type="int" val="1164" />
					<sval type="int" val="131075" />
					<sval type="int" val="1" />
					<sval type="int" val="4" />
				</sval>
				<sval type="array" size="4">
					<sval type="int" val="1218" />
					<sval type="int" val="-536861180" />
					<sval type="int" val="131074" />
					<sval type="int" val="2" />
				</sval>
				<sval type="array" size="6">
					<sval type="int" val="126" />
					<sval type="int" val="5" />
					<sval type="int" val="131074" />
					<sval type="int" val="0" />
					<sval type="int" val="4" />
					<sval type="int" val="1" />
				</sval>
				<sval type="array" size="6">
					<sval type="int" val="126" />
					<sval type="int" val="6" />
					<sval type="int" val="131074" />
					<sval type="int" val="0" />
					<sval type="int" val="4" />
					<sval type="int" val="2" />
				</sval>
				<sval type="array" size="6">
					<sval type="int" val="126" />
					<sval type="int" val="7" />
					<sval type="int" val="131074" />
					<sval type="int" val="0" />
					<sval type="int" val="4" />
					<sval type="int" val="3" />
				</sval>
				<sval type="array" size="6">
					<sval type="int" val="126" />
					<sval type="int" val="8" />
					<sval type="int" val="131074" />
					<sval type="int" val="0" />
					<sval type="int" val="4" />
					<sval type="int" val="4" />
				</sval>
				<sval type="array" size="4">
					<sval type="int" val="1078" />
					<sval type="int" val="7" />
					<sval type="int" val="131074" />
					<sval type="int" val="7" />
				</sval>
				<sval type="array" size="6">
					<sval type="int" val="126" />
					<sval type="int" val="9" />
					<sval type="int" val="4" />
					<sval type="int" val="35" />
					<sval type="int" val="4" />
					<sval type="int" val="1102301" />
				</sval>
				<sval type="array" size="6">
					<sval type="int" val="126" />
					<sval type="int" val="10" />
					<sval type="int" val="4" />
					<sval type="int" val="35" />
					<sval type="int" val="4" />
					<sval type="int" val="1102302" />
				</sval>
				<sval type="array" size="2">
					<sval type="int" val="1445" />
					<sval type="int" val="11" />
				</sval>
				<sval type="array" size="5">
					<sval type="int" val="1448" />
					<sval type="int" val="131074" />
					<sval type="int" val="11" />
					<sval type="int" val="131074" />
					<sval type="int" val="8" />
				</sval>
				<sval type="array" size="5">
					<sval type="int" val="1446" />
					<sval type="int" val="131074" />
					<sval type="int" val="11" />
					<sval type="int" val="131074" />
					<sval type="int" val="6" />
				</sval>
				<sval type="array" size="7">
					<sval type="int" val="1447" />
					<sval type="int" val="131074" />
					<sval type="int" val="11" />
					<sval type="int" val="131074" />
					<sval type="int" val="9" />
					<sval type="int" val="131075" />
					<sval type="int" val="10" />
				</sval>
				<sval type="array" size="7">
					<sval type="int" val="1447" />
					<sval type="int" val="131074" />
					<sval type="int" val="11" />
					<sval type="int" val="131074" />
					<sval type="int" val="10" />
					<sval type="int" val="4" />
					<sval type="int" val="-1" />
				</sval>
				<sval type="array" size="8">
					<sval type="int" val="1230" />
					<sval type="int" val="12" />
					<sval type="int" val="131074" />
					<sval type="int" val="5" />
					<sval type="int" val="131075" />
					<sval type="int" val="1" />
					<sval type="int" val="131074" />
					<sval type="int" val="11" />
				</sval>
				<sval type="array" size="13">
					<sval type="int" val="104" />
					<sval type="int" val="-1610603261" />
					<sval type="int" val="3" />
					<sval type="int" val="131074" />
					<sval type="int" val="12" />
					<sval type="int" val="131075" />
					<sval type="int" val="10" />
					<sval type="int" val="15" />
					<sval type="int" val="0" />
					<sval type="int" val="3" />
					<sval type="int" val="-1" />
					<sval type="int" val="0" />
					<sval type="int" val="-2" />
				</sval>
				<sval type="array" size="4">
					<sval type="int" val="600" />
					<sval type="int" val="131075" />
					<sval type="int" val="1" />
					<sval type="int" val="13" />
				</sval>
				<sval type="array" size="13">
					<sval type="int" val="104" />
					<sval type="int" val="-1610605565" />
					<sval type="int" val="3" />
					<sval type="int" val="131074" />
					<sval type="int" val="13" />
					<sval type="int" val="131074" />
					<sval type="int" val="7" />
					<sval type="int" val="15" />
					<sval type="int" val="4" />
					<sval type="int" val="3" />
					<sval type="int" val="-1" />
					<sval type="int" val="4" />
					<sval type="int" val="-2" />
				</sval>
				<sval type="array" size="13">
					<sval type="int" val="104" />
					<sval type="int" val="7" />
					<sval type="int" val="3" />
					<sval type="int" val="4" />
					<sval type="int" val="0" />
					<sval type="int" val="131074" />
					<sval type="int" val="7" />
					<sval type="int" val="15" />
					<sval type="int" val="12" />
					<sval type="int" val="3" />
					<sval type="int" val="-1" />
					<sval type="int" val="12" />
					<sval type="int" val="-2" />
				</sval>
				<sval type="array" size="5">
					<sval type="int" val="661" />
					<sval type="int" val="131075" />
					<sval type="int" val="1" />
					<sval type="int" val="131074" />
					<sval type="int" val="7" />
				</sval>
				<sval type="array" size="3">
					<sval type="int" val="1217" />
					<sval type="int" val="131074" />
					<sval type="int" val="2" />
				</sval>
				<sval type="array" size="2">
					<sval type="int" val="112" />
					<sval type="int" val="36" />
				</sval>
				<sval type="array" size="4">
					<sval type="int" val="600" />
					<sval type="int" val="131075" />
					<sval type="int" val="3" />
					<sval type="int" val="13" />
				</sval>
				<sval type="array" size="13">
					<sval type="int" val="104" />
					<sval type="int" val="-1610604029" />
					<sval type="int" val="3" />
					<sval type="int" val="131074" />
					<sval type="int" val="13" />
					<sval type="int" val="131074" />
					<sval type="int" val="7" />
					<sval type="int" val="15" />
					<sval type="int" val="4" />
					<sval type="int" val="3" />
					<sval type="int" val="-1" />
					<sval type="int" val="4" />
					<sval type="int" val="-2" />
				</sval>
				<sval type="array" size="13">
					<sval type="int" val="104" />
					<sval type="int" val="7" />
					<sval type="int" val="3" />
					<sval type="int" val="4" />
					<sval type="int" val="0" />
					<sval type="int" val="131074" />
					<sval type="int" val="7" />
					<sval type="int" val="15" />
					<sval type="int" val="12" />
					<sval type="int" val="3" />
					<sval type="int" val="-1" />
					<sval type="int" val="12" />
					<sval type="int" val="-2" />
				</sval>
				<sval type="array" size="5">
					<sval type="int" val="661" />
					<sval type="int" val="131075" />
					<sval type="int" val="3" />
					<sval type="int" val="131074" />
					<sval type="int" val="7" />
				</sval>
				<sval type="array" size="3">
					<sval type="int" val="1217" />
					<sval type="int" val="131074" />
					<sval type="int" val="2" />
				</sval>
				<sval type="array" size="2">
					<sval type="int" val="112" />
					<sval type="int" val="36" />
				</sval>
				<sval type="array" size="8">
					<sval type="int" val="1042" />
					<sval type="int" val="-2147483646" />
					<sval type="int" val="4" />
					<sval type="int" val="13" />
					<sval type="int" val="4" />
					<sval type="int" val="1254" />
					<sval type="int" val="4" />
					<sval type="int" val="80" />
				</sval>
				<sval type="array" size="3">
					<sval type="int" val="103" />
					<sval type="int" val="0" />
					<sval type="int" val="0" />
				</sval>
				<sval type="array" size="2">
					<sval type="int" val="112" />
					<sval type="int" val="38" />
				</sval>
				<sval type="array" size="3">
					<sval type="int" val="103" />
					<sval type="int" val="0" />
					<sval type="int" val="0" />
				</sval>
				<sval type="array" size="7">
					<sval type="int" val="104" />
					<sval type="int" val="-1610596087" />
					<sval type="int" val="1" />
					<sval type="int" val="131075" />
					<sval type="int" val="10" />
					<sval type="int" val="1" />
					<sval type="int" val="-1" />
				</sval>
				<sval type="array" size="6">
					<sval type="int" val="1067" />
					<sval type="int" val="131074" />
					<sval type="int" val="1" />
					<sval type="int" val="14" />
					<sval type="int" val="12" />
					<sval type="int" val="2092" />
				</sval>
				<sval type="array" size="4">
					<sval type="int" val="131" />
					<sval type="int" val="16" />
					<sval type="int" val="131074" />
					<sval type="int" val="14" />
				</sval>
				<sval type="array" size="7">
					<sval type="int" val="104" />
					<sval type="int" val="-1610597623" />
					<sval type="int" val="1" />
					<sval type="int" val="131074" />
					<sval type="int" val="16" />
					<sval type="int" val="1" />
					<sval type="int" val="-1" />
				</sval>
				<sval type="array" size="2">
					<sval type="int" val="143" />
					<sval type="int" val="16" />
				</sval>
				<sval type="array" size="6">
					<sval type="int" val="129" />
					<sval type="int" val="15" />
					<sval type="int" val="131074" />
					<sval type="int" val="14" />
					<sval type="int" val="131074" />
					<sval type="int" val="16" />
				</sval>
				<sval type="array" size="4">
					<sval type="int" val="704" />
					<sval type="int" val="131074" />
					<sval type="int" val="15" />
					<sval type="int" val="17" />
				</sval>
				<sval type="array" size="4">
					<sval type="int" val="706" />
					<sval type="int" val="131074" />
					<sval type="int" val="17" />
					<sval type="int" val="-1610600696" />
				</sval>
				<sval type="array" size="2">
					<sval type="int" val="112" />
					<sval type="int" val="41" />
				</sval>
				<sval type="array" size="4">
					<sval type="int" val="525" />
					<sval type="int" val="131074" />
					<sval type="int" val="15" />
					<sval type="int" val="18" />
				</sval>
				<sval type="array" size="25">
					<sval type="int" val="104" />
					<sval type="int" val="-1610599928" />
					<sval type="int" val="7" />
					<sval type="int" val="131074" />
					<sval type="int" val="18" />
					<sval type="int" val="18" />
					<sval type="int" val="0" />
					<sval type="int" val="15" />
					<sval type="int" val="1" />
					<sval type="int" val="131074" />
					<sval type="int" val="18" />
					<sval type="int" val="0" />
					<sval type="int" val="0" />
					<sval type="int" val="15" />
					<sval type="int" val="1" />
					<sval type="int" val="15" />
					<sval type="int" val="9" />
					<sval type="int" val="7" />
					<sval type="int" val="-1" />
					<sval type="int" val="1" />
					<sval type="int" val="-2" />
					<sval type="int" val="9" />
					<sval type="int" val="-4" />
					<sval type="int" val="1" />
					<sval type="int" val="-5" />
				</sval>
				<sval type="array" size="2">
					<sval type="int" val="112" />
					<sval type="int" val="41" />
				</sval>
				<sval type="array" size="4">
					<sval type="int" val="616" />
					<sval type="int" val="131074" />
					<sval type="int" val="15" />
					<sval type="int" val="19" />
				</sval>
				<sval type="array" size="13">
					<sval type="int" val="104" />
					<sval type="int" val="-1610599160" />
					<sval type="int" val="3" />
					<sval type="int" val="131074" />
					<sval type="int" val="19" />
					<sval type="int" val="4" />
					<sval type="int" val="0" />
					<sval type="int" val="15" />
					<sval type="int" val="2" />
					<sval type="int" val="3" />
					<sval type="int" val="-1" />
					<sval type="int" val="2" />
					<sval type="int" val="-2" />
				</sval>
				<sval type="array" size="2">
					<sval type="int" val="112" />
					<sval type="int" val="41" />
				</sval>
				<sval type="array" size="4">
					<sval type="int" val="702" />
					<sval type="int" val="131074" />
					<sval type="int" val="15" />
					<sval type="int" val="20" />
				</sval>
				<sval type="array" size="13">
					<sval type="int" val="104" />
					<sval type="int" val="-1610598392" />
					<sval type="int" val="3" />
					<sval type="int" val="131074" />
					<sval type="int" val="20" />
					<sval type="int" val="131075" />
					<sval type="int" val="1" />
					<sval type="int" val="15" />
					<sval type="int" val="1" />
					<sval type="int" val="3" />
					<sval type="int" val="-1" />
					<sval type="int" val="1" />
					<sval type="int" val="-2" />
				</sval>
				<sval type="array" size="2">
					<sval type="int" val="112" />
					<sval type="int" val="41" />
				</sval>
				<sval type="array" size="8">
					<sval type="int" val="646" />
					<sval type="int" val="131075" />
					<sval type="int" val="1" />
					<sval type="int" val="-2147483647" />
					<sval type="int" val="4" />
					<sval type="int" val="1" />
					<sval type="int" val="131074" />
					<sval type="int" val="3" />
				</sval>
				<sval type="array" size="5">
					<sval type="int" val="765" />
					<sval type="int" val="131074" />
					<sval type="int" val="15" />
					<sval type="int" val="131075" />
					<sval type="int" val="10" />
				</sval>
				<sval type="array" size="2">
					<sval type="int" val="112" />
					<sval type="int" val="41" />
				</sval>
				<sval type="array" size="6">
					<sval type="int" val="107" />
					<sval type="int" val="-2147483647" />
					<sval type="int" val="4" />
					<sval type="int" val="9000" />
					<sval type="int" val="4" />
					<sval type="int" val="11000" />
				</sval>
				<sval type="array" size="2">
					<sval type="int" val="1201" />
					<sval type="int" val="-1610596349" />
				</sval>
				<sval type="array" size="2">
					<sval type="int" val="147" />
					<sval type="int" val="21" />
				</sval>
				<sval type="array" size="18">
					<sval type="int" val="1017" />
					<sval type="int" val="131075" />
					<sval type="int" val="1" />
					<sval type="string" val="plugin.zanzal.fdp.command" />
					<sval type="int" val="131074" />
					<sval type="int" val="21" />
					<sval type="int" val="4" />
					<sval type="int" val="100" />
					<sval type="int" val="0" />
					<sval type="int" val="0" />
					<sval type="int" val="0" />
					<sval type="int" val="0" />
					<sval type="int" val="0" />
					<sval type="int" val="0" />
					<sval type="int" val="0" />
					<sval type="int" val="0" />
					<sval type="int" val="0" />
					<sval type="int" val="0" />
				</sval>
				<sval type="array" size="3">
					<sval type="int" val="103" />
					<sval type="int" val="0" />
					<sval type="int" val="0" />
				</sval>
				<sval type="array" size="2">
					<sval type="int" val="112" />
					<sval type="int" val="38" />
				</sval>
				<sval type="array" size="3">
					<sval type="int" val="103" />
					<sval type="int" val="0" />
					<sval type="int" val="0" />
				</sval>
			</sval>
			<sval type="int" val="0" />
			<sval type="array" size="30">
				<sval type="array" size="3">
					<sval type="int" val="0" />
					<sval type="int" val="1" />
					<sval type="string" val="************************************************" />
				</sval>
				<sval type="array" size="3">
					<sval type="int" val="0" />
					<sval type="int" val="1" />
					<sval type="string" val="SCRIPT NAME: plugin.zanzal.fdp.command.xml" />
				</sval>
				<sval type="array" size="3">
					<sval type="int" val="0" />
					<sval type="int" val="1" />
					<sval type="string" val="DESCRIPTION: " />
				</sval>
				<sval type="array" size="3">
					<sval type="int" val="0" />
					<sval type="int" val="1" />
					<sval type="string" val="" />
				</sval>
				<sval type="array" size="3">
					<sval type="int" val="0" />
					<sval type="int" val="1" />
					<sval type="string" val="AUTHOR:  Zanzal         DATE: 30 January 2014" />
				</sval>
				<sval type="array" size="3">
					<sval type="int" val="0" />
					<sval type="int" val="1" />
					<sval type="string" val="************************************************" />
				</sval>
				<sval type="array" size="2">
					<sval type="int" val="5" />
					<sval type="int" val="2" />
				</sval>
				<sval type="array" size="2">
					<sval type="int" val="15" />
					<sval type="int" val="2" />
				</sval>
				<sval type="array" size="2">
					<sval type="int" val="28" />
					<sval type="int" val="5" />
				</sval>
				<sval type="array" size="2">
					<sval type="int" val="34" />
					<sval type="int" val="5" />
				</sval>
				<sval type="array" size="2">
					<sval type="int" val="36" />
					<sval type="int" val="4" />
				</sval>
				<sval type="array" size="2">
					<sval type="int" val="36" />
					<sval type="int" val="4" />
				</sval>
				<sval type="array" size="2">
					<sval type="int" val="37" />
					<sval type="int" val="5" />
				</sval>
				<sval type="array" size="2">
					<sval type="int" val="38" />
					<sval type="int" val="4" />
				</sval>
				<sval type="array" size="2">
					<sval type="int" val="38" />
					<sval type="int" val="4" />
				</sval>
				<sval type="array" size="2">
					<sval type="int" val="38" />
					<sval type="int" val="4" />
				</sval>
				<sval type="array" size="2">
					<sval type="int" val="38" />
					<sval type="int" val="2" />
				</sval>
				<sval type="array" size="2">
					<sval type="int" val="47" />
					<sval type="int" val="6" />
				</sval>
				<sval type="array" size="2">
					<sval type="int" val="47" />
					<sval type="int" val="2" />
				</sval>
				<sval type="array" size="2">
					<sval type="int" val="50" />
					<sval type="int" val="6" />
				</sval>
				<sval type="array" size="2">
					<sval type="int" val="50" />
					<sval type="int" val="2" />
				</sval>
				<sval type="array" size="2">
					<sval type="int" val="53" />
					<sval type="int" val="6" />
				</sval>
				<sval type="array" size="2">
					<sval type="int" val="53" />
					<sval type="int" val="2" />
				</sval>
				<sval type="array" size="2">
					<sval type="int" val="56" />
					<sval type="int" val="6" />
				</sval>
				<sval type="array" size="2">
					<sval type="int" val="56" />
					<sval type="int" val="2" />
				</sval>
				<sval type="array" size="2">
					<sval type="int" val="59" />
					<sval type="int" val="4" />
				</sval>
				<sval type="array" size="2">
					<sval type="int" val="59" />
					<sval type="int" val="2" />
				</sval>
				<sval type="array" size="2">
					<sval type="int" val="64" />
					<sval type="int" val="4" />
				</sval>
				<sval type="array" size="2">
					<sval type="int" val="65" />
					<sval type="int" val="4" />
				</sval>
				<sval type="array" size="2">
					<sval type="int" val="65" />
					<sval type="int" val="2" />
				</sval>
			</sval>
			<sval type="int" val="0" />
		</sval>
	</codearray>
</script>
