<?xml version="1.0" standalone="yes"?>
<?xml-stylesheet href="x2script.xsl" type="text/xsl"?>
<!-- Generated using X-Studio -->
<script>
	<name>plugin.zanzal.drone.recall</name>
	<version>1</version>
	<engineversion>50</engineversion>
	<description></description>
	<arguments />
	<sourcetext>
		<line linenr="001" indent="">
			<comment>* ************************************************</comment>
		</line>
		<line linenr="002" indent="">
			<comment>* SCRIPT NAME: plugin.zanzal.drone.recall.xml</comment>
		</line>
		<line linenr="003" indent="">
			<comment>* DESCRIPTION: Recall the drones.</comment>
		</line>
		<line linenr="004" indent="">
			<comment>* </comment>
		</line>
		<line linenr="005" indent="">
			<comment>* AUTHOR: Zanzal          DATE: 26 December 2013</comment>
		</line>
		<line linenr="006" indent="">
			<comment>* ************************************************</comment>
		</line>
		<line linenr="007" indent="" />
		<line linenr="008" indent="">
			<var>[THIS]</var>
			<text>-&gt;</text>
			<text> </text>
			<text>set</text>
			<text> </text>
			<text>command</text>
			<text>:</text>
			<text> </text>
			<var>[COMMAND_RETURN_HOME]</var>
		</line>
		<line linenr="009" indent="" />
		<line linenr="010" indent="">
			<text>gosub</text>
			<text> </text>
			<var>wait_homebase</var>
			<text>:</text>
		</line>
		<line linenr="011" indent="">
			<text>if</text>
			<text> </text>
			<var>[THIS]</var>
			<text>-&gt;</text>
			<text> </text>
			<text>is</text>
			<text> </text>
			<text>of</text>
			<text> </text>
			<text>class</text>
			<text> </text>
			<var>[Freight Drone]</var>
		</line>
		<line linenr="012" indent="&#160;" interruptable="@">
			<text>=</text>
			<text> </text>
			<var>[THIS]</var>
			<text>-&gt;</text>
			<text> </text>
			<text>call</text>
			<text> </text>
			<text>script</text>
			<text> </text>
			<call>!move.returntohomebase</call>
			<text> </text>
			<text>:</text>
		</line>
		<line linenr="013" indent="">
			<text>else</text>
			<text> </text>
			<text>if</text>
			<text> </text>
			<var>[THIS]</var>
			<text>-&gt;</text>
			<text> </text>
			<text>is</text>
			<text> </text>
			<text>of</text>
			<text> </text>
			<text>class</text>
			<text> </text>
			<var>[Drone]</var>
		</line>
		<line linenr="014" indent="&#160;">
			<comment>* Fighter drones don't like to dock normally so we simulate the docking as best as possible</comment>
		</line>
		<line linenr="015" indent="&#160;">
			<text>gosub</text>
			<text> </text>
			<var>drone_dock</var>
			<text>:</text>
		</line>
		<line linenr="016" indent="">
			<text>else</text>
		</line>
		<line linenr="017" indent="&#160;" />
		<line linenr="018" indent="&#160;" interruptable="@">
			<text>=</text>
			<text> </text>
			<var>[THIS]</var>
			<text>-&gt;</text>
			<text> </text>
			<text>call</text>
			<text> </text>
			<text>script</text>
			<text> </text>
			<call>!move.returntohomebase</call>
			<text> </text>
			<text>:</text>
		</line>
		<line linenr="019" indent="">
			<text>end</text>
		</line>
		<line linenr="020" indent="" />
		<line linenr="021" indent="">
			<text>return</text>
			<text> </text>
			<var>null</var>
		</line>
		<line linenr="022" indent="" />
		<line linenr="023" indent="">
			<var>wait_homebase</var>
			<text>:</text>
		</line>
		<line linenr="024" indent="&#160;">
			<var>$homebase</var>
			<text> </text>
			<text>=</text>
			<text> </text>
			<var>[THIS]</var>
			<text>-&gt;</text>
			<text> </text>
			<text>get</text>
			<text> </text>
			<text>homebase</text>
		</line>
		<line linenr="025" indent="&#160;">
			<text>while</text>
			<text> </text>
			<var>[TRUE]</var>
		</line>
		<line linenr="026" indent="&#160;&#160;">
			<text>skip</text>
			<text> </text>
			<text>if</text>
			<text> </text>
			<var>$homebase</var>
			<text>-&gt;</text>
			<text> </text>
			<text>exists</text>
		</line>
		<line linenr="027" indent="&#160;&#160;&#160;">
			<text>return</text>
			<text> </text>
			<var>null</var>
		</line>
		<line linenr="028" indent="&#160;&#160;" />
		<line linenr="029" indent="&#160;&#160;">
			<var>$homebase.sector</var>
			<text> </text>
			<text>=</text>
			<text> </text>
			<var>$homebase</var>
			<text>-&gt;</text>
			<text> </text>
			<text>get</text>
			<text> </text>
			<text>sector</text>
		</line>
		<line linenr="030" indent="&#160;&#160;" />
		<line linenr="031" indent="&#160;&#160;">
			<text>if</text>
			<text> </text>
			<var>[SECTOR]</var>
			<text> </text>
			<text>!=</text>
			<text> </text>
			<var>$homebase.sector</var>
		</line>
		<line linenr="032" indent="&#160;&#160;&#160;">
			<comment>* Homebase has left the sector - No point chasing wait for return until we die.</comment>
		</line>
		<line linenr="033" indent="&#160;&#160;&#160;" interruptable="@">
			<text>=</text>
			<text> </text>
			<text>wait</text>
			<text> </text>
			<text>randomly</text>
			<text> </text>
			<text>from</text>
			<text> </text>
			<var>200</var>
			<text> </text>
			<text>to</text>
			<text> </text>
			<var>400</var>
			<text> </text>
			<text>ms</text>
		</line>
		<line linenr="034" indent="&#160;&#160;">
			<text>else</text>
		</line>
		<line linenr="035" indent="&#160;&#160;&#160;">
			<text>break</text>
		</line>
		<line linenr="036" indent="&#160;&#160;">
			<text>end</text>
		</line>
		<line linenr="037" indent="&#160;">
			<text>end</text>
		</line>
		<line linenr="038" indent="">
			<text>endsub</text>
		</line>
		<line linenr="039" indent="" />
		<line linenr="040" indent="">
			<var>drone_dock</var>
			<text>:</text>
		</line>
		<line linenr="041" indent="&#160;">
			<text>if</text>
			<text> </text>
			<var>[THIS]</var>
			<text>-&gt;</text>
			<text> </text>
			<text>is</text>
			<text> </text>
			<text>of</text>
			<text> </text>
			<text>class</text>
			<text> </text>
			<var>[Fighter Drone MKII]</var>
		</line>
		<line linenr="042" indent="&#160;&#160;">
			<var>$ware</var>
			<text> </text>
			<text>=</text>
			<text> </text>
			<var>{Fighter Drone MKII}</var>
		</line>
		<line linenr="043" indent="&#160;">
			<text>else</text>
			<text> </text>
			<text>if</text>
			<text> </text>
			<var>[THIS]</var>
			<text>-&gt;</text>
			<text> </text>
			<text>is</text>
			<text> </text>
			<text>of</text>
			<text> </text>
			<text>class</text>
			<text> </text>
			<var>[Keris]</var>
		</line>
		<line linenr="044" indent="&#160;&#160;">
			<var>$ware</var>
			<text> </text>
			<text>=</text>
			<text> </text>
			<var>{Keris}</var>
		</line>
		<line linenr="045" indent="&#160;">
			<text>else</text>
		</line>
		<line linenr="046" indent="&#160;&#160;">
			<var>$ware</var>
			<text> </text>
			<text>=</text>
			<text> </text>
			<var>{Fighter Drone}</var>
		</line>
		<line linenr="047" indent="&#160;">
			<text>end</text>
		</line>
		<line linenr="048" indent="&#160;" />
		<line linenr="049" indent="&#160;">
			<text>while</text>
			<text> </text>
			<var>[TRUE]</var>
		</line>
		<line linenr="050" indent="&#160;&#160;" interruptable="@">
			<var>$result</var>
			<text> </text>
			<text>=</text>
			<text> </text>
			<var>[THIS]</var>
			<text>-&gt;</text>
			<text> </text>
			<text>follow</text>
			<text> </text>
			<text>object</text>
			<text> </text>
			<var>$homebase</var>
			<text> </text>
			<text>with</text>
			<text> </text>
			<text>precision</text>
			<text> </text>
			<var>1000</var>
			<text> </text>
			<text>m</text>
			<text> </text>
			<text>:</text>
			<text> </text>
			<text>timeout</text>
			<text>=</text>
			<var>500</var>
			<text> </text>
			<text>ms</text>
		</line>
		<line linenr="051" indent="&#160;&#160;">
			<text>if</text>
			<text> </text>
			<var>$result</var>
			<text> </text>
			<text>==</text>
			<text> </text>
			<var>[FLRET_TARGETREACHED]</var>
		</line>
		<line linenr="052" indent="&#160;&#160;&#160;">
			<text>gosub</text>
			<text> </text>
			<var>dock_success</var>
			<text>:</text>
		</line>
		<line linenr="053" indent="&#160;&#160;">
			<text>else</text>
			<text> </text>
			<text>if</text>
			<text> </text>
			<var>$result</var>
			<text> </text>
			<text>==</text>
			<text> </text>
			<var>[FLRET_BREAK]</var>
			<text> </text>
			<text>OR</text>
			<text> </text>
			<var>$result</var>
			<text> </text>
			<text>==</text>
			<text> </text>
			<var>[FLRET_INTERRUPTED]</var>
		</line>
		<line linenr="054" indent="&#160;&#160;&#160;">
			<text>break</text>
		</line>
		<line linenr="055" indent="&#160;&#160;">
			<text>else</text>
		</line>
		<line linenr="056" indent="&#160;&#160;&#160;">
			<var>$curspd</var>
			<text> </text>
			<text>=</text>
			<text> </text>
			<var>[THIS]</var>
			<text>-&gt;</text>
			<text> </text>
			<text>get</text>
			<text> </text>
			<text>current</text>
			<text> </text>
			<text>speed</text>
		</line>
		<line linenr="057" indent="&#160;&#160;&#160;">
			<var>$maxspd</var>
			<text> </text>
			<text>=</text>
			<text> </text>
			<var>[THIS]</var>
			<text>-&gt;</text>
			<text> </text>
			<text>get</text>
			<text> </text>
			<text>max</text>
			<text> </text>
			<text>speed</text>
		</line>
		<line linenr="058" indent="&#160;&#160;&#160;">
			<var>$dist</var>
			<text> </text>
			<text>=</text>
			<text> </text>
			<text>get</text>
			<text> </text>
			<text>distance</text>
			<text> </text>
			<text>between</text>
			<text> </text>
			<var>[THIS]</var>
			<text> </text>
			<text>and</text>
			<text> </text>
			<var>$homebase</var>
		</line>
		<line linenr="059" indent="&#160;&#160;&#160;">
			<text>if</text>
			<text> </text>
			<var>$curspd</var>
			<text> </text>
			<text>&lt;</text>
			<text> </text>
			<text>(</text>
			<var>$maxspd</var>
			<text> </text>
			<text>/</text>
			<text> </text>
			<var>15</var>
			<text>)</text>
			<text> </text>
			<text>AND</text>
			<text> </text>
			<var>$dist</var>
			<text> </text>
			<text>&lt;</text>
			<text> </text>
			<var>1500</var>
		</line>
		<line linenr="060" indent="&#160;&#160;&#160;&#160;">
			<text>gosub</text>
			<text> </text>
			<var>dock_success</var>
			<text>:</text>
		</line>
		<line linenr="061" indent="&#160;&#160;&#160;">
			<text>end</text>
		</line>
		<line linenr="062" indent="&#160;&#160;">
			<text>end</text>
		</line>
		<line linenr="063" indent="&#160;&#160;">
			<text>gosub</text>
			<text> </text>
			<var>wait_homebase</var>
			<text>:</text>
		</line>
		<line linenr="064" indent="&#160;&#160;" interruptable="@">
			<text>=</text>
			<text> </text>
			<text>wait</text>
			<text> </text>
			<text>randomly</text>
			<text> </text>
			<text>from</text>
			<text> </text>
			<var>100</var>
			<text> </text>
			<text>to</text>
			<text> </text>
			<var>200</var>
			<text> </text>
			<text>ms</text>
		</line>
		<line linenr="065" indent="&#160;">
			<text>end</text>
		</line>
		<line linenr="066" indent="">
			<text>endsub</text>
		</line>
		<line linenr="067" indent="" />
		<line linenr="068" indent="">
			<var>dock_success</var>
			<text>:</text>
		</line>
		<line linenr="069" indent="&#160;">
			<text>=</text>
			<text> </text>
			<var>$homebase</var>
			<text>-&gt;</text>
			<text> </text>
			<text>add</text>
			<text> </text>
			<var>1</var>
			<text> </text>
			<text>units</text>
			<text> </text>
			<text>of</text>
			<text> </text>
			<var>$ware</var>
		</line>
		<line linenr="070" indent="&#160;">
			<var>[THIS]</var>
			<text>-&gt;</text>
			<text> </text>
			<text>destruct</text>
			<text>:</text>
			<text> </text>
			<text>show</text>
			<text> </text>
			<text>no</text>
			<text> </text>
			<text>explosion</text>
			<text>=</text>
			<var>[TRUE]</var>
		</line>
		<line linenr="071" indent="&#160;">
			<text>return</text>
			<text> </text>
			<var>null</var>
		</line>
		<line linenr="072" indent="">
			<text>endsub</text>
		</line>
	</sourcetext>
	<codearray>
		<sval type="array" size="10">
			<sval type="string" val="plugin.zanzal.drone.recall" />
			<sval type="int" val="50" />
			<sval type="string" val="" />
			<sval type="int" val="1" />
			<sval type="int" val="0" />
			<sval type="array" size="7">
				<sval type="string" val="homebase" />
				<sval type="string" val="homebase.sector" />
				<sval type="string" val="ware" />
				<sval type="string" val="result" />
				<sval type="string" val="curspd" />
				<sval type="string" val="maxspd" />
				<sval type="string" val="dist" />
			</sval>
			<sval type="array" size="52">
				<sval type="array" size="5">
					<sval type="int" val="524" />
					<sval type="int" val="131075" />
					<sval type="int" val="1" />
					<sval type="int" val="18" />
					<sval type="int" val="1" />
				</sval>
				<sval type="array" size="2">
					<sval type="int" val="1167" />
					<sval type="int" val="10" />
				</sval>
				<sval type="array" size="6">
					<sval type="int" val="705" />
					<sval type="int" val="131075" />
					<sval type="int" val="1" />
					<sval type="int" val="-1610611453" />
					<sval type="int" val="12" />
					<sval type="int" val="2092" />
				</sval>
				<sval type="array" size="6">
					<sval type="int" val="102" />
					<sval type="string" val="!move.returntohomebase" />
					<sval type="int" val="-2147483647" />
					<sval type="int" val="131075" />
					<sval type="int" val="1" />
					<sval type="int" val="0" />
				</sval>
				<sval type="array" size="2">
					<sval type="int" val="112" />
					<sval type="int" val="9" />
				</sval>
				<sval type="array" size="6">
					<sval type="int" val="705" />
					<sval type="int" val="131075" />
					<sval type="int" val="1" />
					<sval type="int" val="-1610610683" />
					<sval type="int" val="12" />
					<sval type="int" val="2061" />
				</sval>
				<sval type="array" size="2">
					<sval type="int" val="1167" />
					<sval type="int" val="22" />
				</sval>
				<sval type="array" size="2">
					<sval type="int" val="112" />
					<sval type="int" val="9" />
				</sval>
				<sval type="array" size="6">
					<sval type="int" val="102" />
					<sval type="string" val="!move.returntohomebase" />
					<sval type="int" val="-2147483647" />
					<sval type="int" val="131075" />
					<sval type="int" val="1" />
					<sval type="int" val="0" />
				</sval>
				<sval type="array" size="3">
					<sval type="int" val="103" />
					<sval type="int" val="0" />
					<sval type="int" val="0" />
				</sval>
				<sval type="array" size="2">
					<sval type="int" val="101" />
					<sval type="string" val="wait_homebase" />
				</sval>
				<sval type="array" size="4">
					<sval type="int" val="704" />
					<sval type="int" val="131075" />
					<sval type="int" val="1" />
					<sval type="int" val="0" />
				</sval>
				<sval type="array" size="7">
					<sval type="int" val="104" />
					<sval type="int" val="-1610607351" />
					<sval type="int" val="1" />
					<sval type="int" val="131075" />
					<sval type="int" val="10" />
					<sval type="int" val="1" />
					<sval type="int" val="-1" />
				</sval>
				<sval type="array" size="4">
					<sval type="int" val="706" />
					<sval type="int" val="131074" />
					<sval type="int" val="0" />
					<sval type="int" val="-536867065" />
				</sval>
				<sval type="array" size="3">
					<sval type="int" val="103" />
					<sval type="int" val="0" />
					<sval type="int" val="0" />
				</sval>
				<sval type="array" size="4">
					<sval type="int" val="703" />
					<sval type="int" val="131074" />
					<sval type="int" val="0" />
					<sval type="int" val="1" />
				</sval>
				<sval type="array" size="13">
					<sval type="int" val="104" />
					<sval type="int" val="-1610607869" />
					<sval type="int" val="3" />
					<sval type="int" val="131075" />
					<sval type="int" val="6" />
					<sval type="int" val="131074" />
					<sval type="int" val="1" />
					<sval type="int" val="15" />
					<sval type="int" val="1" />
					<sval type="int" val="3" />
					<sval type="int" val="-1" />
					<sval type="int" val="1" />
					<sval type="int" val="-2" />
				</sval>
				<sval type="array" size="6">
					<sval type="int" val="107" />
					<sval type="int" val="-2147483647" />
					<sval type="int" val="4" />
					<sval type="int" val="200" />
					<sval type="int" val="4" />
					<sval type="int" val="400" />
				</sval>
				<sval type="array" size="2">
					<sval type="int" val="112" />
					<sval type="int" val="20" />
				</sval>
				<sval type="array" size="2">
					<sval type="int" val="112" />
					<sval type="int" val="21" />
				</sval>
				<sval type="array" size="2">
					<sval type="int" val="112" />
					<sval type="int" val="12" />
				</sval>
				<sval type="array" size="1">
					<sval type="int" val="1168" />
				</sval>
				<sval type="array" size="2">
					<sval type="int" val="101" />
					<sval type="string" val="drone_dock" />
				</sval>
				<sval type="array" size="6">
					<sval type="int" val="705" />
					<sval type="int" val="131075" />
					<sval type="int" val="1" />
					<sval type="int" val="-1610606077" />
					<sval type="int" val="12" />
					<sval type="int" val="2146" />
				</sval>
				<sval type="array" size="7">
					<sval type="int" val="104" />
					<sval type="int" val="2" />
					<sval type="int" val="1" />
					<sval type="int" val="9" />
					<sval type="int" val="1048686" />
					<sval type="int" val="1" />
					<sval type="int" val="-1" />
				</sval>
				<sval type="array" size="2">
					<sval type="int" val="112" />
					<sval type="int" val="30" />
				</sval>
				<sval type="array" size="6">
					<sval type="int" val="705" />
					<sval type="int" val="131075" />
					<sval type="int" val="1" />
					<sval type="int" val="-1610605307" />
					<sval type="int" val="12" />
					<sval type="int" val="2147" />
				</sval>
				<sval type="array" size="7">
					<sval type="int" val="104" />
					<sval type="int" val="2" />
					<sval type="int" val="1" />
					<sval type="int" val="9" />
					<sval type="int" val="1048685" />
					<sval type="int" val="1" />
					<sval type="int" val="-1" />
				</sval>
				<sval type="array" size="2">
					<sval type="int" val="112" />
					<sval type="int" val="30" />
				</sval>
				<sval type="array" size="7">
					<sval type="int" val="104" />
					<sval type="int" val="2" />
					<sval type="int" val="1" />
					<sval type="int" val="9" />
					<sval type="int" val="1048586" />
					<sval type="int" val="1" />
					<sval type="int" val="-1" />
				</sval>
				<sval type="array" size="7">
					<sval type="int" val="104" />
					<sval type="int" val="-1610600951" />
					<sval type="int" val="1" />
					<sval type="int" val="131075" />
					<sval type="int" val="10" />
					<sval type="int" val="1" />
					<sval type="int" val="-1" />
				</sval>
				<sval type="array" size="10">
					<sval type="int" val="563" />
					<sval type="int" val="131075" />
					<sval type="int" val="1" />
					<sval type="int" val="3" />
					<sval type="int" val="131074" />
					<sval type="int" val="0" />
					<sval type="int" val="4" />
					<sval type="int" val="1000" />
					<sval type="int" val="4" />
					<sval type="int" val="500" />
				</sval>
				<sval type="array" size="13">
					<sval type="int" val="104" />
					<sval type="int" val="-1610603773" />
					<sval type="int" val="3" />
					<sval type="int" val="131074" />
					<sval type="int" val="3" />
					<sval type="int" val="19" />
					<sval type="int" val="10" />
					<sval type="int" val="15" />
					<sval type="int" val="0" />
					<sval type="int" val="3" />
					<sval type="int" val="-1" />
					<sval type="int" val="0" />
					<sval type="int" val="-2" />
				</sval>
				<sval type="array" size="2">
					<sval type="int" val="1167" />
					<sval type="int" val="47" />
				</sval>
				<sval type="array" size="2">
					<sval type="int" val="112" />
					<sval type="int" val="43" />
				</sval>
				<sval type="array" size="25">
					<sval type="int" val="104" />
					<sval type="int" val="-1610603003" />
					<sval type="int" val="7" />
					<sval type="int" val="131074" />
					<sval type="int" val="3" />
					<sval type="int" val="19" />
					<sval type="int" val="8" />
					<sval type="int" val="15" />
					<sval type="int" val="0" />
					<sval type="int" val="131074" />
					<sval type="int" val="3" />
					<sval type="int" val="19" />
					<sval type="int" val="7" />
					<sval type="int" val="15" />
					<sval type="int" val="0" />
					<sval type="int" val="15" />
					<sval type="int" val="10" />
					<sval type="int" val="7" />
					<sval type="int" val="-1" />
					<sval type="int" val="0" />
					<sval type="int" val="-2" />
					<sval type="int" val="10" />
					<sval type="int" val="-4" />
					<sval type="int" val="0" />
					<sval type="int" val="-5" />
				</sval>
				<sval type="array" size="2">
					<sval type="int" val="112" />
					<sval type="int" val="46" />
				</sval>
				<sval type="array" size="2">
					<sval type="int" val="112" />
					<sval type="int" val="43" />
				</sval>
				<sval type="array" size="4">
					<sval type="int" val="1131" />
					<sval type="int" val="131075" />
					<sval type="int" val="1" />
					<sval type="int" val="4" />
				</sval>
				<sval type="array" size="4">
					<sval type="int" val="785" />
					<sval type="int" val="131075" />
					<sval type="int" val="1" />
					<sval type="int" val="5" />
				</sval>
				<sval type="array" size="6">
					<sval type="int" val="738" />
					<sval type="int" val="6" />
					<sval type="int" val="131075" />
					<sval type="int" val="1" />
					<sval type="int" val="131074" />
					<sval type="int" val="0" />
				</sval>
				<sval type="array" size="33">
					<sval type="int" val="104" />
					<sval type="int" val="-1610601725" />
					<sval type="int" val="9" />
					<sval type="int" val="131074" />
					<sval type="int" val="4" />
					<sval type="int" val="131074" />
					<sval type="int" val="5" />
					<sval type="int" val="4" />
					<sval type="int" val="15" />
					<sval type="int" val="15" />
					<sval type="int" val="14" />
					<sval type="int" val="15" />
					<sval type="int" val="3" />
					<sval type="int" val="131074" />
					<sval type="int" val="6" />
					<sval type="int" val="4" />
					<sval type="int" val="1500" />
					<sval type="int" val="15" />
					<sval type="int" val="3" />
					<sval type="int" val="15" />
					<sval type="int" val="9" />
					<sval type="int" val="11" />
					<sval type="int" val="-1" />
					<sval type="int" val="3" />
					<sval type="int" val="16" />
					<sval type="int" val="-2" />
					<sval type="int" val="14" />
					<sval type="int" val="-3" />
					<sval type="int" val="17" />
					<sval type="int" val="9" />
					<sval type="int" val="-6" />
					<sval type="int" val="3" />
					<sval type="int" val="-7" />
				</sval>
				<sval type="array" size="2">
					<sval type="int" val="1167" />
					<sval type="int" val="47" />
				</sval>
				<sval type="array" size="2">
					<sval type="int" val="1167" />
					<sval type="int" val="10" />
				</sval>
				<sval type="array" size="6">
					<sval type="int" val="107" />
					<sval type="int" val="-2147483647" />
					<sval type="int" val="4" />
					<sval type="int" val="100" />
					<sval type="int" val="4" />
					<sval type="int" val="200" />
				</sval>
				<sval type="array" size="2">
					<sval type="int" val="112" />
					<sval type="int" val="30" />
				</sval>
				<sval type="array" size="1">
					<sval type="int" val="1168" />
				</sval>
				<sval type="array" size="2">
					<sval type="int" val="101" />
					<sval type="string" val="dock_success" />
				</sval>
				<sval type="array" size="8">
					<sval type="int" val="646" />
					<sval type="int" val="131074" />
					<sval type="int" val="0" />
					<sval type="int" val="-2147483647" />
					<sval type="int" val="4" />
					<sval type="int" val="1" />
					<sval type="int" val="131074" />
					<sval type="int" val="2" />
				</sval>
				<sval type="array" size="5">
					<sval type="int" val="765" />
					<sval type="int" val="131075" />
					<sval type="int" val="1" />
					<sval type="int" val="131075" />
					<sval type="int" val="10" />
				</sval>
				<sval type="array" size="3">
					<sval type="int" val="103" />
					<sval type="int" val="0" />
					<sval type="int" val="0" />
				</sval>
				<sval type="array" size="1">
					<sval type="int" val="1168" />
				</sval>
			</sval>
			<sval type="int" val="0" />
			<sval type="array" size="31">
				<sval type="array" size="3">
					<sval type="int" val="0" />
					<sval type="int" val="1" />
					<sval type="string" val="************************************************" />
				</sval>
				<sval type="array" size="3">
					<sval type="int" val="0" />
					<sval type="int" val="1" />
					<sval type="string" val="SCRIPT NAME: plugin.zanzal.drone.recall.xml" />
				</sval>
				<sval type="array" size="3">
					<sval type="int" val="0" />
					<sval type="int" val="1" />
					<sval type="string" val="DESCRIPTION: Recall the drones." />
				</sval>
				<sval type="array" size="3">
					<sval type="int" val="0" />
					<sval type="int" val="1" />
					<sval type="string" val="" />
				</sval>
				<sval type="array" size="3">
					<sval type="int" val="0" />
					<sval type="int" val="1" />
					<sval type="string" val="AUTHOR: Zanzal          DATE: 26 December 2013" />
				</sval>
				<sval type="array" size="3">
					<sval type="int" val="0" />
					<sval type="int" val="1" />
					<sval type="string" val="************************************************" />
				</sval>
				<sval type="array" size="2">
					<sval type="int" val="0" />
					<sval type="int" val="2" />
				</sval>
				<sval type="array" size="2">
					<sval type="int" val="1" />
					<sval type="int" val="2" />
				</sval>
				<sval type="array" size="3">
					<sval type="int" val="6" />
					<sval type="int" val="1" />
					<sval type="string" val="Fighter drones don't like to dock normally so we simulate the docking as best as possible" />
				</sval>
				<sval type="array" size="2">
					<sval type="int" val="8" />
					<sval type="int" val="5" />
				</sval>
				<sval type="array" size="2">
					<sval type="int" val="8" />
					<sval type="int" val="2" />
				</sval>
				<sval type="array" size="2">
					<sval type="int" val="9" />
					<sval type="int" val="4" />
				</sval>
				<sval type="array" size="2">
					<sval type="int" val="9" />
					<sval type="int" val="2" />
				</sval>
				<sval type="array" size="2">
					<sval type="int" val="10" />
					<sval type="int" val="2" />
				</sval>
				<sval type="array" size="2">
					<sval type="int" val="15" />
					<sval type="int" val="2" />
				</sval>
				<sval type="array" size="2">
					<sval type="int" val="16" />
					<sval type="int" val="2" />
				</sval>
				<sval type="array" size="3">
					<sval type="int" val="17" />
					<sval type="int" val="1" />
					<sval type="string" val="Homebase has left the sector - No point chasing wait for return until we die." />
				</sval>
				<sval type="array" size="2">
					<sval type="int" val="19" />
					<sval type="int" val="5" />
				</sval>
				<sval type="array" size="2">
					<sval type="int" val="20" />
					<sval type="int" val="7" />
				</sval>
				<sval type="array" size="2">
					<sval type="int" val="20" />
					<sval type="int" val="4" />
				</sval>
				<sval type="array" size="2">
					<sval type="int" val="21" />
					<sval type="int" val="4" />
				</sval>
				<sval type="array" size="2">
					<sval type="int" val="22" />
					<sval type="int" val="2" />
				</sval>
				<sval type="array" size="2">
					<sval type="int" val="29" />
					<sval type="int" val="5" />
				</sval>
				<sval type="array" size="2">
					<sval type="int" val="30" />
					<sval type="int" val="4" />
				</sval>
				<sval type="array" size="2">
					<sval type="int" val="30" />
					<sval type="int" val="2" />
				</sval>
				<sval type="array" size="2">
					<sval type="int" val="37" />
					<sval type="int" val="7" />
				</sval>
				<sval type="array" size="2">
					<sval type="int" val="38" />
					<sval type="int" val="5" />
				</sval>
				<sval type="array" size="2">
					<sval type="int" val="43" />
					<sval type="int" val="4" />
				</sval>
				<sval type="array" size="2">
					<sval type="int" val="43" />
					<sval type="int" val="4" />
				</sval>
				<sval type="array" size="2">
					<sval type="int" val="46" />
					<sval type="int" val="4" />
				</sval>
				<sval type="array" size="2">
					<sval type="int" val="47" />
					<sval type="int" val="2" />
				</sval>
			</sval>
			<sval type="int" val="0" />
		</sval>
	</codearray>
</script>
