<?xml version="1.0" standalone="yes"?>
<?xml-stylesheet href="x2script.xsl" type="text/xsl"?>
<!-- Generated using X-Studio -->
<script>
	<name>plugin.zanzal.droneminer.command</name>
	<version>2</version>
	<engineversion>50</engineversion>
	<description></description>
	<arguments>
		<argument index="1" name="subcmd" type="String" desc="" />
	</arguments>
	<sourcetext>
		<line linenr="001" indent="">
			<comment>* ************************************************</comment>
		</line>
		<line linenr="002" indent="">
			<comment>* SCRIPT NAME: plugin.zanzal.droneminer.command</comment>
		</line>
		<line linenr="003" indent="">
			<comment>* DESCRIPTION: Command script that is executed whenever</comment>
		</line>
		<line linenr="004" indent="">
			<comment>* the order to Drone Mining and Trading is given.</comment>
		</line>
		<line linenr="005" indent="">
			<comment>* </comment>
		</line>
		<line linenr="006" indent="">
			<comment>* AUTHOR: Zanzal         DATE: 25 December 2013</comment>
		</line>
		<line linenr="007" indent="">
			<comment>* ************************************************</comment>
		</line>
		<line linenr="008" indent="">
			<var>$pageid</var>
			<text> </text>
			<text>=</text>
			<text> </text>
			<var>8101</var>
		</line>
		<line linenr="009" indent="" />
		<line linenr="010" indent="">
			<var>$IDX_VERSION</var>
			<text> </text>
			<text>=</text>
			<text> </text>
			<var>0</var>
		</line>
		<line linenr="011" indent="">
			<var>$IDX_ROCKS</var>
			<text> </text>
			<text>=</text>
			<text> </text>
			<var>1</var>
		</line>
		<line linenr="012" indent="">
			<var>$IDX_DEBRIS</var>
			<text> </text>
			<text>=</text>
			<text> </text>
			<var>2</var>
		</line>
		<line linenr="013" indent="">
			<var>$IDX_MINERALS</var>
			<text> </text>
			<text>=</text>
			<text> </text>
			<var>3</var>
		</line>
		<line linenr="014" indent="">
			<var>$IDX_SECTOR</var>
			<text> </text>
			<text>=</text>
			<text> </text>
			<var>4</var>
		</line>
		<line linenr="015" indent="">
			<var>$IDX_FLIGHTTIME</var>
			<text> </text>
			<text>=</text>
			<text> </text>
			<var>12</var>
		</line>
		<line linenr="016" indent="">
			<var>$IDX_STOPAFTERDONE</var>
			<text> </text>
			<text>=</text>
			<text> </text>
			<var>13</var>
		</line>
		<line linenr="017" indent="" />
		<line linenr="018" indent="" />
		<line linenr="019" indent="">
			<var>$no.minerals</var>
			<text> </text>
			<text>=</text>
			<text> </text>
			<text>read</text>
			<text> </text>
			<text>text</text>
			<text>:</text>
			<text> </text>
			<text>page</text>
			<text>=</text>
			<var>$pageid</var>
			<text> </text>
			<text>id</text>
			<text>=</text>
			<var>43</var>
		</line>
		<line linenr="020" indent="">
			<var>$no.minerals.2</var>
			<text> </text>
			<text>=</text>
			<text> </text>
			<text>read</text>
			<text> </text>
			<text>text</text>
			<text>:</text>
			<text> </text>
			<text>page</text>
			<text>=</text>
			<var>$pageid</var>
			<text> </text>
			<text>id</text>
			<text>=</text>
			<var>11</var>
		</line>
		<line linenr="021" indent="" />
		<line linenr="022" indent="">
			<var>[THIS]</var>
			<text>-&gt;</text>
			<text> </text>
			<text>set</text>
			<text> </text>
			<text>command</text>
			<text>:</text>
			<text> </text>
			<var>[COMMAND_DRONEMINER_TRADER]</var>
			<text>  </text>
			<text>target</text>
			<text>=</text>
			<var>null</var>
			<text> </text>
			<text>target2</text>
			<text>=</text>
			<var>null</var>
			<text> </text>
			<text>par1</text>
			<text>=</text>
			<var>null</var>
			<text> </text>
			<text>par2</text>
			<text>=</text>
			<var>null</var>
		</line>
		<line linenr="023" indent="" />
		<line linenr="024" indent="">
			<var>$vars</var>
			<text> </text>
			<text>=</text>
			<text> </text>
			<var>[THIS]</var>
			<text>-&gt;</text>
			<text> </text>
			<text>get</text>
			<text> </text>
			<text>local</text>
			<text> </text>
			<text>variable</text>
			<text>:</text>
			<text> </text>
			<text>name</text>
			<text>=</text>
			<text>'zanzal.droneminer'</text>
		</line>
		<line linenr="025" indent="" />
		<line linenr="026" indent="">
			<text>if</text>
			<text> </text>
			<text>not</text>
			<text> </text>
			<var>$vars</var>
		</line>
		<line linenr="027" indent="&#160;">
			<text>return</text>
			<text> </text>
			<var>null</var>
		</line>
		<line linenr="028" indent="">
			<text>else</text>
		</line>
		<line linenr="029" indent="&#160;">
			<var>$minerals</var>
			<text> </text>
			<text>=</text>
			<text> </text>
			<var>$vars</var>
			<text>[</text>
			<var>$IDX_MINERALS</var>
			<text>]</text>
		</line>
		<line linenr="030" indent="&#160;">
			<var>$rocks</var>
			<text> </text>
			<text>=</text>
			<text> </text>
			<var>$vars</var>
			<text>[</text>
			<var>$IDX_ROCKS</var>
			<text>]</text>
		</line>
		<line linenr="031" indent="&#160;">
			<var>$debris</var>
			<text> </text>
			<text>=</text>
			<text> </text>
			<var>$vars</var>
			<text>[</text>
			<var>$IDX_DEBRIS</var>
			<text>]</text>
		</line>
		<line linenr="032" indent="">
			<text>end</text>
		</line>
		<line linenr="033" indent="" />
		<line linenr="034" indent="">
			<text>resize</text>
			<text> </text>
			<text>array</text>
			<text> </text>
			<var>$rocks</var>
			<text> </text>
			<text>to</text>
			<text> </text>
			<var>0</var>
		</line>
		<line linenr="035" indent="">
			<text>resize</text>
			<text> </text>
			<text>array</text>
			<text> </text>
			<var>$debris</var>
			<text> </text>
			<text>to</text>
			<text> </text>
			<var>0</var>
		</line>
		<line linenr="036" indent="" />
		<line linenr="037" indent="">
			<text>if</text>
			<text> </text>
			<var>$subcmd</var>
			<text> </text>
			<text>==</text>
			<text> </text>
			<text>'recall.cmd'</text>
		</line>
		<line linenr="038" indent="&#160;">
			<var>$drones</var>
			<text> </text>
			<text>=</text>
			<text> </text>
			<var>[THIS]</var>
			<text>-&gt;</text>
			<text> </text>
			<text>get</text>
			<text> </text>
			<text>owned</text>
			<text> </text>
			<text>ships</text>
			<text>:</text>
			<text> </text>
			<text>class</text>
			<text>/</text>
			<text>type</text>
			<text>=</text>
			<var>[Drone]</var>
		</line>
		<line linenr="039" indent="&#160;">
			<var>$transporter.device</var>
			<text> </text>
			<text>=</text>
			<text> </text>
			<var>[THIS]</var>
			<text>-&gt;</text>
			<text> </text>
			<text>get</text>
			<text> </text>
			<text>amount</text>
			<text> </text>
			<text>of</text>
			<text> </text>
			<text>ware</text>
			<text> </text>
			<var>{Transporter Device}</var>
			<text> </text>
			<text>in</text>
			<text> </text>
			<text>cargo</text>
			<text> </text>
			<text>bay</text>
		</line>
		<line linenr="040" indent="&#160;">
			<var>$XS.Iterator1</var>
			<text> </text>
			<text>=</text>
			<text> </text>
			<text>size</text>
			<text> </text>
			<text>of</text>
			<text> </text>
			<text>array</text>
			<text> </text>
			<var>$drones</var>
		</line>
		<line linenr="041" indent="&#160;&#160;">
			<text>while</text>
			<text> </text>
			<var>$XS.Iterator1</var>
		</line>
		<line linenr="042" indent="&#160;&#160;&#160;">
			<text>dec</text>
			<text> </text>
			<var>$XS.Iterator1</var>
		</line>
		<line linenr="043" indent="&#160;&#160;">
			<var>$drone</var>
			<text> </text>
			<text>=</text>
			<text> </text>
			<var>$drones</var>
			<text>[</text>
			<var>$XS.Iterator1</var>
			<text>]</text>
		</line>
		<line linenr="044" indent="&#160;&#160;&#160;">
			<text>if</text>
			<text> </text>
			<var>$transporter.device</var>
			<text> </text>
			<text>==</text>
			<text> </text>
			<var>1</var>
		</line>
		<line linenr="045" indent="&#160;&#160;">
			<var>$drone</var>
			<text>-&gt;</text>
			<text> </text>
			<text>begin</text>
			<text> </text>
			<text>task</text>
			<text> </text>
			<var>0</var>
			<text> </text>
			<text>with</text>
			<text> </text>
			<text>script</text>
			<text> </text>
			<call>plugin.zanzal.drone.recall</call>
			<text> </text>
			<text>and</text>
			<text> </text>
			<text>priority</text>
			<text> </text>
			<var>1</var>
			<text>:</text>
			<text> </text>
			<text>arg1</text>
			<text>=</text>
			<var>null</var>
			<text> </text>
			<text>arg2</text>
			<text>=</text>
			<var>null</var>
			<text> </text>
			<text>arg3</text>
			<text>=</text>
			<var>null</var>
			<text> </text>
			<text>arg4</text>
			<text>=</text>
			<var>null</var>
			<text> </text>
			<text>arg5</text>
			<text>=</text>
			<var>null</var>
		</line>
		<line linenr="046" indent="&#160;">
			<text>else</text>
			<text> </text>
			<text>if</text>
			<text> </text>
			<var>$drone</var>
			<text>-&gt;</text>
			<text> </text>
			<text>is</text>
			<text> </text>
			<text>of</text>
			<text> </text>
			<text>class</text>
			<text> </text>
			<var>[Freight Drone]</var>
		</line>
		<line linenr="047" indent="&#160;">
			<var>$drone</var>
			<text>-&gt;</text>
			<text> </text>
			<text>begin</text>
			<text> </text>
			<text>task</text>
			<text> </text>
			<var>0</var>
			<text> </text>
			<text>with</text>
			<text> </text>
			<text>script</text>
			<text> </text>
			<call>plugin.zanzal.drone.recall</call>
			<text> </text>
			<text>and</text>
			<text> </text>
			<text>priority</text>
			<text> </text>
			<var>1</var>
			<text>:</text>
			<text> </text>
			<text>arg1</text>
			<text>=</text>
			<var>null</var>
			<text> </text>
			<text>arg2</text>
			<text>=</text>
			<var>null</var>
			<text> </text>
			<text>arg3</text>
			<text>=</text>
			<var>null</var>
			<text> </text>
			<text>arg4</text>
			<text>=</text>
			<var>null</var>
			<text> </text>
			<text>arg5</text>
			<text>=</text>
			<var>null</var>
		</line>
		<line linenr="048" indent="&#160;">
			<text>end</text>
		</line>
		<line linenr="049" indent="">
			<text>end</text>
		</line>
		<line linenr="050" indent="&#160;" interruptable="@">
			<text>=</text>
			<text> </text>
			<var>[THIS]</var>
			<text>-&gt;</text>
			<text> </text>
			<text>call</text>
			<text> </text>
			<text>script</text>
			<text> </text>
			<call>plugin.zanzal.waitfordrones</call>
			<text> </text>
			<text>:</text>
			<text> </text>
			<text>quantity</text>
			<text>=</text>
			<var>0</var>
		</line>
		<line linenr="051" indent="&#160;">
			<text>return</text>
			<text> </text>
			<var>null</var>
		</line>
		<line linenr="052" indent="&#160;&#160;">
			<text>else</text>
		</line>
		<line linenr="053" indent="&#160;&#160;">
			<var>$finished.mining</var>
			<text> </text>
			<text>=</text>
			<text> </text>
			<var>[FALSE]</var>
		</line>
		<line linenr="054" indent="&#160;&#160;">
			<text>while</text>
			<text> </text>
			<text>not</text>
			<text> </text>
			<var>$finished.mining</var>
		</line>
		<line linenr="055" indent="&#160;&#160;">
			<text>gosub</text>
			<text> </text>
			<var>log_flight_time</var>
			<text>:</text>
		</line>
		<line linenr="056" indent="&#160;&#160;" interruptable="@">
			<var>$result</var>
			<text> </text>
			<text>=</text>
			<text> </text>
			<var>[THIS]</var>
			<text>-&gt;</text>
			<text> </text>
			<text>call</text>
			<text> </text>
			<text>script</text>
			<text> </text>
			<call>plugin.zanzal.droneminer.equipmentcheck</call>
			<text> </text>
			<text>:</text>
			<text> </text>
			<text>ship</text>
			<text>=</text>
			<var>[THIS]</var>
		</line>
		<line linenr="057" indent="&#160;&#160;">
			<var>$needed.list</var>
			<text> </text>
			<text>=</text>
			<text> </text>
			<var>$result</var>
			<text>[</text>
			<var>1</var>
			<text>]</text>
		</line>
		<line linenr="058" indent="&#160;&#160;">
			<var>$wanted.list</var>
			<text> </text>
			<text>=</text>
			<text> </text>
			<var>$result</var>
			<text>[</text>
			<var>2</var>
			<text>]</text>
		</line>
		<line linenr="059" indent="&#160;&#160;">
			<var>$needed.list.cnt</var>
			<text> </text>
			<text>=</text>
			<text> </text>
			<text>size</text>
			<text> </text>
			<text>of</text>
			<text> </text>
			<text>array</text>
			<text> </text>
			<var>$needed.list</var>
		</line>
		<line linenr="060" indent="&#160;&#160;&#160;">
			<var>$wanted.list.cnt</var>
			<text> </text>
			<text>=</text>
			<text> </text>
			<text>size</text>
			<text> </text>
			<text>of</text>
			<text> </text>
			<text>array</text>
			<text> </text>
			<var>$wanted.list</var>
		</line>
		<line linenr="061" indent="&#160;&#160;&#160;&#160;" />
		<line linenr="062" indent="&#160;&#160;&#160;&#160;">
			<text>if</text>
			<text> </text>
			<var>$needed.list.cnt</var>
			<text> </text>
			<text>&gt;</text>
			<text> </text>
			<var>0</var>
			<text> </text>
			<text>OR</text>
			<text> </text>
			<var>$wanted.list.cnt</var>
			<text> </text>
			<text>&gt;</text>
			<text> </text>
			<var>0</var>
		</line>
		<line linenr="063" indent="&#160;&#160;&#160;&#160;" interruptable="@">
			<text>if</text>
			<text> </text>
			<text>not</text>
			<text> </text>
			<var>[THIS]</var>
			<text>-&gt;</text>
			<text> </text>
			<text>call</text>
			<text> </text>
			<text>script</text>
			<text> </text>
			<call>plugin.zanzal.shopping.command</call>
			<text> </text>
			<text>:</text>
			<text> </text>
			<text>needed.list</text>
			<text>=</text>
			<var>$needed.list</var>
			<text> </text>
			<text>wanted.list</text>
			<text>=</text>
			<var>$wanted.list</var>
			<text> </text>
			<text>wanted.max.stops</text>
			<text>=</text>
			<var>3</var>
		</line>
		<line linenr="064" indent="&#160;&#160;&#160;">
			<var>$code</var>
			<text> </text>
			<text>=</text>
			<text> </text>
			<text>read</text>
			<text> </text>
			<text>text</text>
			<text>:</text>
			<text> </text>
			<text>page</text>
			<text>=</text>
			<var>$pageid</var>
			<text> </text>
			<text>id</text>
			<text>=</text>
			<var>54</var>
		</line>
		<line linenr="065" indent="&#160;&#160;&#160;&#160;">
			<text>gosub</text>
			<text> </text>
			<var>report_error</var>
			<text>:</text>
		</line>
		<line linenr="066" indent="&#160;&#160;&#160;">
			<text>break</text>
		</line>
		<line linenr="067" indent="&#160;&#160;">
			<text>else</text>
		</line>
		<line linenr="068" indent="&#160;&#160;">
			<var>[THIS]</var>
			<text>-&gt;</text>
			<text> </text>
			<text>set</text>
			<text> </text>
			<text>command</text>
			<text>:</text>
			<text> </text>
			<var>[COMMAND_DRONEMINER_TRADER]</var>
			<text>  </text>
			<text>target</text>
			<text>=</text>
			<var>null</var>
			<text> </text>
			<text>target2</text>
			<text>=</text>
			<var>null</var>
			<text> </text>
			<text>par1</text>
			<text>=</text>
			<var>null</var>
			<text> </text>
			<text>par2</text>
			<text>=</text>
			<var>null</var>
		</line>
		<line linenr="069" indent="&#160;&#160;">
			<text>end</text>
		</line>
		<line linenr="070" indent="&#160;&#160;">
			<text>end</text>
		</line>
		<line linenr="071" indent="&#160;&#160;" />
		<line linenr="072" indent="&#160;&#160;&#160;" interruptable="@">
			<var>$code</var>
			<text> </text>
			<text>=</text>
			<text> </text>
			<var>[THIS]</var>
			<text>-&gt;</text>
			<text> </text>
			<text>call</text>
			<text> </text>
			<text>script</text>
			<text> </text>
			<call>plugin.zanzal.droneminer.mine</call>
			<text> </text>
			<text>:</text>
		</line>
		<line linenr="073" indent="&#160;&#160;&#160;" />
		<line linenr="074" indent="&#160;&#160;&#160;">
			<text>if</text>
			<text> </text>
			<text>(</text>
			<var>$code</var>
			<text> </text>
			<text>==</text>
			<text> </text>
			<text>'full'</text>
			<text> </text>
			<text>OR</text>
			<text> </text>
			<var>$code</var>
			<text> </text>
			<text>==</text>
			<text> </text>
			<var>$no.minerals</var>
			<text> </text>
			<text>OR</text>
			<text> </text>
			<var>$code</var>
			<text> </text>
			<text>==</text>
			<text> </text>
			<var>$no.minerals.2</var>
			<text>)</text>
			<text> </text>
			<text>AND</text>
			<text> </text>
			<var>$subcmd</var>
			<text> </text>
			<text>==</text>
			<text> </text>
			<text>'trade.cmd'</text>
		</line>
		<line linenr="075" indent="&#160;&#160;&#160;">
			<var>$mining.code</var>
			<text> </text>
			<text>=</text>
			<text> </text>
			<var>$code</var>
		</line>
		<line linenr="076" indent="&#160;&#160;&#160;" interruptable="@">
			<text>=</text>
			<text> </text>
			<var>[THIS]</var>
			<text>-&gt;</text>
			<text> </text>
			<text>call</text>
			<text> </text>
			<text>script</text>
			<text> </text>
			<call>plugin.zanzal.droneminer.restock</call>
			<text> </text>
			<text>:</text>
		</line>
		<line linenr="077" indent="&#160;&#160;&#160;" interruptable="@">
			<var>$code</var>
			<text> </text>
			<text>=</text>
			<text> </text>
			<var>[THIS]</var>
			<text>-&gt;</text>
			<text> </text>
			<text>call</text>
			<text> </text>
			<text>script</text>
			<text> </text>
			<call>plugin.zanzal.droneminer.trading</call>
			<text> </text>
			<text>:</text>
		</line>
		<line linenr="078" indent="&#160;&#160;&#160;">
			<var>$stop</var>
			<text> </text>
			<text>=</text>
			<text> </text>
			<var>$vars</var>
			<text>[</text>
			<var>$IDX_STOPAFTERDONE</var>
			<text>]</text>
		</line>
		<line linenr="079" indent="&#160;&#160;&#160;&#160;">
			<var>$finished.mining</var>
			<text> </text>
			<text>=</text>
			<text> </text>
			<text>(</text>
			<var>$stop</var>
			<text> </text>
			<text>==</text>
			<text> </text>
			<var>1</var>
			<text>)</text>
		</line>
		<line linenr="080" indent="&#160;&#160;&#160;&#160;">
			<var>$vars</var>
			<text>[</text>
			<var>$IDX_STOPAFTERDONE</var>
			<text>]</text>
			<text> </text>
			<text>=</text>
			<text> </text>
			<var>0</var>
		</line>
		<line linenr="081" indent="&#160;&#160;&#160;&#160;">
			<text>if</text>
			<text> </text>
			<var>$mining.code</var>
			<text> </text>
			<text>!=</text>
			<text> </text>
			<text>'full'</text>
		</line>
		<line linenr="082" indent="&#160;&#160;&#160;">
			<var>$code</var>
			<text> </text>
			<text>=</text>
			<text> </text>
			<var>$mining.code</var>
		</line>
		<line linenr="083" indent="&#160;&#160;&#160;&#160;">
			<var>$finished.mining</var>
			<text> </text>
			<text>=</text>
			<text> </text>
			<var>[TRUE]</var>
		</line>
		<line linenr="084" indent="&#160;&#160;&#160;">
			<text>gosub</text>
			<text> </text>
			<var>report_error</var>
			<text>:</text>
		</line>
		<line linenr="085" indent="&#160;&#160;">
			<text>else</text>
			<text> </text>
			<text>if</text>
			<text> </text>
			<var>$code</var>
			<text> </text>
			<text>!=</text>
			<text> </text>
			<text>'success'</text>
		</line>
		<line linenr="086" indent="&#160;&#160;&#160;">
			<text>gosub</text>
			<text> </text>
			<var>report_error</var>
			<text>:</text>
		</line>
		<line linenr="087" indent="&#160;&#160;&#160;">
			<text>end</text>
		</line>
		<line linenr="088" indent="&#160;&#160;&#160;">
			<text>else</text>
			<text> </text>
			<text>if</text>
			<text> </text>
			<text>(</text>
			<var>$code</var>
			<text> </text>
			<text>==</text>
			<text> </text>
			<text>'full'</text>
			<text> </text>
			<text>OR</text>
			<text> </text>
			<var>$code</var>
			<text> </text>
			<text>==</text>
			<text> </text>
			<var>$no.minerals</var>
			<text> </text>
			<text>OR</text>
			<text> </text>
			<var>$code</var>
			<text> </text>
			<text>==</text>
			<text> </text>
			<var>$no.minerals.2</var>
			<text>)</text>
			<text> </text>
			<text>AND</text>
			<text> </text>
			<var>$subcmd</var>
			<text> </text>
			<text>==</text>
			<text> </text>
			<text>'collect.cmd'</text>
		</line>
		<line linenr="089" indent="&#160;&#160;&#160;">
			<var>$mining.code</var>
			<text> </text>
			<text>=</text>
			<text> </text>
			<var>$code</var>
		</line>
		<line linenr="090" indent="&#160;&#160;&#160;" interruptable="@">
			<var>$code</var>
			<text> </text>
			<text>=</text>
			<text> </text>
			<var>[THIS]</var>
			<text>-&gt;</text>
			<text> </text>
			<text>call</text>
			<text> </text>
			<text>script</text>
			<text> </text>
			<call>plugin.zanzal.droneminer.unload</call>
			<text> </text>
			<text>:</text>
		</line>
		<line linenr="091" indent="&#160;&#160;&#160;">
			<var>$stop</var>
			<text> </text>
			<text>=</text>
			<text> </text>
			<var>$vars</var>
			<text>[</text>
			<var>$IDX_STOPAFTERDONE</var>
			<text>]</text>
		</line>
		<line linenr="092" indent="&#160;&#160;&#160;&#160;">
			<var>$finished.mining</var>
			<text> </text>
			<text>=</text>
			<text> </text>
			<text>(</text>
			<var>$stop</var>
			<text> </text>
			<text>==</text>
			<text> </text>
			<var>1</var>
			<text>)</text>
		</line>
		<line linenr="093" indent="&#160;&#160;&#160;&#160;">
			<var>$vars</var>
			<text>[</text>
			<var>$IDX_STOPAFTERDONE</var>
			<text>]</text>
			<text> </text>
			<text>=</text>
			<text> </text>
			<var>0</var>
		</line>
		<line linenr="094" indent="&#160;&#160;&#160;&#160;">
			<text>if</text>
			<text> </text>
			<var>$mining.code</var>
			<text> </text>
			<text>!=</text>
			<text> </text>
			<text>'full'</text>
		</line>
		<line linenr="095" indent="&#160;&#160;&#160;">
			<var>$code</var>
			<text> </text>
			<text>=</text>
			<text> </text>
			<var>$mining.code</var>
		</line>
		<line linenr="096" indent="&#160;&#160;&#160;&#160;">
			<var>$finished.mining</var>
			<text> </text>
			<text>=</text>
			<text> </text>
			<var>[TRUE]</var>
		</line>
		<line linenr="097" indent="&#160;&#160;&#160;&#160;">
			<text>gosub</text>
			<text> </text>
			<var>report_error</var>
			<text>:</text>
		</line>
		<line linenr="098" indent="&#160;&#160;&#160;">
			<text>else</text>
			<text> </text>
			<text>if</text>
			<text> </text>
			<var>$code</var>
			<text> </text>
			<text>!=</text>
			<text> </text>
			<text>'success'</text>
		</line>
		<line linenr="099" indent="&#160;&#160;">
			<var>$finished.mining</var>
			<text> </text>
			<text>=</text>
			<text> </text>
			<var>[TRUE]</var>
		</line>
		<line linenr="100" indent="&#160;&#160;&#160;">
			<text>gosub</text>
			<text> </text>
			<var>report_error</var>
			<text>:</text>
		</line>
		<line linenr="101" indent="&#160;&#160;&#160;">
			<text>end</text>
		</line>
		<line linenr="102" indent="&#160;&#160;">
			<text>else</text>
		</line>
		<line linenr="103" indent="&#160;">
			<var>$finished.mining</var>
			<text> </text>
			<text>=</text>
			<text> </text>
			<var>[TRUE]</var>
		</line>
		<line linenr="104" indent="">
			<text>gosub</text>
			<text> </text>
			<var>report_error</var>
			<text>:</text>
		</line>
		<line linenr="105" indent="">
			<text>end</text>
		</line>
		<line linenr="106" indent="">
			<text>end</text>
		</line>
		<line linenr="107" indent="">
			<text>end</text>
		</line>
		<line linenr="108" indent="&#160;" />
		<line linenr="109" indent="&#160;">
			<var>$homebase</var>
			<text> </text>
			<text>=</text>
			<text> </text>
			<var>[THIS]</var>
			<text>-&gt;</text>
			<text> </text>
			<text>get</text>
			<text> </text>
			<text>homebase</text>
		</line>
		<line linenr="110" indent="&#160;">
			<text>if</text>
			<text> </text>
			<var>$homebase</var>
			<text>-&gt;</text>
			<text> </text>
			<text>exists</text>
		</line>
		<line linenr="111" indent="">
			<var>[THIS]</var>
			<text>-&gt;</text>
			<text> </text>
			<text>set</text>
			<text> </text>
			<text>command</text>
			<text>:</text>
			<text> </text>
			<var>[COMMAND_RETURN_HOME]</var>
		</line>
		<line linenr="112" indent="&#160;">
			<var>[THIS]</var>
			<text>-&gt;</text>
			<text> </text>
			<text>set</text>
			<text> </text>
			<text>destination</text>
			<text> </text>
			<text>to</text>
			<text> </text>
			<var>[HOMEBASE]</var>
		</line>
		<line linenr="113" indent="&#160;" interruptable="@">
			<text>=</text>
			<text> </text>
			<var>[THIS]</var>
			<text>-&gt;</text>
			<text> </text>
			<text>call</text>
			<text> </text>
			<text>script</text>
			<text> </text>
			<call>!move.returntohomebase</call>
			<text> </text>
			<text>:</text>
		</line>
		<line linenr="114" indent="&#160;">
			<text>else</text>
		</line>
		<line linenr="115" indent="">
			<var>[THIS]</var>
			<text>-&gt;</text>
			<text> </text>
			<text>set</text>
			<text> </text>
			<text>command</text>
			<text>:</text>
			<text> </text>
			<var>[COMMAND_IDLE]</var>
		</line>
		<line linenr="116" indent="">
			<var>[THIS]</var>
			<text>-&gt;</text>
			<text> </text>
			<text>set</text>
			<text> </text>
			<text>destination</text>
			<text> </text>
			<text>to</text>
			<text> </text>
			<var>null</var>
		</line>
		<line linenr="117" indent="" interruptable="@">
			<text>=</text>
			<text> </text>
			<var>[THIS]</var>
			<text>-&gt;</text>
			<text> </text>
			<text>call</text>
			<text> </text>
			<text>script</text>
			<text> </text>
			<call>!move.idle</call>
			<text> </text>
			<text>:</text>
		</line>
		<line linenr="118" indent="">
			<text>end</text>
		</line>
		<line linenr="119" indent="" />
		<line linenr="120" indent="">
			<text>gosub</text>
			<text> </text>
			<var>log_flight_time</var>
			<text>:</text>
		</line>
		<line linenr="121" indent="" />
		<line linenr="122" indent="&#160;">
			<text>return</text>
			<text> </text>
			<var>null</var>
		</line>
		<line linenr="123" indent="&#160;" />
		<line linenr="124" indent="&#160;&#160;">
			<var>report_error</var>
			<text>:</text>
		</line>
		<line linenr="125" indent="&#160;&#160;">
			<var>$owner</var>
			<text> </text>
			<text>=</text>
			<text> </text>
			<var>[THIS]</var>
			<text>-&gt;</text>
			<text> </text>
			<text>get</text>
			<text> </text>
			<text>owner</text>
			<text> </text>
			<text>race</text>
		</line>
		<line linenr="126" indent="&#160;&#160;">
			<text>if</text>
			<text> </text>
			<var>$owner</var>
			<text> </text>
			<text>==</text>
			<text> </text>
			<var>[Player]</var>
		</line>
		<line linenr="127" indent="&#160;">
			<var>$msg</var>
			<text> </text>
			<text>=</text>
			<text> </text>
			<text>sprintf</text>
			<text>:</text>
			<text> </text>
			<text>pageid</text>
			<text>=</text>
			<var>$pageid</var>
			<text> </text>
			<text>textid</text>
			<text>=</text>
			<var>25</var>
			<text>,</text>
			<text> </text>
			<var>$code</var>
			<text>,</text>
			<text> </text>
			<var>null</var>
			<text>,</text>
			<text> </text>
			<var>null</var>
			<text>,</text>
			<text> </text>
			<var>null</var>
			<text>,</text>
			<text> </text>
			<var>null</var>
		</line>
		<line linenr="128" indent="">
			<var>$name</var>
			<text> </text>
			<text>=</text>
			<text> </text>
			<var>[THIS]</var>
			<text>-&gt;</text>
			<text> </text>
			<text>get</text>
			<text> </text>
			<text>name</text>
		</line>
		<line linenr="129" indent="" interruptable="@">
			<text>=</text>
			<text> </text>
			<var>[THIS]</var>
			<text>-&gt;</text>
			<text> </text>
			<text>call</text>
			<text> </text>
			<text>script</text>
			<text> </text>
			<call>plugin.zanzal.sendmessagefrom</call>
			<text> </text>
			<text>:</text>
			<text> </text>
			<text>from</text>
			<text>=</text>
			<var>$name</var>
			<text> </text>
			<text>message</text>
			<text>=</text>
			<var>$msg</var>
			<text> </text>
			<text>temporary</text>
			<text>=</text>
			<var>[FALSE]</var>
		</line>
		<line linenr="130" indent="">
			<text>end</text>
		</line>
		<line linenr="131" indent="&#160;">
			<text>endsub</text>
		</line>
		<line linenr="132" indent="&#160;" />
		<line linenr="133" indent="&#160;">
			<var>log_flight_time</var>
			<text>:</text>
		</line>
		<line linenr="134" indent="&#160;">
			<var>$flytime</var>
			<text> </text>
			<text>=</text>
			<text> </text>
			<var>[THIS]</var>
			<text>-&gt;</text>
			<text> </text>
			<text>get</text>
			<text> </text>
			<text>flight</text>
			<text> </text>
			<text>time</text>
		</line>
		<line linenr="135" indent="&#160;&#160;">
			<var>[THIS]</var>
			<text>-&gt;</text>
			<text> </text>
			<text>reset</text>
			<text> </text>
			<text>flight</text>
			<text> </text>
			<text>time</text>
		</line>
		<line linenr="136" indent="&#160;">
			<var>$logged.flytime</var>
			<text> </text>
			<text>=</text>
			<text> </text>
			<var>$vars</var>
			<text>[</text>
			<var>$IDX_FLIGHTTIME</var>
			<text>]</text>
		</line>
		<line linenr="137" indent="&#160;">
			<text>if</text>
			<text> </text>
			<var>$logged.flytime</var>
			<text> </text>
			<text>==</text>
			<text> </text>
			<var>null</var>
		</line>
		<line linenr="138" indent="&#160;">
			<var>$logged.flytime</var>
			<text> </text>
			<text>=</text>
			<text> </text>
			<var>0</var>
		</line>
		<line linenr="139" indent="">
			<text>end</text>
		</line>
		<line linenr="140" indent="">
			<var>$logged.flytime</var>
			<text> </text>
			<text>=</text>
			<text> </text>
			<var>$logged.flytime</var>
			<text> </text>
			<text>+</text>
			<text> </text>
			<var>$flytime</var>
		</line>
		<line linenr="141" indent="">
			<var>$vars</var>
			<text>[</text>
			<var>$IDX_FLIGHTTIME</var>
			<text>]</text>
			<text> </text>
			<text>=</text>
			<text> </text>
			<var>$logged.flytime</var>
		</line>
		<line linenr="142" indent="">
			<text>endsub</text>
		</line>
		<line linenr="143" indent="" />
		<line linenr="144" indent="" />
	</sourcetext>
	<codearray>
		<sval type="array" size="10">
			<sval type="string" val="plugin.zanzal.droneminer.command" />
			<sval type="int" val="50" />
			<sval type="string" val="" />
			<sval type="int" val="2" />
			<sval type="int" val="0" />
			<sval type="array" size="34">
				<sval type="string" val="subcmd" />
				<sval type="string" val="pageid" />
				<sval type="string" val="IDX_VERSION" />
				<sval type="string" val="IDX_ROCKS" />
				<sval type="string" val="IDX_DEBRIS" />
				<sval type="string" val="IDX_MINERALS" />
				<sval type="string" val="IDX_SECTOR" />
				<sval type="string" val="IDX_FLIGHTTIME" />
				<sval type="string" val="IDX_STOPAFTERDONE" />
				<sval type="string" val="no.minerals" />
				<sval type="string" val="no.minerals.2" />
				<sval type="string" val="vars" />
				<sval type="string" val="minerals" />
				<sval type="string" val="rocks" />
				<sval type="string" val="debris" />
				<sval type="string" val="drones" />
				<sval type="string" val="transporter.device" />
				<sval type="string" val="drone" />
				<sval type="string" val="XS.Iterator1" />
				<sval type="string" val="finished.mining" />
				<sval type="string" val="result" />
				<sval type="string" val="needed.list" />
				<sval type="string" val="wanted.list" />
				<sval type="string" val="needed.list.cnt" />
				<sval type="string" val="wanted.list.cnt" />
				<sval type="string" val="code" />
				<sval type="string" val="mining.code" />
				<sval type="string" val="stop" />
				<sval type="string" val="homebase" />
				<sval type="string" val="owner" />
				<sval type="string" val="msg" />
				<sval type="string" val="name" />
				<sval type="string" val="flytime" />
				<sval type="string" val="logged.flytime" />
			</sval>
			<sval type="array" size="112">
				<sval type="array" size="7">
					<sval type="int" val="104" />
					<sval type="int" val="1" />
					<sval type="int" val="1" />
					<sval type="int" val="4" />
					<sval type="int" val="8101" />
					<sval type="int" val="1" />
					<sval type="int" val="-1" />
				</sval>
				<sval type="array" size="7">
					<sval type="int" val="104" />
					<sval type="int" val="2" />
					<sval type="int" val="1" />
					<sval type="int" val="4" />
					<sval type="int" val="0" />
					<sval type="int" val="1" />
					<sval type="int" val="-1" />
				</sval>
				<sval type="array" size="7">
					<sval type="int" val="104" />
					<sval type="int" val="3" />
					<sval type="int" val="1" />
					<sval type="int" val="4" />
					<sval type="int" val="1" />
					<sval type="int" val="1" />
					<sval type="int" val="-1" />
				</sval>
				<sval type="array" size="7">
					<sval type="int" val="104" />
					<sval type="int" val="4" />
					<sval type="int" val="1" />
					<sval type="int" val="4" />
					<sval type="int" val="2" />
					<sval type="int" val="1" />
					<sval type="int" val="-1" />
				</sval>
				<sval type="array" size="7">
					<sval type="int" val="104" />
					<sval type="int" val="5" />
					<sval type="int" val="1" />
					<sval type="int" val="4" />
					<sval type="int" val="3" />
					<sval type="int" val="1" />
					<sval type="int" val="-1" />
				</sval>
				<sval type="array" size="7">
					<sval type="int" val="104" />
					<sval type="int" val="6" />
					<sval type="int" val="1" />
					<sval type="int" val="4" />
					<sval type="int" val="4" />
					<sval type="int" val="1" />
					<sval type="int" val="-1" />
				</sval>
				<sval type="array" size="7">
					<sval type="int" val="104" />
					<sval type="int" val="7" />
					<sval type="int" val="1" />
					<sval type="int" val="4" />
					<sval type="int" val="12" />
					<sval type="int" val="1" />
					<sval type="int" val="-1" />
				</sval>
				<sval type="array" size="7">
					<sval type="int" val="104" />
					<sval type="int" val="8" />
					<sval type="int" val="1" />
					<sval type="int" val="4" />
					<sval type="int" val="13" />
					<sval type="int" val="1" />
					<sval type="int" val="-1" />
				</sval>
				<sval type="array" size="6">
					<sval type="int" val="126" />
					<sval type="int" val="9" />
					<sval type="int" val="131074" />
					<sval type="int" val="1" />
					<sval type="int" val="4" />
					<sval type="int" val="43" />
				</sval>
				<sval type="array" size="6">
					<sval type="int" val="126" />
					<sval type="int" val="10" />
					<sval type="int" val="131074" />
					<sval type="int" val="1" />
					<sval type="int" val="4" />
					<sval type="int" val="11" />
				</sval>
				<sval type="array" size="13">
					<sval type="int" val="538" />
					<sval type="int" val="131075" />
					<sval type="int" val="1" />
					<sval type="int" val="18" />
					<sval type="int" val="421" />
					<sval type="int" val="0" />
					<sval type="int" val="0" />
					<sval type="int" val="0" />
					<sval type="int" val="0" />
					<sval type="int" val="0" />
					<sval type="int" val="0" />
					<sval type="int" val="0" />
					<sval type="int" val="0" />
				</sval>
				<sval type="array" size="6">
					<sval type="int" val="156" />
					<sval type="int" val="131075" />
					<sval type="int" val="1" />
					<sval type="int" val="5" />
					<sval type="string" val="zanzal.droneminer" />
					<sval type="int" val="11" />
				</sval>
				<sval type="array" size="7">
					<sval type="int" val="104" />
					<sval type="int" val="-536867068" />
					<sval type="int" val="1" />
					<sval type="int" val="131074" />
					<sval type="int" val="11" />
					<sval type="int" val="1" />
					<sval type="int" val="-1" />
				</sval>
				<sval type="array" size="3">
					<sval type="int" val="103" />
					<sval type="int" val="0" />
					<sval type="int" val="0" />
				</sval>
				<sval type="array" size="2">
					<sval type="int" val="112" />
					<sval type="int" val="18" />
				</sval>
				<sval type="array" size="6">
					<sval type="int" val="129" />
					<sval type="int" val="12" />
					<sval type="int" val="131074" />
					<sval type="int" val="11" />
					<sval type="int" val="131074" />
					<sval type="int" val="5" />
				</sval>
				<sval type="array" size="6">
					<sval type="int" val="129" />
					<sval type="int" val="13" />
					<sval type="int" val="131074" />
					<sval type="int" val="11" />
					<sval type="int" val="131074" />
					<sval type="int" val="3" />
				</sval>
				<sval type="array" size="6">
					<sval type="int" val="129" />
					<sval type="int" val="14" />
					<sval type="int" val="131074" />
					<sval type="int" val="11" />
					<sval type="int" val="131074" />
					<sval type="int" val="4" />
				</sval>
				<sval type="array" size="5">
					<sval type="int" val="137" />
					<sval type="int" val="131074" />
					<sval type="int" val="13" />
					<sval type="int" val="4" />
					<sval type="int" val="0" />
				</sval>
				<sval type="array" size="5">
					<sval type="int" val="137" />
					<sval type="int" val="131074" />
					<sval type="int" val="14" />
					<sval type="int" val="4" />
					<sval type="int" val="0" />
				</sval>
				<sval type="array" size="13">
					<sval type="int" val="104" />
					<sval type="int" val="-1610603517" />
					<sval type="int" val="3" />
					<sval type="int" val="131074" />
					<sval type="int" val="0" />
					<sval type="int" val="5" />
					<sval type="string" val="recall.cmd" />
					<sval type="int" val="15" />
					<sval type="int" val="0" />
					<sval type="int" val="3" />
					<sval type="int" val="-1" />
					<sval type="int" val="0" />
					<sval type="int" val="-2" />
				</sval>
				<sval type="array" size="6">
					<sval type="int" val="1067" />
					<sval type="int" val="131075" />
					<sval type="int" val="1" />
					<sval type="int" val="15" />
					<sval type="int" val="12" />
					<sval type="int" val="2061" />
				</sval>
				<sval type="array" size="6">
					<sval type="int" val="618" />
					<sval type="int" val="131075" />
					<sval type="int" val="1" />
					<sval type="int" val="16" />
					<sval type="int" val="9" />
					<sval type="int" val="1048610" />
				</sval>
				<sval type="array" size="4">
					<sval type="int" val="131" />
					<sval type="int" val="18" />
					<sval type="int" val="131074" />
					<sval type="int" val="15" />
				</sval>
				<sval type="array" size="7">
					<sval type="int" val="104" />
					<sval type="int" val="-1610604279" />
					<sval type="int" val="1" />
					<sval type="int" val="131074" />
					<sval type="int" val="18" />
					<sval type="int" val="1" />
					<sval type="int" val="-1" />
				</sval>
				<sval type="array" size="2">
					<sval type="int" val="143" />
					<sval type="int" val="18" />
				</sval>
				<sval type="array" size="6">
					<sval type="int" val="129" />
					<sval type="int" val="17" />
					<sval type="int" val="131074" />
					<sval type="int" val="15" />
					<sval type="int" val="131074" />
					<sval type="int" val="18" />
				</sval>
				<sval type="array" size="13">
					<sval type="int" val="104" />
					<sval type="int" val="-1610605053" />
					<sval type="int" val="3" />
					<sval type="int" val="131074" />
					<sval type="int" val="16" />
					<sval type="int" val="4" />
					<sval type="int" val="1" />
					<sval type="int" val="15" />
					<sval type="int" val="0" />
					<sval type="int" val="3" />
					<sval type="int" val="-1" />
					<sval type="int" val="0" />
					<sval type="int" val="-2" />
				</sval>
				<sval type="array" size="18">
					<sval type="int" val="1017" />
					<sval type="int" val="131074" />
					<sval type="int" val="17" />
					<sval type="string" val="plugin.zanzal.drone.recall" />
					<sval type="int" val="4" />
					<sval type="int" val="0" />
					<sval type="int" val="4" />
					<sval type="int" val="1" />
					<sval type="int" val="0" />
					<sval type="int" val="0" />
					<sval type="int" val="0" />
					<sval type="int" val="0" />
					<sval type="int" val="0" />
					<sval type="int" val="0" />
					<sval type="int" val="0" />
					<sval type="int" val="0" />
					<sval type="int" val="0" />
					<sval type="int" val="0" />
				</sval>
				<sval type="array" size="2">
					<sval type="int" val="112" />
					<sval type="int" val="32" />
				</sval>
				<sval type="array" size="6">
					<sval type="int" val="705" />
					<sval type="int" val="131074" />
					<sval type="int" val="17" />
					<sval type="int" val="-1610604539" />
					<sval type="int" val="12" />
					<sval type="int" val="2092" />
				</sval>
				<sval type="array" size="18">
					<sval type="int" val="1017" />
					<sval type="int" val="131074" />
					<sval type="int" val="17" />
					<sval type="string" val="plugin.zanzal.drone.recall" />
					<sval type="int" val="4" />
					<sval type="int" val="0" />
					<sval type="int" val="4" />
					<sval type="int" val="1" />
					<sval type="int" val="0" />
					<sval type="int" val="0" />
					<sval type="int" val="0" />
					<sval type="int" val="0" />
					<sval type="int" val="0" />
					<sval type="int" val="0" />
					<sval type="int" val="0" />
					<sval type="int" val="0" />
					<sval type="int" val="0" />
					<sval type="int" val="0" />
				</sval>
				<sval type="array" size="2">
					<sval type="int" val="112" />
					<sval type="int" val="24" />
				</sval>
				<sval type="array" size="8">
					<sval type="int" val="102" />
					<sval type="string" val="plugin.zanzal.waitfordrones" />
					<sval type="int" val="-2147483647" />
					<sval type="int" val="131075" />
					<sval type="int" val="1" />
					<sval type="int" val="1" />
					<sval type="int" val="4" />
					<sval type="int" val="0" />
				</sval>
				<sval type="array" size="3">
					<sval type="int" val="103" />
					<sval type="int" val="0" />
					<sval type="int" val="0" />
				</sval>
				<sval type="array" size="2">
					<sval type="int" val="112" />
					<sval type="int" val="85" />
				</sval>
				<sval type="array" size="7">
					<sval type="int" val="104" />
					<sval type="int" val="19" />
					<sval type="int" val="1" />
					<sval type="int" val="131075" />
					<sval type="int" val="9" />
					<sval type="int" val="1" />
					<sval type="int" val="-1" />
				</sval>
				<sval type="array" size="7">
					<sval type="int" val="104" />
					<sval type="int" val="-536849142" />
					<sval type="int" val="1" />
					<sval type="int" val="131074" />
					<sval type="int" val="19" />
					<sval type="int" val="1" />
					<sval type="int" val="-1" />
				</sval>
				<sval type="array" size="2">
					<sval type="int" val="1167" />
					<sval type="int" val="103" />
				</sval>
				<sval type="array" size="8">
					<sval type="int" val="102" />
					<sval type="string" val="plugin.zanzal.droneminer.equipmentcheck" />
					<sval type="int" val="20" />
					<sval type="int" val="131075" />
					<sval type="int" val="1" />
					<sval type="int" val="1" />
					<sval type="int" val="131075" />
					<sval type="int" val="1" />
				</sval>
				<sval type="array" size="6">
					<sval type="int" val="129" />
					<sval type="int" val="21" />
					<sval type="int" val="131074" />
					<sval type="int" val="20" />
					<sval type="int" val="4" />
					<sval type="int" val="1" />
				</sval>
				<sval type="array" size="6">
					<sval type="int" val="129" />
					<sval type="int" val="22" />
					<sval type="int" val="131074" />
					<sval type="int" val="20" />
					<sval type="int" val="4" />
					<sval type="int" val="2" />
				</sval>
				<sval type="array" size="4">
					<sval type="int" val="131" />
					<sval type="int" val="23" />
					<sval type="int" val="131074" />
					<sval type="int" val="21" />
				</sval>
				<sval type="array" size="4">
					<sval type="int" val="131" />
					<sval type="int" val="24" />
					<sval type="int" val="131074" />
					<sval type="int" val="22" />
				</sval>
				<sval type="array" size="25">
					<sval type="int" val="104" />
					<sval type="int" val="-1610599677" />
					<sval type="int" val="7" />
					<sval type="int" val="131074" />
					<sval type="int" val="23" />
					<sval type="int" val="4" />
					<sval type="int" val="0" />
					<sval type="int" val="15" />
					<sval type="int" val="2" />
					<sval type="int" val="131074" />
					<sval type="int" val="24" />
					<sval type="int" val="4" />
					<sval type="int" val="0" />
					<sval type="int" val="15" />
					<sval type="int" val="2" />
					<sval type="int" val="15" />
					<sval type="int" val="10" />
					<sval type="int" val="7" />
					<sval type="int" val="-1" />
					<sval type="int" val="2" />
					<sval type="int" val="-2" />
					<sval type="int" val="10" />
					<sval type="int" val="-4" />
					<sval type="int" val="2" />
					<sval type="int" val="-5" />
				</sval>
				<sval type="array" size="12">
					<sval type="int" val="102" />
					<sval type="string" val="plugin.zanzal.shopping.command" />
					<sval type="int" val="-536858108" />
					<sval type="int" val="131075" />
					<sval type="int" val="1" />
					<sval type="int" val="3" />
					<sval type="int" val="131074" />
					<sval type="int" val="21" />
					<sval type="int" val="131074" />
					<sval type="int" val="22" />
					<sval type="int" val="4" />
					<sval type="int" val="3" />
				</sval>
				<sval type="array" size="6">
					<sval type="int" val="126" />
					<sval type="int" val="25" />
					<sval type="int" val="131074" />
					<sval type="int" val="1" />
					<sval type="int" val="4" />
					<sval type="int" val="54" />
				</sval>
				<sval type="array" size="2">
					<sval type="int" val="1167" />
					<sval type="int" val="96" />
				</sval>
				<sval type="array" size="2">
					<sval type="int" val="112" />
					<sval type="int" val="85" />
				</sval>
				<sval type="array" size="2">
					<sval type="int" val="112" />
					<sval type="int" val="51" />
				</sval>
				<sval type="array" size="13">
					<sval type="int" val="538" />
					<sval type="int" val="131075" />
					<sval type="int" val="1" />
					<sval type="int" val="18" />
					<sval type="int" val="421" />
					<sval type="int" val="0" />
					<sval type="int" val="0" />
					<sval type="int" val="0" />
					<sval type="int" val="0" />
					<sval type="int" val="0" />
					<sval type="int" val="0" />
					<sval type="int" val="0" />
					<sval type="int" val="0" />
				</sval>
				<sval type="array" size="6">
					<sval type="int" val="102" />
					<sval type="string" val="plugin.zanzal.droneminer.mine" />
					<sval type="int" val="25" />
					<sval type="int" val="131075" />
					<sval type="int" val="1" />
					<sval type="int" val="0" />
				</sval>
				<sval type="array" size="51">
					<sval type="int" val="104" />
					<sval type="int" val="-1610595581" />
					<sval type="int" val="15" />
					<sval type="int" val="131074" />
					<sval type="int" val="25" />
					<sval type="int" val="5" />
					<sval type="string" val="full" />
					<sval type="int" val="15" />
					<sval type="int" val="0" />
					<sval type="int" val="131074" />
					<sval type="int" val="25" />
					<sval type="int" val="131074" />
					<sval type="int" val="9" />
					<sval type="int" val="15" />
					<sval type="int" val="0" />
					<sval type="int" val="15" />
					<sval type="int" val="10" />
					<sval type="int" val="131074" />
					<sval type="int" val="25" />
					<sval type="int" val="131074" />
					<sval type="int" val="10" />
					<sval type="int" val="15" />
					<sval type="int" val="0" />
					<sval type="int" val="15" />
					<sval type="int" val="10" />
					<sval type="int" val="131074" />
					<sval type="int" val="0" />
					<sval type="int" val="5" />
					<sval type="string" val="trade.cmd" />
					<sval type="int" val="15" />
					<sval type="int" val="0" />
					<sval type="int" val="15" />
					<sval type="int" val="9" />
					<sval type="int" val="17" />
					<sval type="int" val="16" />
					<sval type="int" val="-1" />
					<sval type="int" val="0" />
					<sval type="int" val="-2" />
					<sval type="int" val="10" />
					<sval type="int" val="-4" />
					<sval type="int" val="0" />
					<sval type="int" val="-5" />
					<sval type="int" val="10" />
					<sval type="int" val="-8" />
					<sval type="int" val="0" />
					<sval type="int" val="-9" />
					<sval type="int" val="17" />
					<sval type="int" val="9" />
					<sval type="int" val="-12" />
					<sval type="int" val="0" />
					<sval type="int" val="-13" />
				</sval>
				<sval type="array" size="7">
					<sval type="int" val="104" />
					<sval type="int" val="26" />
					<sval type="int" val="1" />
					<sval type="int" val="131074" />
					<sval type="int" val="25" />
					<sval type="int" val="1" />
					<sval type="int" val="-1" />
				</sval>
				<sval type="array" size="6">
					<sval type="int" val="102" />
					<sval type="string" val="plugin.zanzal.droneminer.restock" />
					<sval type="int" val="-2147483647" />
					<sval type="int" val="131075" />
					<sval type="int" val="1" />
					<sval type="int" val="0" />
				</sval>
				<sval type="array" size="6">
					<sval type="int" val="102" />
					<sval type="string" val="plugin.zanzal.droneminer.trading" />
					<sval type="int" val="25" />
					<sval type="int" val="131075" />
					<sval type="int" val="1" />
					<sval type="int" val="0" />
				</sval>
				<sval type="array" size="6">
					<sval type="int" val="129" />
					<sval type="int" val="27" />
					<sval type="int" val="131074" />
					<sval type="int" val="11" />
					<sval type="int" val="131074" />
					<sval type="int" val="8" />
				</sval>
				<sval type="array" size="15">
					<sval type="int" val="104" />
					<sval type="int" val="19" />
					<sval type="int" val="3" />
					<sval type="int" val="131074" />
					<sval type="int" val="27" />
					<sval type="int" val="4" />
					<sval type="int" val="1" />
					<sval type="int" val="15" />
					<sval type="int" val="0" />
					<sval type="int" val="5" />
					<sval type="int" val="16" />
					<sval type="int" val="-1" />
					<sval type="int" val="0" />
					<sval type="int" val="-2" />
					<sval type="int" val="17" />
				</sval>
				<sval type="array" size="7">
					<sval type="int" val="130" />
					<sval type="int" val="131074" />
					<sval type="int" val="11" />
					<sval type="int" val="131074" />
					<sval type="int" val="8" />
					<sval type="int" val="4" />
					<sval type="int" val="0" />
				</sval>
				<sval type="array" size="13">
					<sval type="int" val="104" />
					<sval type="int" val="-1610596349" />
					<sval type="int" val="3" />
					<sval type="int" val="131074" />
					<sval type="int" val="26" />
					<sval type="int" val="5" />
					<sval type="string" val="full" />
					<sval type="int" val="15" />
					<sval type="int" val="1" />
					<sval type="int" val="3" />
					<sval type="int" val="-1" />
					<sval type="int" val="1" />
					<sval type="int" val="-2" />
				</sval>
				<sval type="array" size="7">
					<sval type="int" val="104" />
					<sval type="int" val="25" />
					<sval type="int" val="1" />
					<sval type="int" val="131074" />
					<sval type="int" val="26" />
					<sval type="int" val="1" />
					<sval type="int" val="-1" />
				</sval>
				<sval type="array" size="7">
					<sval type="int" val="104" />
					<sval type="int" val="19" />
					<sval type="int" val="1" />
					<sval type="int" val="131075" />
					<sval type="int" val="10" />
					<sval type="int" val="1" />
					<sval type="int" val="-1" />
				</sval>
				<sval type="array" size="2">
					<sval type="int" val="1167" />
					<sval type="int" val="96" />
				</sval>
				<sval type="array" size="2">
					<sval type="int" val="112" />
					<sval type="int" val="66" />
				</sval>
				<sval type="array" size="13">
					<sval type="int" val="104" />
					<sval type="int" val="-1610595835" />
					<sval type="int" val="3" />
					<sval type="int" val="131074" />
					<sval type="int" val="25" />
					<sval type="int" val="5" />
					<sval type="string" val="success" />
					<sval type="int" val="15" />
					<sval type="int" val="1" />
					<sval type="int" val="3" />
					<sval type="int" val="-1" />
					<sval type="int" val="1" />
					<sval type="int" val="-2" />
				</sval>
				<sval type="array" size="2">
					<sval type="int" val="1167" />
					<sval type="int" val="96" />
				</sval>
				<sval type="array" size="2">
					<sval type="int" val="112" />
					<sval type="int" val="84" />
				</sval>
				<sval type="array" size="51">
					<sval type="int" val="104" />
					<sval type="int" val="-1610591739" />
					<sval type="int" val="15" />
					<sval type="int" val="131074" />
					<sval type="int" val="25" />
					<sval type="int" val="5" />
					<sval type="string" val="full" />
					<sval type="int" val="15" />
					<sval type="int" val="0" />
					<sval type="int" val="131074" />
					<sval type="int" val="25" />
					<sval type="int" val="131074" />
					<sval type="int" val="9" />
					<sval type="int" val="15" />
					<sval type="int" val="0" />
					<sval type="int" val="15" />
					<sval type="int" val="10" />
					<sval type="int" val="131074" />
					<sval type="int" val="25" />
					<sval type="int" val="131074" />
					<sval type="int" val="10" />
					<sval type="int" val="15" />
					<sval type="int" val="0" />
					<sval type="int" val="15" />
					<sval type="int" val="10" />
					<sval type="int" val="131074" />
					<sval type="int" val="0" />
					<sval type="int" val="5" />
					<sval type="string" val="collect.cmd" />
					<sval type="int" val="15" />
					<sval type="int" val="0" />
					<sval type="int" val="15" />
					<sval type="int" val="9" />
					<sval type="int" val="17" />
					<sval type="int" val="16" />
					<sval type="int" val="-1" />
					<sval type="int" val="0" />
					<sval type="int" val="-2" />
					<sval type="int" val="10" />
					<sval type="int" val="-4" />
					<sval type="int" val="0" />
					<sval type="int" val="-5" />
					<sval type="int" val="10" />
					<sval type="int" val="-8" />
					<sval type="int" val="0" />
					<sval type="int" val="-9" />
					<sval type="int" val="17" />
					<sval type="int" val="9" />
					<sval type="int" val="-12" />
					<sval type="int" val="0" />
					<sval type="int" val="-13" />
				</sval>
				<sval type="array" size="7">
					<sval type="int" val="104" />
					<sval type="int" val="26" />
					<sval type="int" val="1" />
					<sval type="int" val="131074" />
					<sval type="int" val="25" />
					<sval type="int" val="1" />
					<sval type="int" val="-1" />
				</sval>
				<sval type="array" size="6">
					<sval type="int" val="102" />
					<sval type="string" val="plugin.zanzal.droneminer.unload" />
					<sval type="int" val="25" />
					<sval type="int" val="131075" />
					<sval type="int" val="1" />
					<sval type="int" val="0" />
				</sval>
				<sval type="array" size="6">
					<sval type="int" val="129" />
					<sval type="int" val="27" />
					<sval type="int" val="131074" />
					<sval type="int" val="11" />
					<sval type="int" val="131074" />
					<sval type="int" val="8" />
				</sval>
				<sval type="array" size="15">
					<sval type="int" val="104" />
					<sval type="int" val="19" />
					<sval type="int" val="3" />
					<sval type="int" val="131074" />
					<sval type="int" val="27" />
					<sval type="int" val="4" />
					<sval type="int" val="1" />
					<sval type="int" val="15" />
					<sval type="int" val="0" />
					<sval type="int" val="5" />
					<sval type="int" val="16" />
					<sval type="int" val="-1" />
					<sval type="int" val="0" />
					<sval type="int" val="-2" />
					<sval type="int" val="17" />
				</sval>
				<sval type="array" size="7">
					<sval type="int" val="130" />
					<sval type="int" val="131074" />
					<sval type="int" val="11" />
					<sval type="int" val="131074" />
					<sval type="int" val="8" />
					<sval type="int" val="4" />
					<sval type="int" val="0" />
				</sval>
				<sval type="array" size="13">
					<sval type="int" val="104" />
					<sval type="int" val="-1610592765" />
					<sval type="int" val="3" />
					<sval type="int" val="131074" />
					<sval type="int" val="26" />
					<sval type="int" val="5" />
					<sval type="string" val="full" />
					<sval type="int" val="15" />
					<sval type="int" val="1" />
					<sval type="int" val="3" />
					<sval type="int" val="-1" />
					<sval type="int" val="1" />
					<sval type="int" val="-2" />
				</sval>
				<sval type="array" size="7">
					<sval type="int" val="104" />
					<sval type="int" val="25" />
					<sval type="int" val="1" />
					<sval type="int" val="131074" />
					<sval type="int" val="26" />
					<sval type="int" val="1" />
					<sval type="int" val="-1" />
				</sval>
				<sval type="array" size="7">
					<sval type="int" val="104" />
					<sval type="int" val="19" />
					<sval type="int" val="1" />
					<sval type="int" val="131075" />
					<sval type="int" val="10" />
					<sval type="int" val="1" />
					<sval type="int" val="-1" />
				</sval>
				<sval type="array" size="2">
					<sval type="int" val="1167" />
					<sval type="int" val="96" />
				</sval>
				<sval type="array" size="2">
					<sval type="int" val="112" />
					<sval type="int" val="81" />
				</sval>
				<sval type="array" size="13">
					<sval type="int" val="104" />
					<sval type="int" val="-1610591995" />
					<sval type="int" val="3" />
					<sval type="int" val="131074" />
					<sval type="int" val="25" />
					<sval type="int" val="5" />
					<sval type="string" val="success" />
					<sval type="int" val="15" />
					<sval type="int" val="1" />
					<sval type="int" val="3" />
					<sval type="int" val="-1" />
					<sval type="int" val="1" />
					<sval type="int" val="-2" />
				</sval>
				<sval type="array" size="7">
					<sval type="int" val="104" />
					<sval type="int" val="19" />
					<sval type="int" val="1" />
					<sval type="int" val="131075" />
					<sval type="int" val="10" />
					<sval type="int" val="1" />
					<sval type="int" val="-1" />
				</sval>
				<sval type="array" size="2">
					<sval type="int" val="1167" />
					<sval type="int" val="96" />
				</sval>
				<sval type="array" size="2">
					<sval type="int" val="112" />
					<sval type="int" val="84" />
				</sval>
				<sval type="array" size="7">
					<sval type="int" val="104" />
					<sval type="int" val="19" />
					<sval type="int" val="1" />
					<sval type="int" val="131075" />
					<sval type="int" val="10" />
					<sval type="int" val="1" />
					<sval type="int" val="-1" />
				</sval>
				<sval type="array" size="2">
					<sval type="int" val="1167" />
					<sval type="int" val="96" />
				</sval>
				<sval type="array" size="2">
					<sval type="int" val="112" />
					<sval type="int" val="37" />
				</sval>
				<sval type="array" size="4">
					<sval type="int" val="704" />
					<sval type="int" val="131075" />
					<sval type="int" val="1" />
					<sval type="int" val="28" />
				</sval>
				<sval type="array" size="4">
					<sval type="int" val="706" />
					<sval type="int" val="131074" />
					<sval type="int" val="28" />
					<sval type="int" val="-1610589437" />
				</sval>
				<sval type="array" size="5">
					<sval type="int" val="524" />
					<sval type="int" val="131075" />
					<sval type="int" val="1" />
					<sval type="int" val="18" />
					<sval type="int" val="1" />
				</sval>
				<sval type="array" size="5">
					<sval type="int" val="519" />
					<sval type="int" val="131075" />
					<sval type="int" val="1" />
					<sval type="int" val="131075" />
					<sval type="int" val="4" />
				</sval>
				<sval type="array" size="6">
					<sval type="int" val="102" />
					<sval type="string" val="!move.returntohomebase" />
					<sval type="int" val="-2147483647" />
					<sval type="int" val="131075" />
					<sval type="int" val="1" />
					<sval type="int" val="0" />
				</sval>
				<sval type="array" size="2">
					<sval type="int" val="112" />
					<sval type="int" val="94" />
				</sval>
				<sval type="array" size="5">
					<sval type="int" val="524" />
					<sval type="int" val="131075" />
					<sval type="int" val="1" />
					<sval type="int" val="18" />
					<sval type="int" val="17" />
				</sval>
				<sval type="array" size="5">
					<sval type="int" val="519" />
					<sval type="int" val="131075" />
					<sval type="int" val="1" />
					<sval type="int" val="0" />
					<sval type="int" val="0" />
				</sval>
				<sval type="array" size="6">
					<sval type="int" val="102" />
					<sval type="string" val="!move.idle" />
					<sval type="int" val="-2147483647" />
					<sval type="int" val="131075" />
					<sval type="int" val="1" />
					<sval type="int" val="0" />
				</sval>
				<sval type="array" size="2">
					<sval type="int" val="1167" />
					<sval type="int" val="103" />
				</sval>
				<sval type="array" size="3">
					<sval type="int" val="103" />
					<sval type="int" val="0" />
					<sval type="int" val="0" />
				</sval>
				<sval type="array" size="2">
					<sval type="int" val="101" />
					<sval type="string" val="report_error" />
				</sval>
				<sval type="array" size="4">
					<sval type="int" val="701" />
					<sval type="int" val="131075" />
					<sval type="int" val="1" />
					<sval type="int" val="29" />
				</sval>
				<sval type="array" size="13">
					<sval type="int" val="104" />
					<sval type="int" val="-1610586621" />
					<sval type="int" val="3" />
					<sval type="int" val="131074" />
					<sval type="int" val="29" />
					<sval type="int" val="10" />
					<sval type="int" val="10" />
					<sval type="int" val="15" />
					<sval type="int" val="0" />
					<sval type="int" val="3" />
					<sval type="int" val="-1" />
					<sval type="int" val="0" />
					<sval type="int" val="-2" />
				</sval>
				<sval type="array" size="16">
					<sval type="int" val="150" />
					<sval type="int" val="30" />
					<sval type="int" val="131074" />
					<sval type="int" val="1" />
					<sval type="int" val="4" />
					<sval type="int" val="25" />
					<sval type="int" val="131074" />
					<sval type="int" val="25" />
					<sval type="int" val="0" />
					<sval type="int" val="0" />
					<sval type="int" val="0" />
					<sval type="int" val="0" />
					<sval type="int" val="0" />
					<sval type="int" val="0" />
					<sval type="int" val="0" />
					<sval type="int" val="0" />
				</sval>
				<sval type="array" size="4">
					<sval type="int" val="1028" />
					<sval type="int" val="131075" />
					<sval type="int" val="1" />
					<sval type="int" val="31" />
				</sval>
				<sval type="array" size="12">
					<sval type="int" val="102" />
					<sval type="string" val="plugin.zanzal.sendmessagefrom" />
					<sval type="int" val="-2147483647" />
					<sval type="int" val="131075" />
					<sval type="int" val="1" />
					<sval type="int" val="3" />
					<sval type="int" val="131074" />
					<sval type="int" val="31" />
					<sval type="int" val="131074" />
					<sval type="int" val="30" />
					<sval type="int" val="131075" />
					<sval type="int" val="9" />
				</sval>
				<sval type="array" size="1">
					<sval type="int" val="1168" />
				</sval>
				<sval type="array" size="2">
					<sval type="int" val="101" />
					<sval type="string" val="log_flight_time" />
				</sval>
				<sval type="array" size="4">
					<sval type="int" val="1182" />
					<sval type="int" val="131075" />
					<sval type="int" val="1" />
					<sval type="int" val="32" />
				</sval>
				<sval type="array" size="3">
					<sval type="int" val="1191" />
					<sval type="int" val="131075" />
					<sval type="int" val="1" />
				</sval>
				<sval type="array" size="6">
					<sval type="int" val="129" />
					<sval type="int" val="33" />
					<sval type="int" val="131074" />
					<sval type="int" val="11" />
					<sval type="int" val="131074" />
					<sval type="int" val="7" />
				</sval>
				<sval type="array" size="13">
					<sval type="int" val="104" />
					<sval type="int" val="-1610584829" />
					<sval type="int" val="3" />
					<sval type="int" val="131074" />
					<sval type="int" val="33" />
					<sval type="int" val="0" />
					<sval type="int" val="0" />
					<sval type="int" val="15" />
					<sval type="int" val="0" />
					<sval type="int" val="3" />
					<sval type="int" val="-1" />
					<sval type="int" val="0" />
					<sval type="int" val="-2" />
				</sval>
				<sval type="array" size="7">
					<sval type="int" val="104" />
					<sval type="int" val="33" />
					<sval type="int" val="1" />
					<sval type="int" val="4" />
					<sval type="int" val="0" />
					<sval type="int" val="1" />
					<sval type="int" val="-1" />
				</sval>
				<sval type="array" size="13">
					<sval type="int" val="104" />
					<sval type="int" val="33" />
					<sval type="int" val="3" />
					<sval type="int" val="131074" />
					<sval type="int" val="33" />
					<sval type="int" val="131074" />
					<sval type="int" val="32" />
					<sval type="int" val="15" />
					<sval type="int" val="11" />
					<sval type="int" val="3" />
					<sval type="int" val="-1" />
					<sval type="int" val="11" />
					<sval type="int" val="-2" />
				</sval>
				<sval type="array" size="7">
					<sval type="int" val="130" />
					<sval type="int" val="131074" />
					<sval type="int" val="11" />
					<sval type="int" val="131074" />
					<sval type="int" val="7" />
					<sval type="int" val="131074" />
					<sval type="int" val="33" />
				</sval>
				<sval type="array" size="1">
					<sval type="int" val="1168" />
				</sval>
			</sval>
			<sval type="array" size="1">
				<sval type="array" size="2">
					<sval type="int" val="2" />
					<sval type="string" val="" />
				</sval>
			</sval>
			<sval type="array" size="44">
				<sval type="array" size="3">
					<sval type="int" val="0" />
					<sval type="int" val="1" />
					<sval type="string" val="************************************************" />
				</sval>
				<sval type="array" size="3">
					<sval type="int" val="0" />
					<sval type="int" val="1" />
					<sval type="string" val="SCRIPT NAME: plugin.zanzal.droneminer.command" />
				</sval>
				<sval type="array" size="3">
					<sval type="int" val="0" />
					<sval type="int" val="1" />
					<sval type="string" val="DESCRIPTION: Command script that is executed whenever" />
				</sval>
				<sval type="array" size="3">
					<sval type="int" val="0" />
					<sval type="int" val="1" />
					<sval type="string" val="the order to Drone Mining and Trading is given." />
				</sval>
				<sval type="array" size="3">
					<sval type="int" val="0" />
					<sval type="int" val="1" />
					<sval type="string" val="" />
				</sval>
				<sval type="array" size="3">
					<sval type="int" val="0" />
					<sval type="int" val="1" />
					<sval type="string" val="AUTHOR: Zanzal         DATE: 25 December 2013" />
				</sval>
				<sval type="array" size="3">
					<sval type="int" val="0" />
					<sval type="int" val="1" />
					<sval type="string" val="************************************************" />
				</sval>
				<sval type="array" size="2">
					<sval type="int" val="1" />
					<sval type="int" val="2" />
				</sval>
				<sval type="array" size="2">
					<sval type="int" val="8" />
					<sval type="int" val="2" />
				</sval>
				<sval type="array" size="2">
					<sval type="int" val="8" />
					<sval type="int" val="2" />
				</sval>
				<sval type="array" size="2">
					<sval type="int" val="10" />
					<sval type="int" val="2" />
				</sval>
				<sval type="array" size="2">
					<sval type="int" val="11" />
					<sval type="int" val="2" />
				</sval>
				<sval type="array" size="2">
					<sval type="int" val="12" />
					<sval type="int" val="2" />
				</sval>
				<sval type="array" size="2">
					<sval type="int" val="15" />
					<sval type="int" val="5" />
				</sval>
				<sval type="array" size="2">
					<sval type="int" val="18" />
					<sval type="int" val="4" />
				</sval>
				<sval type="array" size="2">
					<sval type="int" val="18" />
					<sval type="int" val="2" />
				</sval>
				<sval type="array" size="2">
					<sval type="int" val="20" />
					<sval type="int" val="2" />
				</sval>
				<sval type="array" size="2">
					<sval type="int" val="32" />
					<sval type="int" val="4" />
				</sval>
				<sval type="array" size="2">
					<sval type="int" val="33" />
					<sval type="int" val="4" />
				</sval>
				<sval type="array" size="2">
					<sval type="int" val="36" />
					<sval type="int" val="5" />
				</sval>
				<sval type="array" size="2">
					<sval type="int" val="44" />
					<sval type="int" val="2" />
				</sval>
				<sval type="array" size="2">
					<sval type="int" val="49" />
					<sval type="int" val="7" />
				</sval>
				<sval type="array" size="2">
					<sval type="int" val="50" />
					<sval type="int" val="5" />
				</sval>
				<sval type="array" size="2">
					<sval type="int" val="51" />
					<sval type="int" val="4" />
				</sval>
				<sval type="array" size="2">
					<sval type="int" val="51" />
					<sval type="int" val="4" />
				</sval>
				<sval type="array" size="2">
					<sval type="int" val="51" />
					<sval type="int" val="2" />
				</sval>
				<sval type="array" size="2">
					<sval type="int" val="52" />
					<sval type="int" val="2" />
				</sval>
				<sval type="array" size="2">
					<sval type="int" val="66" />
					<sval type="int" val="4" />
				</sval>
				<sval type="array" size="2">
					<sval type="int" val="81" />
					<sval type="int" val="4" />
				</sval>
				<sval type="array" size="2">
					<sval type="int" val="82" />
					<sval type="int" val="5" />
				</sval>
				<sval type="array" size="2">
					<sval type="int" val="84" />
					<sval type="int" val="4" />
				</sval>
				<sval type="array" size="2">
					<sval type="int" val="85" />
					<sval type="int" val="4" />
				</sval>
				<sval type="array" size="2">
					<sval type="int" val="85" />
					<sval type="int" val="4" />
				</sval>
				<sval type="array" size="2">
					<sval type="int" val="85" />
					<sval type="int" val="2" />
				</sval>
				<sval type="array" size="2">
					<sval type="int" val="91" />
					<sval type="int" val="5" />
				</sval>
				<sval type="array" size="2">
					<sval type="int" val="94" />
					<sval type="int" val="4" />
				</sval>
				<sval type="array" size="2">
					<sval type="int" val="94" />
					<sval type="int" val="2" />
				</sval>
				<sval type="array" size="2">
					<sval type="int" val="95" />
					<sval type="int" val="2" />
				</sval>
				<sval type="array" size="2">
					<sval type="int" val="96" />
					<sval type="int" val="2" />
				</sval>
				<sval type="array" size="2">
					<sval type="int" val="102" />
					<sval type="int" val="4" />
				</sval>
				<sval type="array" size="2">
					<sval type="int" val="103" />
					<sval type="int" val="2" />
				</sval>
				<sval type="array" size="2">
					<sval type="int" val="109" />
					<sval type="int" val="4" />
				</sval>
				<sval type="array" size="2">
					<sval type="int" val="112" />
					<sval type="int" val="2" />
				</sval>
				<sval type="array" size="2">
					<sval type="int" val="112" />
					<sval type="int" val="2" />
				</sval>
			</sval>
			<sval type="int" val="0" />
		</sval>
	</codearray>
</script>
