<?xml version="1.0" standalone="yes"?>
<?xml-stylesheet href="x2script.xsl" type="text/xsl"?>
<!-- Generated using X-Studio -->
<script>
	<name>plugin.zanzal.drone.followhomebase</name>
	<version>1</version>
	<engineversion>50</engineversion>
	<description></description>
	<arguments />
	<sourcetext>
		<line linenr="001" indent="">
			<comment>*************************************************</comment>
		</line>
		<line linenr="002" indent="">
			<comment>* SCRIPT NAME: plugin.zanzal.drone.followhomebase</comment>
		</line>
		<line linenr="003" indent="">
			<comment>* DESCRIPTION: Follow the homebase - generally called right</comment>
		</line>
		<line linenr="004" indent="">
			<comment>* before a recall order is issued.</comment>
		</line>
		<line linenr="005" indent="">
			<comment>* </comment>
		</line>
		<line linenr="006" indent="">
			<comment>* AUTHOR:  Zanzal         DATE: 4 January 2014</comment>
		</line>
		<line linenr="007" indent="">
			<comment>*************************************************</comment>
		</line>
		<line linenr="008" indent="">
			<text>if</text>
			<text> </text>
			<var>[HOMEBASE]</var>
			<text> </text>
			<text>-&gt;</text>
			<text> </text>
			<text>exists</text>
		</line>
		<line linenr="009" indent="&#160;">
			<var>[THIS]</var>
			<text> </text>
			<text>-&gt;</text>
			<text> </text>
			<text>set</text>
			<text> </text>
			<text>command</text>
			<text>:</text>
			<text> </text>
			<var>[COMMAND_FOLLOW]</var>
			<text> </text>
			<text>target</text>
			<text>=</text>
			<var>[HOMEBASE]</var>
			<text> </text>
			<text>target2</text>
			<text>=</text>
			<var>null</var>
			<text> </text>
			<text>par1</text>
			<text>=</text>
			<var>null</var>
			<text> </text>
			<text>par2</text>
			<text>=</text>
			<var>null</var>
		</line>
		<line linenr="010" indent="&#160;">
			<var>[THIS]</var>
			<text> </text>
			<text>-&gt;</text>
			<text> </text>
			<text>set</text>
			<text> </text>
			<text>destination</text>
			<text> </text>
			<text>to</text>
			<text> </text>
			<var>null</var>
		</line>
		<line linenr="011" indent="&#160;" />
		<line linenr="012" indent="&#160;">
			<text>while</text>
			<text> </text>
			<var>[HOMEBASE]</var>
			<text> </text>
			<text>-&gt;</text>
			<text> </text>
			<text>exists</text>
		</line>
		<line linenr="013" indent="&#160;&#160;" interruptable="@">
			<text>=</text>
			<text> </text>
			<var>[THIS]</var>
			<text> </text>
			<text>-&gt;</text>
			<text> </text>
			<text>follow</text>
			<text> </text>
			<text>object</text>
			<text> </text>
			<var>[HOMEBASE]</var>
			<text> </text>
			<text>with</text>
			<text> </text>
			<text>precision</text>
			<text> </text>
			<var>1000</var>
			<text> </text>
			<text>m</text>
		</line>
		<line linenr="014" indent="&#160;">
			<text>end</text>
		</line>
		<line linenr="015" indent="">
			<text>end</text>
		</line>
		<line linenr="016" indent="" />
		<line linenr="017" indent="">
			<text>return</text>
			<text> </text>
			<var>null</var>
		</line>
	</sourcetext>
	<codearray>
		<sval type="array" size="10">
			<sval type="string" val="plugin.zanzal.drone.followhomebase" />
			<sval type="int" val="50" />
			<sval type="string" val="" />
			<sval type="int" val="1" />
			<sval type="int" val="0" />
			<sval type="int" val="0" />
			<sval type="array" size="7">
				<sval type="array" size="4">
					<sval type="int" val="706" />
					<sval type="int" val="131075" />
					<sval type="int" val="4" />
					<sval type="int" val="-1610611197" />
				</sval>
				<sval type="array" size="13">
					<sval type="int" val="538" />
					<sval type="int" val="131075" />
					<sval type="int" val="1" />
					<sval type="int" val="18" />
					<sval type="int" val="5" />
					<sval type="int" val="131075" />
					<sval type="int" val="4" />
					<sval type="int" val="0" />
					<sval type="int" val="0" />
					<sval type="int" val="0" />
					<sval type="int" val="0" />
					<sval type="int" val="0" />
					<sval type="int" val="0" />
				</sval>
				<sval type="array" size="5">
					<sval type="int" val="519" />
					<sval type="int" val="131075" />
					<sval type="int" val="1" />
					<sval type="int" val="0" />
					<sval type="int" val="0" />
				</sval>
				<sval type="array" size="4">
					<sval type="int" val="706" />
					<sval type="int" val="131075" />
					<sval type="int" val="4" />
					<sval type="int" val="-1610611191" />
				</sval>
				<sval type="array" size="8">
					<sval type="int" val="516" />
					<sval type="int" val="131075" />
					<sval type="int" val="1" />
					<sval type="int" val="-2147483647" />
					<sval type="int" val="131075" />
					<sval type="int" val="4" />
					<sval type="int" val="4" />
					<sval type="int" val="1000" />
				</sval>
				<sval type="array" size="2">
					<sval type="int" val="112" />
					<sval type="int" val="3" />
				</sval>
				<sval type="array" size="3">
					<sval type="int" val="103" />
					<sval type="int" val="0" />
					<sval type="int" val="0" />
				</sval>
			</sval>
			<sval type="int" val="0" />
			<sval type="array" size="11">
				<sval type="array" size="3">
					<sval type="int" val="0" />
					<sval type="int" val="1" />
					<sval type="string" val="************************************************" />
				</sval>
				<sval type="array" size="3">
					<sval type="int" val="0" />
					<sval type="int" val="1" />
					<sval type="string" val="SCRIPT NAME: plugin.zanzal.drone.followhomebase" />
				</sval>
				<sval type="array" size="3">
					<sval type="int" val="0" />
					<sval type="int" val="1" />
					<sval type="string" val="DESCRIPTION: Follow the homebase - generally called right" />
				</sval>
				<sval type="array" size="3">
					<sval type="int" val="0" />
					<sval type="int" val="1" />
					<sval type="string" val="before a recall order is issued." />
				</sval>
				<sval type="array" size="3">
					<sval type="int" val="0" />
					<sval type="int" val="1" />
					<sval type="string" val="" />
				</sval>
				<sval type="array" size="3">
					<sval type="int" val="0" />
					<sval type="int" val="1" />
					<sval type="string" val="AUTHOR:  Zanzal         DATE: 4 January 2014" />
				</sval>
				<sval type="array" size="3">
					<sval type="int" val="0" />
					<sval type="int" val="1" />
					<sval type="string" val="************************************************" />
				</sval>
				<sval type="array" size="2">
					<sval type="int" val="3" />
					<sval type="int" val="2" />
				</sval>
				<sval type="array" size="2">
					<sval type="int" val="6" />
					<sval type="int" val="4" />
				</sval>
				<sval type="array" size="2">
					<sval type="int" val="6" />
					<sval type="int" val="4" />
				</sval>
				<sval type="array" size="2">
					<sval type="int" val="6" />
					<sval type="int" val="2" />
				</sval>
			</sval>
			<sval type="int" val="0" />
		</sval>
	</codearray>
</script>
