<?xml version="1.0" standalone="yes"?>
<?xml-stylesheet href="x2script.xsl" type="text/xsl"?>
<!-- Generated using X-Studio -->
<script>
	<name>plugin.zanzal.threatassessment</name>
	<version>1</version>
	<engineversion>50</engineversion>
	<description></description>
	<arguments />
	<sourcetext>
		<line linenr="001" indent="">
			<comment>* ************************************************</comment>
		</line>
		<line linenr="002" indent="">
			<comment>* SCRIPT NAME: plugin.zanzal.threatassessment</comment>
		</line>
		<line linenr="003" indent="">
			<comment>* DESCRIPTION: Assess potential threats in range of [THIS] and</comment>
		</line>
		<line linenr="004" indent="">
			<comment>* return a number that indicates the amount of threat in the system.</comment>
		</line>
		<line linenr="005" indent="">
			<comment>* Scale 1 should be consider 1 M5/M4 </comment>
		</line>
		<line linenr="006" indent="">
			<comment>* Scale 100 should be considered 100 M5/M4 threat level</comment>
		</line>
		<line linenr="007" indent="">
			<comment>* Returns -1 if this sector contains hostiles of the same race as the sector owner.</comment>
		</line>
		<line linenr="008" indent="">
			<comment>* </comment>
		</line>
		<line linenr="009" indent="">
			<comment>* AUTHOR: Zanzal           DATE: 8 January 2014</comment>
		</line>
		<line linenr="010" indent="">
			<comment>* ************************************************</comment>
		</line>
		<line linenr="011" indent="">
			<var>$hostile.races</var>
			<text> </text>
			<text>=</text>
			<text> </text>
			<text>array</text>
			<text> </text>
			<text>alloc</text>
			<text>:</text>
			<text> </text>
			<text>size</text>
			<text>=</text>
			<var>7</var>
		</line>
		<line linenr="012" indent="">
			<var>$hostile.races</var>
			<text>[</text>
			<var>0</var>
			<text>]</text>
			<text> </text>
			<text>=</text>
			<text> </text>
			<var>[Xenon]</var>
		</line>
		<line linenr="013" indent="">
			<var>$hostile.races</var>
			<text>[</text>
			<var>1</var>
			<text>]</text>
			<text> </text>
			<text>=</text>
			<text> </text>
			<var>[Unknown]</var>
		</line>
		<line linenr="014" indent="">
			<var>$hostile.races</var>
			<text>[</text>
			<var>2</var>
			<text>]</text>
			<text> </text>
			<text>=</text>
			<text> </text>
			<var>[Race 1]</var>
		</line>
		<line linenr="015" indent="">
			<var>$hostile.races</var>
			<text>[</text>
			<var>3</var>
			<text>]</text>
			<text> </text>
			<text>=</text>
			<text> </text>
			<var>[Kha'ak]</var>
		</line>
		<line linenr="016" indent="">
			<var>$hostile.races</var>
			<text>[</text>
			<var>4</var>
			<text>]</text>
			<text> </text>
			<text>=</text>
			<text> </text>
			<var>[Yaki]</var>
		</line>
		<line linenr="017" indent="">
			<var>$hostile.races</var>
			<text>[</text>
			<var>5</var>
			<text>]</text>
			<text> </text>
			<text>=</text>
			<text> </text>
			<var>[Pirates]</var>
		</line>
		<line linenr="018" indent="">
			<var>$hostile.races</var>
			<text>[</text>
			<var>6</var>
			<text>]</text>
			<text> </text>
			<text>=</text>
			<text> </text>
			<var>[Enemy Race]</var>
		</line>
		<line linenr="019" indent="" />
		<line linenr="020" indent="&#160;">
			<var>$find.flags</var>
			<text> </text>
			<text>=</text>
			<text> </text>
			<var>[Find.Multiple]</var>
			<text> </text>
			<text>|</text>
			<text> </text>
			<var>[Find.Enemy]</var>
		</line>
		<line linenr="021" indent="&#160;">
			<var>$scanner.range</var>
			<text> </text>
			<text>=</text>
			<text> </text>
			<var>[THIS]</var>
			<text>-&gt;</text>
			<text> </text>
			<text>get</text>
			<text> </text>
			<text>scanner</text>
			<text> </text>
			<text>range</text>
		</line>
		<line linenr="022" indent="&#160;">
			<var>$enemy.ships</var>
			<text> </text>
			<text>=</text>
			<text> </text>
			<text>find</text>
			<text> </text>
			<text>ship</text>
			<text>:</text>
			<text> </text>
			<text>sector</text>
			<text>=</text>
			<var>[SECTOR]</var>
			<text> </text>
			<text>class</text>
			<text> </text>
			<text>or</text>
			<text> </text>
			<text>type</text>
			<text>=</text>
			<var>null</var>
			<text> </text>
			<text>race</text>
			<text>=</text>
			<var>null</var>
			<text> </text>
			<text>flags</text>
			<text>=</text>
			<var>$find.flags</var>
			<text> </text>
			<text>refobj</text>
			<text>=</text>
			<var>[THIS]</var>
			<text> </text>
			<text>maxdist</text>
			<text>=</text>
			<var>$scanner.range</var>
			<text> </text>
			<text>maxnum</text>
			<text>=</text>
			<var>99</var>
			<text> </text>
			<text>refpos</text>
			<text>=</text>
			<var>null</var>
		</line>
		<line linenr="023" indent="&#160;">
			<var>$enemy.ships.cnt</var>
			<text> </text>
			<text>=</text>
			<text> </text>
			<text>size</text>
			<text> </text>
			<text>of</text>
			<text> </text>
			<text>array</text>
			<text> </text>
			<var>$enemy.ships</var>
		</line>
		<line linenr="024" indent="&#160;&#160;">
			<var>$sector.owner</var>
			<text> </text>
			<text>=</text>
			<text> </text>
			<var>[SECTOR]</var>
			<text>-&gt;</text>
			<text> </text>
			<text>get</text>
			<text> </text>
			<text>owner</text>
			<text> </text>
			<text>race</text>
		</line>
		<line linenr="025" indent="&#160;" />
		<line linenr="026" indent="&#160;">
			<var>$XS.Iterator1</var>
			<text> </text>
			<text>=</text>
			<text> </text>
			<text>size</text>
			<text> </text>
			<text>of</text>
			<text> </text>
			<text>array</text>
			<text> </text>
			<var>$enemy.ships</var>
		</line>
		<line linenr="027" indent="&#160;">
			<text>while</text>
			<text> </text>
			<var>$XS.Iterator1</var>
		</line>
		<line linenr="028" indent="&#160;&#160;">
			<text>dec</text>
			<text> </text>
			<var>$XS.Iterator1</var>
		</line>
		<line linenr="029" indent="&#160;&#160;">
			<var>$enemy</var>
			<text> </text>
			<text>=</text>
			<text> </text>
			<var>$enemy.ships</var>
			<text>[</text>
			<var>$XS.Iterator1</var>
			<text>]</text>
		</line>
		<line linenr="030" indent="&#160;&#160;&#160;">
			<var>$enemy.race</var>
			<text> </text>
			<text>=</text>
			<text> </text>
			<var>$enemy</var>
			<text>-&gt;</text>
			<text> </text>
			<text>get</text>
			<text> </text>
			<text>owner</text>
			<text> </text>
			<text>race</text>
		</line>
		<line linenr="031" indent="&#160;&#160;">
			<var>$is.hostile.race</var>
			<text> </text>
			<text>=</text>
			<text> </text>
			<text>find</text>
			<text> </text>
			<var>$enemy.race</var>
			<text> </text>
			<text>in</text>
			<text> </text>
			<text>array</text>
			<text>:</text>
			<text> </text>
			<var>$hostile.races</var>
		</line>
		<line linenr="032" indent="&#160;&#160;&#160;" />
		<line linenr="033" indent="&#160;&#160;">
			<text>if</text>
			<text> </text>
			<var>$enemy.race</var>
			<text> </text>
			<text>==</text>
			<text> </text>
			<var>$sector.owner</var>
		</line>
		<line linenr="034" indent="&#160;&#160;&#160;">
			<text>return</text>
			<text> </text>
			<var>-1</var>
		</line>
		<line linenr="035" indent="&#160;&#160;">
			<text>end</text>
		</line>
		<line linenr="036" indent="&#160;&#160;&#160;" />
		<line linenr="037" indent="&#160;&#160;">
			<text>if</text>
			<text> </text>
			<var>$is.hostile.race</var>
		</line>
		<line linenr="038" indent="&#160;&#160;&#160;">
			<comment>* Enemy ship count gets exaggerated based on ship class.</comment>
		</line>
		<line linenr="039" indent="&#160;&#160;">
			<text>if</text>
			<text> </text>
			<var>$enemy</var>
			<text>-&gt;</text>
			<text> </text>
			<text>is</text>
			<text> </text>
			<text>of</text>
			<text> </text>
			<text>class</text>
			<text> </text>
			<var>[Drone]</var>
		</line>
		<line linenr="040" indent="&#160;&#160;&#160;">
			<text>dec</text>
			<text> </text>
			<var>$enemy.ships.cnt</var>
		</line>
		<line linenr="041" indent="&#160;&#160;">
			<text>else</text>
			<text> </text>
			<text>if</text>
			<text> </text>
			<var>$enemy</var>
			<text>-&gt;</text>
			<text> </text>
			<text>is</text>
			<text> </text>
			<text>of</text>
			<text> </text>
			<text>class</text>
			<text> </text>
			<var>[M8]</var>
		</line>
		<line linenr="042" indent="&#160;&#160;&#160;">
			<var>$enemy.ships.cnt</var>
			<text> </text>
			<text>=</text>
			<text> </text>
			<var>$enemy.ships.cnt</var>
			<text> </text>
			<text>+</text>
			<text> </text>
			<var>50</var>
		</line>
		<line linenr="043" indent="&#160;&#160;">
			<text>else</text>
			<text> </text>
			<text>if</text>
			<text> </text>
			<var>$enemy</var>
			<text>-&gt;</text>
			<text> </text>
			<text>is</text>
			<text> </text>
			<text>of</text>
			<text> </text>
			<text>class</text>
			<text> </text>
			<var>[M7]</var>
		</line>
		<line linenr="044" indent="&#160;&#160;&#160;">
			<var>$enemy.ships.cnt</var>
			<text> </text>
			<text>=</text>
			<text> </text>
			<var>$enemy.ships.cnt</var>
			<text> </text>
			<text>+</text>
			<text> </text>
			<var>20</var>
		</line>
		<line linenr="045" indent="&#160;&#160;">
			<text>else</text>
			<text> </text>
			<text>if</text>
			<text> </text>
			<var>$enemy</var>
			<text>-&gt;</text>
			<text> </text>
			<text>is</text>
			<text> </text>
			<text>of</text>
			<text> </text>
			<text>class</text>
			<text> </text>
			<var>[TP]</var>
		</line>
		<line linenr="046" indent="&#160;&#160;&#160;">
			<text>dec</text>
			<text> </text>
			<var>$enemy.ships.cnt</var>
		</line>
		<line linenr="047" indent="&#160;&#160;">
			<text>else</text>
			<text> </text>
			<text>if</text>
			<text> </text>
			<var>$enemy</var>
			<text>-&gt;</text>
			<text> </text>
			<text>is</text>
			<text> </text>
			<text>of</text>
			<text> </text>
			<text>class</text>
			<text> </text>
			<var>[TS]</var>
		</line>
		<line linenr="048" indent="&#160;&#160;&#160;">
			<text>dec</text>
			<text> </text>
			<var>$enemy.ships.cnt</var>
		</line>
		<line linenr="049" indent="&#160;&#160;">
			<text>else</text>
			<text> </text>
			<text>if</text>
			<text> </text>
			<var>$enemy</var>
			<text>-&gt;</text>
			<text> </text>
			<text>is</text>
			<text> </text>
			<text>of</text>
			<text> </text>
			<text>class</text>
			<text> </text>
			<var>[TM]</var>
		</line>
		<line linenr="050" indent="&#160;&#160;">
			<text>inc</text>
			<text> </text>
			<var>$enemy.ships.cnt</var>
		</line>
		<line linenr="051" indent="&#160;&#160;">
			<text>else</text>
			<text> </text>
			<text>if</text>
			<text> </text>
			<var>$enemy</var>
			<text>-&gt;</text>
			<text> </text>
			<text>is</text>
			<text> </text>
			<text>of</text>
			<text> </text>
			<text>class</text>
			<text> </text>
			<var>[M3]</var>
		</line>
		<line linenr="052" indent="&#160;&#160;">
			<text>inc</text>
			<text> </text>
			<var>$enemy.ships.cnt</var>
		</line>
		<line linenr="053" indent="&#160;&#160;&#160;">
			<text>else</text>
			<text> </text>
			<text>if</text>
			<text> </text>
			<var>$enemy</var>
			<text>-&gt;</text>
			<text> </text>
			<text>is</text>
			<text> </text>
			<text>of</text>
			<text> </text>
			<text>class</text>
			<text> </text>
			<var>[M6]</var>
		</line>
		<line linenr="054" indent="&#160;&#160;&#160;&#160;">
			<var>$enemy.ships.cnt</var>
			<text> </text>
			<text>=</text>
			<text> </text>
			<var>$enemy.ships.cnt</var>
			<text> </text>
			<text>+</text>
			<text> </text>
			<var>3</var>
		</line>
		<line linenr="055" indent="&#160;&#160;&#160;&#160;&#160;">
			<text>else</text>
			<text> </text>
			<text>if</text>
			<text> </text>
			<var>$enemy</var>
			<text>-&gt;</text>
			<text> </text>
			<text>is</text>
			<text> </text>
			<text>of</text>
			<text> </text>
			<text>class</text>
			<text> </text>
			<var>[M1]</var>
		</line>
		<line linenr="056" indent="&#160;&#160;&#160;&#160;">
			<var>$enemy.ships.cnt</var>
			<text> </text>
			<text>=</text>
			<text> </text>
			<var>$enemy.ships.cnt</var>
			<text> </text>
			<text>+</text>
			<text> </text>
			<var>10</var>
		</line>
		<line linenr="057" indent="&#160;&#160;&#160;">
			<text>else</text>
			<text> </text>
			<text>if</text>
			<text> </text>
			<var>$enemy</var>
			<text>-&gt;</text>
			<text> </text>
			<text>is</text>
			<text> </text>
			<text>of</text>
			<text> </text>
			<text>class</text>
			<text> </text>
			<var>[Huge Ship]</var>
		</line>
		<line linenr="058" indent="&#160;&#160;">
			<var>$enemy.ships.cnt</var>
			<text> </text>
			<text>=</text>
			<text> </text>
			<var>$enemy.ships.cnt</var>
			<text> </text>
			<text>+</text>
			<text> </text>
			<var>50</var>
		</line>
		<line linenr="059" indent="&#160;">
			<text>end</text>
		</line>
		<line linenr="060" indent="&#160;&#160;" />
		<line linenr="061" indent="&#160;">
			<var>$owned.ships</var>
			<text> </text>
			<text>=</text>
			<text> </text>
			<var>$enemy</var>
			<text>-&gt;</text>
			<text> </text>
			<text>get</text>
			<text> </text>
			<text>owned</text>
			<text> </text>
			<text>ships</text>
			<text>:</text>
			<text> </text>
			<text>class</text>
			<text>/</text>
			<text>type</text>
			<text>=</text>
			<var>null</var>
		</line>
		<line linenr="062" indent="">
			<var>$XS.Iterator2</var>
			<text> </text>
			<text>=</text>
			<text> </text>
			<text>size</text>
			<text> </text>
			<text>of</text>
			<text> </text>
			<text>array</text>
			<text> </text>
			<var>$owned.ships</var>
		</line>
		<line linenr="063" indent="">
			<text>while</text>
			<text> </text>
			<var>$XS.Iterator2</var>
		</line>
		<line linenr="064" indent="">
			<text>dec</text>
			<text> </text>
			<var>$XS.Iterator2</var>
		</line>
		<line linenr="065" indent="">
			<var>$sh</var>
			<text> </text>
			<text>=</text>
			<text> </text>
			<var>$owned.ships</var>
			<text>[</text>
			<var>$XS.Iterator2</var>
			<text>]</text>
		</line>
		<line linenr="066" indent="">
			<text>if</text>
			<text> </text>
			<text>not</text>
			<text> </text>
			<text>find</text>
			<text> </text>
			<var>$sh</var>
			<text> </text>
			<text>in</text>
			<text> </text>
			<text>array</text>
			<text>:</text>
			<text> </text>
			<var>$enemy.ships</var>
		</line>
		<line linenr="067" indent="">
			<text>if</text>
			<text> </text>
			<var>$sh</var>
			<text>-&gt;</text>
			<text> </text>
			<text>is</text>
			<text> </text>
			<text>docked</text>
		</line>
		<line linenr="068" indent="">
			<text>inc</text>
			<text> </text>
			<var>$enemy.ships.cnt</var>
		</line>
		<line linenr="069" indent="">
			<text>end</text>
		</line>
		<line linenr="070" indent="">
			<text>end</text>
		</line>
		<line linenr="071" indent="">
			<text>end</text>
		</line>
		<line linenr="072" indent="">
			<text>else</text>
		</line>
		<line linenr="073" indent="">
			<text>dec</text>
			<text> </text>
			<var>$enemy.ships.cnt</var>
		</line>
		<line linenr="074" indent="">
			<text>end</text>
		</line>
		<line linenr="075" indent="">
			<text>end</text>
		</line>
		<line linenr="076" indent="" />
		<line linenr="077" indent="">
			<text>return</text>
			<text> </text>
			<var>$enemy.ships.cnt</var>
		</line>
	</sourcetext>
	<codearray>
		<sval type="array" size="10">
			<sval type="string" val="plugin.zanzal.threatassessment" />
			<sval type="int" val="50" />
			<sval type="string" val="" />
			<sval type="int" val="1" />
			<sval type="int" val="0" />
			<sval type="array" size="13">
				<sval type="string" val="hostile.races" />
				<sval type="string" val="find.flags" />
				<sval type="string" val="scanner.range" />
				<sval type="string" val="enemy.ships" />
				<sval type="string" val="enemy.ships.cnt" />
				<sval type="string" val="sector.owner" />
				<sval type="string" val="enemy" />
				<sval type="string" val="XS.Iterator1" />
				<sval type="string" val="enemy.race" />
				<sval type="string" val="is.hostile.race" />
				<sval type="string" val="owned.ships" />
				<sval type="string" val="sh" />
				<sval type="string" val="XS.Iterator2" />
			</sval>
			<sval type="array" size="64">
				<sval type="array" size="4">
					<sval type="int" val="128" />
					<sval type="int" val="0" />
					<sval type="int" val="4" />
					<sval type="int" val="7" />
				</sval>
				<sval type="array" size="7">
					<sval type="int" val="130" />
					<sval type="int" val="131074" />
					<sval type="int" val="0" />
					<sval type="int" val="4" />
					<sval type="int" val="0" />
					<sval type="int" val="10" />
					<sval type="int" val="6" />
				</sval>
				<sval type="array" size="7">
					<sval type="int" val="130" />
					<sval type="int" val="131074" />
					<sval type="int" val="0" />
					<sval type="int" val="4" />
					<sval type="int" val="1" />
					<sval type="int" val="10" />
					<sval type="int" val="14" />
				</sval>
				<sval type="array" size="7">
					<sval type="int" val="130" />
					<sval type="int" val="131074" />
					<sval type="int" val="0" />
					<sval type="int" val="4" />
					<sval type="int" val="2" />
					<sval type="int" val="10" />
					<sval type="int" val="15" />
				</sval>
				<sval type="array" size="7">
					<sval type="int" val="130" />
					<sval type="int" val="131074" />
					<sval type="int" val="0" />
					<sval type="int" val="4" />
					<sval type="int" val="3" />
					<sval type="int" val="10" />
					<sval type="int" val="7" />
				</sval>
				<sval type="array" size="7">
					<sval type="int" val="130" />
					<sval type="int" val="131074" />
					<sval type="int" val="0" />
					<sval type="int" val="4" />
					<sval type="int" val="4" />
					<sval type="int" val="10" />
					<sval type="int" val="19" />
				</sval>
				<sval type="array" size="7">
					<sval type="int" val="130" />
					<sval type="int" val="131074" />
					<sval type="int" val="0" />
					<sval type="int" val="4" />
					<sval type="int" val="5" />
					<sval type="int" val="10" />
					<sval type="int" val="8" />
				</sval>
				<sval type="array" size="7">
					<sval type="int" val="130" />
					<sval type="int" val="131074" />
					<sval type="int" val="0" />
					<sval type="int" val="4" />
					<sval type="int" val="6" />
					<sval type="int" val="10" />
					<sval type="int" val="11" />
				</sval>
				<sval type="array" size="13">
					<sval type="int" val="104" />
					<sval type="int" val="1" />
					<sval type="int" val="3" />
					<sval type="int" val="131075" />
					<sval type="int" val="111" />
					<sval type="int" val="131075" />
					<sval type="int" val="108" />
					<sval type="int" val="15" />
					<sval type="int" val="7" />
					<sval type="int" val="3" />
					<sval type="int" val="-1" />
					<sval type="int" val="7" />
					<sval type="int" val="-2" />
				</sval>
				<sval type="array" size="4">
					<sval type="int" val="1149" />
					<sval type="int" val="131075" />
					<sval type="int" val="1" />
					<sval type="int" val="2" />
				</sval>
				<sval type="array" size="18">
					<sval type="int" val="757" />
					<sval type="int" val="3" />
					<sval type="int" val="131075" />
					<sval type="int" val="6" />
					<sval type="int" val="0" />
					<sval type="int" val="0" />
					<sval type="int" val="0" />
					<sval type="int" val="0" />
					<sval type="int" val="131074" />
					<sval type="int" val="1" />
					<sval type="int" val="131075" />
					<sval type="int" val="1" />
					<sval type="int" val="131074" />
					<sval type="int" val="2" />
					<sval type="int" val="4" />
					<sval type="int" val="99" />
					<sval type="int" val="0" />
					<sval type="int" val="0" />
				</sval>
				<sval type="array" size="4">
					<sval type="int" val="131" />
					<sval type="int" val="4" />
					<sval type="int" val="131074" />
					<sval type="int" val="3" />
				</sval>
				<sval type="array" size="4">
					<sval type="int" val="701" />
					<sval type="int" val="131075" />
					<sval type="int" val="6" />
					<sval type="int" val="5" />
				</sval>
				<sval type="array" size="4">
					<sval type="int" val="131" />
					<sval type="int" val="7" />
					<sval type="int" val="131074" />
					<sval type="int" val="3" />
				</sval>
				<sval type="array" size="7">
					<sval type="int" val="104" />
					<sval type="int" val="-1610596599" />
					<sval type="int" val="1" />
					<sval type="int" val="131074" />
					<sval type="int" val="7" />
					<sval type="int" val="1" />
					<sval type="int" val="-1" />
				</sval>
				<sval type="array" size="2">
					<sval type="int" val="143" />
					<sval type="int" val="7" />
				</sval>
				<sval type="array" size="6">
					<sval type="int" val="129" />
					<sval type="int" val="6" />
					<sval type="int" val="131074" />
					<sval type="int" val="3" />
					<sval type="int" val="131074" />
					<sval type="int" val="7" />
				</sval>
				<sval type="array" size="4">
					<sval type="int" val="701" />
					<sval type="int" val="131074" />
					<sval type="int" val="6" />
					<sval type="int" val="8" />
				</sval>
				<sval type="array" size="6">
					<sval type="int" val="1406" />
					<sval type="int" val="9" />
					<sval type="int" val="131074" />
					<sval type="int" val="8" />
					<sval type="int" val="131074" />
					<sval type="int" val="0" />
				</sval>
				<sval type="array" size="13">
					<sval type="int" val="104" />
					<sval type="int" val="-1610607357" />
					<sval type="int" val="3" />
					<sval type="int" val="131074" />
					<sval type="int" val="8" />
					<sval type="int" val="131074" />
					<sval type="int" val="5" />
					<sval type="int" val="15" />
					<sval type="int" val="0" />
					<sval type="int" val="3" />
					<sval type="int" val="-1" />
					<sval type="int" val="0" />
					<sval type="int" val="-2" />
				</sval>
				<sval type="array" size="3">
					<sval type="int" val="103" />
					<sval type="int" val="4" />
					<sval type="int" val="-1" />
				</sval>
				<sval type="array" size="7">
					<sval type="int" val="104" />
					<sval type="int" val="-1610597117" />
					<sval type="int" val="1" />
					<sval type="int" val="131074" />
					<sval type="int" val="9" />
					<sval type="int" val="1" />
					<sval type="int" val="-1" />
				</sval>
				<sval type="array" size="6">
					<sval type="int" val="705" />
					<sval type="int" val="131074" />
					<sval type="int" val="6" />
					<sval type="int" val="-1610606333" />
					<sval type="int" val="12" />
					<sval type="int" val="2061" />
				</sval>
				<sval type="array" size="2">
					<sval type="int" val="143" />
					<sval type="int" val="4" />
				</sval>
				<sval type="array" size="2">
					<sval type="int" val="112" />
					<sval type="int" val="51" />
				</sval>
				<sval type="array" size="6">
					<sval type="int" val="705" />
					<sval type="int" val="131074" />
					<sval type="int" val="6" />
					<sval type="int" val="-1610605563" />
					<sval type="int" val="12" />
					<sval type="int" val="2142" />
				</sval>
				<sval type="array" size="13">
					<sval type="int" val="104" />
					<sval type="int" val="4" />
					<sval type="int" val="3" />
					<sval type="int" val="131074" />
					<sval type="int" val="4" />
					<sval type="int" val="4" />
					<sval type="int" val="50" />
					<sval type="int" val="15" />
					<sval type="int" val="11" />
					<sval type="int" val="3" />
					<sval type="int" val="-1" />
					<sval type="int" val="11" />
					<sval type="int" val="-2" />
				</sval>
				<sval type="array" size="2">
					<sval type="int" val="112" />
					<sval type="int" val="51" />
				</sval>
				<sval type="array" size="6">
					<sval type="int" val="705" />
					<sval type="int" val="131074" />
					<sval type="int" val="6" />
					<sval type="int" val="-1610604795" />
					<sval type="int" val="12" />
					<sval type="int" val="2027" />
				</sval>
				<sval type="array" size="13">
					<sval type="int" val="104" />
					<sval type="int" val="4" />
					<sval type="int" val="3" />
					<sval type="int" val="131074" />
					<sval type="int" val="4" />
					<sval type="int" val="4" />
					<sval type="int" val="20" />
					<sval type="int" val="15" />
					<sval type="int" val="11" />
					<sval type="int" val="3" />
					<sval type="int" val="-1" />
					<sval type="int" val="11" />
					<sval type="int" val="-2" />
				</sval>
				<sval type="array" size="2">
					<sval type="int" val="112" />
					<sval type="int" val="51" />
				</sval>
				<sval type="array" size="6">
					<sval type="int" val="705" />
					<sval type="int" val="131074" />
					<sval type="int" val="6" />
					<sval type="int" val="-1610604027" />
					<sval type="int" val="12" />
					<sval type="int" val="2030" />
				</sval>
				<sval type="array" size="2">
					<sval type="int" val="143" />
					<sval type="int" val="4" />
				</sval>
				<sval type="array" size="2">
					<sval type="int" val="112" />
					<sval type="int" val="51" />
				</sval>
				<sval type="array" size="6">
					<sval type="int" val="705" />
					<sval type="int" val="131074" />
					<sval type="int" val="6" />
					<sval type="int" val="-1610603259" />
					<sval type="int" val="12" />
					<sval type="int" val="2031" />
				</sval>
				<sval type="array" size="2">
					<sval type="int" val="143" />
					<sval type="int" val="4" />
				</sval>
				<sval type="array" size="2">
					<sval type="int" val="112" />
					<sval type="int" val="51" />
				</sval>
				<sval type="array" size="6">
					<sval type="int" val="705" />
					<sval type="int" val="131074" />
					<sval type="int" val="6" />
					<sval type="int" val="-1610602491" />
					<sval type="int" val="12" />
					<sval type="int" val="2141" />
				</sval>
				<sval type="array" size="2">
					<sval type="int" val="142" />
					<sval type="int" val="4" />
				</sval>
				<sval type="array" size="2">
					<sval type="int" val="112" />
					<sval type="int" val="51" />
				</sval>
				<sval type="array" size="6">
					<sval type="int" val="705" />
					<sval type="int" val="131074" />
					<sval type="int" val="6" />
					<sval type="int" val="-1610601723" />
					<sval type="int" val="12" />
					<sval type="int" val="2023" />
				</sval>
				<sval type="array" size="2">
					<sval type="int" val="142" />
					<sval type="int" val="4" />
				</sval>
				<sval type="array" size="2">
					<sval type="int" val="112" />
					<sval type="int" val="51" />
				</sval>
				<sval type="array" size="6">
					<sval type="int" val="705" />
					<sval type="int" val="131074" />
					<sval type="int" val="6" />
					<sval type="int" val="-1610600955" />
					<sval type="int" val="12" />
					<sval type="int" val="2026" />
				</sval>
				<sval type="array" size="13">
					<sval type="int" val="104" />
					<sval type="int" val="4" />
					<sval type="int" val="3" />
					<sval type="int" val="131074" />
					<sval type="int" val="4" />
					<sval type="int" val="4" />
					<sval type="int" val="3" />
					<sval type="int" val="15" />
					<sval type="int" val="11" />
					<sval type="int" val="3" />
					<sval type="int" val="-1" />
					<sval type="int" val="11" />
					<sval type="int" val="-2" />
				</sval>
				<sval type="array" size="2">
					<sval type="int" val="112" />
					<sval type="int" val="51" />
				</sval>
				<sval type="array" size="6">
					<sval type="int" val="705" />
					<sval type="int" val="131074" />
					<sval type="int" val="6" />
					<sval type="int" val="-1610600187" />
					<sval type="int" val="12" />
					<sval type="int" val="2021" />
				</sval>
				<sval type="array" size="13">
					<sval type="int" val="104" />
					<sval type="int" val="4" />
					<sval type="int" val="3" />
					<sval type="int" val="131074" />
					<sval type="int" val="4" />
					<sval type="int" val="4" />
					<sval type="int" val="10" />
					<sval type="int" val="15" />
					<sval type="int" val="11" />
					<sval type="int" val="3" />
					<sval type="int" val="-1" />
					<sval type="int" val="11" />
					<sval type="int" val="-2" />
				</sval>
				<sval type="array" size="2">
					<sval type="int" val="112" />
					<sval type="int" val="51" />
				</sval>
				<sval type="array" size="6">
					<sval type="int" val="705" />
					<sval type="int" val="131074" />
					<sval type="int" val="6" />
					<sval type="int" val="-1610599675" />
					<sval type="int" val="12" />
					<sval type="int" val="2019" />
				</sval>
				<sval type="array" size="13">
					<sval type="int" val="104" />
					<sval type="int" val="4" />
					<sval type="int" val="3" />
					<sval type="int" val="131074" />
					<sval type="int" val="4" />
					<sval type="int" val="4" />
					<sval type="int" val="50" />
					<sval type="int" val="15" />
					<sval type="int" val="11" />
					<sval type="int" val="3" />
					<sval type="int" val="-1" />
					<sval type="int" val="11" />
					<sval type="int" val="-2" />
				</sval>
				<sval type="array" size="6">
					<sval type="int" val="1067" />
					<sval type="int" val="131074" />
					<sval type="int" val="6" />
					<sval type="int" val="10" />
					<sval type="int" val="0" />
					<sval type="int" val="0" />
				</sval>
				<sval type="array" size="4">
					<sval type="int" val="131" />
					<sval type="int" val="12" />
					<sval type="int" val="131074" />
					<sval type="int" val="10" />
				</sval>
				<sval type="array" size="7">
					<sval type="int" val="104" />
					<sval type="int" val="-1610597367" />
					<sval type="int" val="1" />
					<sval type="int" val="131074" />
					<sval type="int" val="12" />
					<sval type="int" val="1" />
					<sval type="int" val="-1" />
				</sval>
				<sval type="array" size="2">
					<sval type="int" val="143" />
					<sval type="int" val="12" />
				</sval>
				<sval type="array" size="6">
					<sval type="int" val="129" />
					<sval type="int" val="11" />
					<sval type="int" val="131074" />
					<sval type="int" val="10" />
					<sval type="int" val="131074" />
					<sval type="int" val="12" />
				</sval>
				<sval type="array" size="6">
					<sval type="int" val="1406" />
					<sval type="int" val="-536855804" />
					<sval type="int" val="131074" />
					<sval type="int" val="11" />
					<sval type="int" val="131074" />
					<sval type="int" val="3" />
				</sval>
				<sval type="array" size="4">
					<sval type="int" val="745" />
					<sval type="int" val="131074" />
					<sval type="int" val="11" />
					<sval type="int" val="-1610597629" />
				</sval>
				<sval type="array" size="2">
					<sval type="int" val="142" />
					<sval type="int" val="4" />
				</sval>
				<sval type="array" size="2">
					<sval type="int" val="112" />
					<sval type="int" val="53" />
				</sval>
				<sval type="array" size="2">
					<sval type="int" val="112" />
					<sval type="int" val="62" />
				</sval>
				<sval type="array" size="2">
					<sval type="int" val="143" />
					<sval type="int" val="4" />
				</sval>
				<sval type="array" size="2">
					<sval type="int" val="112" />
					<sval type="int" val="14" />
				</sval>
				<sval type="array" size="3">
					<sval type="int" val="103" />
					<sval type="int" val="131074" />
					<sval type="int" val="4" />
				</sval>
			</sval>
			<sval type="int" val="0" />
			<sval type="array" size="25">
				<sval type="array" size="3">
					<sval type="int" val="0" />
					<sval type="int" val="1" />
					<sval type="string" val="************************************************" />
				</sval>
				<sval type="array" size="3">
					<sval type="int" val="0" />
					<sval type="int" val="1" />
					<sval type="string" val="SCRIPT NAME: plugin.zanzal.threatassessment" />
				</sval>
				<sval type="array" size="3">
					<sval type="int" val="0" />
					<sval type="int" val="1" />
					<sval type="string" val="DESCRIPTION: Assess potential threats in range of [THIS] and" />
				</sval>
				<sval type="array" size="3">
					<sval type="int" val="0" />
					<sval type="int" val="1" />
					<sval type="string" val="return a number that indicates the amount of threat in the system." />
				</sval>
				<sval type="array" size="3">
					<sval type="int" val="0" />
					<sval type="int" val="1" />
					<sval type="string" val="Scale 1 should be consider 1 M5/M4 " />
				</sval>
				<sval type="array" size="3">
					<sval type="int" val="0" />
					<sval type="int" val="1" />
					<sval type="string" val="Scale 100 should be considered 100 M5/M4 threat level" />
				</sval>
				<sval type="array" size="3">
					<sval type="int" val="0" />
					<sval type="int" val="1" />
					<sval type="string" val="Returns -1 if this sector contains hostiles of the same race as the sector owner." />
				</sval>
				<sval type="array" size="3">
					<sval type="int" val="0" />
					<sval type="int" val="1" />
					<sval type="string" val="" />
				</sval>
				<sval type="array" size="3">
					<sval type="int" val="0" />
					<sval type="int" val="1" />
					<sval type="string" val="AUTHOR: Zanzal           DATE: 8 January 2014" />
				</sval>
				<sval type="array" size="3">
					<sval type="int" val="0" />
					<sval type="int" val="1" />
					<sval type="string" val="************************************************" />
				</sval>
				<sval type="array" size="2">
					<sval type="int" val="8" />
					<sval type="int" val="2" />
				</sval>
				<sval type="array" size="2">
					<sval type="int" val="13" />
					<sval type="int" val="2" />
				</sval>
				<sval type="array" size="2">
					<sval type="int" val="19" />
					<sval type="int" val="2" />
				</sval>
				<sval type="array" size="2">
					<sval type="int" val="21" />
					<sval type="int" val="4" />
				</sval>
				<sval type="array" size="2">
					<sval type="int" val="21" />
					<sval type="int" val="2" />
				</sval>
				<sval type="array" size="3">
					<sval type="int" val="22" />
					<sval type="int" val="1" />
					<sval type="string" val="Enemy ship count gets exaggerated based on ship class." />
				</sval>
				<sval type="array" size="2">
					<sval type="int" val="51" />
					<sval type="int" val="4" />
				</sval>
				<sval type="array" size="2">
					<sval type="int" val="51" />
					<sval type="int" val="2" />
				</sval>
				<sval type="array" size="2">
					<sval type="int" val="59" />
					<sval type="int" val="4" />
				</sval>
				<sval type="array" size="2">
					<sval type="int" val="59" />
					<sval type="int" val="4" />
				</sval>
				<sval type="array" size="2">
					<sval type="int" val="60" />
					<sval type="int" val="4" />
				</sval>
				<sval type="array" size="2">
					<sval type="int" val="61" />
					<sval type="int" val="5" />
				</sval>
				<sval type="array" size="2">
					<sval type="int" val="62" />
					<sval type="int" val="4" />
				</sval>
				<sval type="array" size="2">
					<sval type="int" val="63" />
					<sval type="int" val="4" />
				</sval>
				<sval type="array" size="2">
					<sval type="int" val="63" />
					<sval type="int" val="2" />
				</sval>
			</sval>
			<sval type="int" val="0" />
		</sval>
	</codearray>
</script>
