<?xml version="1.0" standalone="yes"?>
<?xml-stylesheet href="x2script.xsl" type="text/xsl"?>
<!-- Generated using X-Studio -->
<script>
	<name>plugin.zanzal.shopping.refuel</name>
	<version>1</version>
	<engineversion>50</engineversion>
	<description></description>
	<arguments>
		<argument index="1" name="min.jumps" type="Var/Number" desc="" />
		<argument index="2" name="max.jumps" type="Var/Number" desc="" />
	</arguments>
	<sourcetext>
		<line linenr="001" indent="">
			<comment>* ************************************************</comment>
		</line>
		<line linenr="002" indent="">
			<comment>* SCRIPT NAME: plugin.zanzal.shopping.refuel</comment>
		</line>
		<line linenr="003" indent="">
			<comment>* DESCRIPTION: If jumpfuel less than $min.jumps then </comment>
		</line>
		<line linenr="004" indent="">
			<comment>* refuel to $max.jumps</comment>
		</line>
		<line linenr="005" indent="">
			<comment>* </comment>
		</line>
		<line linenr="006" indent="">
			<comment>* AUTHOR: Zanzal          DATE: 28 December 2013</comment>
		</line>
		<line linenr="007" indent="">
			<comment>* ************************************************</comment>
		</line>
		<line linenr="008" indent="">
			<text>skip</text>
			<text> </text>
			<text>if</text>
			<text> </text>
			<var>[THIS]</var>
			<text>-&gt;</text>
			<text> </text>
			<text>is</text>
			<text> </text>
			<text>autojump</text>
			<text> </text>
			<text>activated</text>
		</line>
		<line linenr="009" indent="&#160;">
			<text>return</text>
			<text> </text>
			<var>null</var>
		</line>
		<line linenr="010" indent="">
			<text>if</text>
			<text> </text>
			<var>$max.jumps</var>
			<text> </text>
			<text>==</text>
			<text> </text>
			<var>null</var>
		</line>
		<line linenr="011" indent="&#160;">
			<var>$max.jumps</var>
			<text> </text>
			<text>=</text>
			<text> </text>
			<var>[THIS]</var>
			<text> </text>
			<text>-&gt;</text>
			<text> </text>
			<text>get</text>
			<text> </text>
			<text>jumpdrive</text>
			<text> </text>
			<text>fuel</text>
			<text> </text>
			<text>resupply</text>
		</line>
		<line linenr="012" indent="">
			<text>end</text>
		</line>
		<line linenr="013" indent="">
			<text>if</text>
			<text> </text>
			<var>$min.jumps</var>
			<text> </text>
			<text>==</text>
			<text> </text>
			<var>null</var>
		</line>
		<line linenr="014" indent="&#160;">
			<var>$min.jumps</var>
			<text> </text>
			<text>=</text>
			<text> </text>
			<var>$max.jumps</var>
			<text> </text>
			<text>/</text>
			<text> </text>
			<var>2</var>
		</line>
		<line linenr="015" indent="">
			<text>end</text>
		</line>
		<line linenr="016" indent="" />
		<line linenr="017" indent="" />
		<line linenr="018" indent="">
			<var>$big</var>
			<text> </text>
			<text>=</text>
			<text> </text>
			<var>[THIS]</var>
			<text>-&gt;</text>
			<text> </text>
			<text>is</text>
			<text> </text>
			<text>of</text>
			<text> </text>
			<text>class</text>
			<text> </text>
			<var>[Big Ship]</var>
		</line>
		<line linenr="019" indent="">
			<var>$huge</var>
			<text> </text>
			<text>=</text>
			<text> </text>
			<var>[THIS]</var>
			<text>-&gt;</text>
			<text> </text>
			<text>is</text>
			<text> </text>
			<text>of</text>
			<text> </text>
			<text>class</text>
			<text> </text>
			<var>[Huge Ship]</var>
		</line>
		<line linenr="020" indent="">
			<var>$my.owner</var>
			<text> </text>
			<text>=</text>
			<text> </text>
			<var>[THIS]</var>
			<text>-&gt;</text>
			<text> </text>
			<text>get</text>
			<text> </text>
			<text>owner</text>
			<text> </text>
			<text>race</text>
		</line>
		<line linenr="021" indent="" />
		<line linenr="022" indent="">
			<var>$fuel.per.jump</var>
			<text> </text>
			<text>=</text>
			<text> </text>
			<var>[THIS]</var>
			<text>-&gt;</text>
			<text> </text>
			<text>needed</text>
			<text> </text>
			<text>jump</text>
			<text> </text>
			<text>drive</text>
			<text> </text>
			<text>energy</text>
			<text> </text>
			<text>for</text>
			<text> </text>
			<text>jump</text>
			<text> </text>
			<text>to</text>
			<text> </text>
			<text>sector</text>
			<text> </text>
			<var>[SECTOR]</var>
		</line>
		<line linenr="023" indent="" />
		<line linenr="024" indent="">
			<var>$min.fuel</var>
			<text> </text>
			<text>=</text>
			<text> </text>
			<var>$min.jumps</var>
			<text> </text>
			<text>*</text>
			<text> </text>
			<var>$fuel.per.jump</var>
		</line>
		<line linenr="025" indent="">
			<var>$max.fuel</var>
			<text> </text>
			<text>=</text>
			<text> </text>
			<var>$max.jumps</var>
			<text> </text>
			<text>*</text>
			<text> </text>
			<var>$fuel.per.jump</var>
		</line>
		<line linenr="026" indent="" />
		<line linenr="027" indent="">
			<var>$ecells</var>
			<text> </text>
			<text>=</text>
			<text> </text>
			<var>[THIS]</var>
			<text>-&gt;</text>
			<text> </text>
			<text>get</text>
			<text> </text>
			<text>amount</text>
			<text> </text>
			<text>of</text>
			<text> </text>
			<text>ware</text>
			<text> </text>
			<var>{Energy Cells}</var>
			<text> </text>
			<text>in</text>
			<text> </text>
			<text>cargo</text>
			<text> </text>
			<text>bay</text>
		</line>
		<line linenr="028" indent="">
			<var>$max.jumps.with.fuel</var>
			<text> </text>
			<text>=</text>
			<text> </text>
			<text>(</text>
			<var>$ecells</var>
			<text> </text>
			<text>/</text>
			<text> </text>
			<var>$fuel.per.jump</var>
			<text>)</text>
			<text> </text>
			<text>-</text>
			<text> </text>
			<var>3</var>
		</line>
		<line linenr="029" indent="">
			<text>if</text>
			<text> </text>
			<var>$max.jumps.with.fuel</var>
			<text> </text>
			<text>&lt;</text>
			<text> </text>
			<var>3</var>
		</line>
		<line linenr="030" indent="&#160;">
			<var>$max.jumps.with.fuel</var>
			<text> </text>
			<text>=</text>
			<text> </text>
			<var>3</var>
		</line>
		<line linenr="031" indent="">
			<text>end</text>
		</line>
		<line linenr="032" indent="" />
		<line linenr="033" indent="">
			<text>if</text>
			<text> </text>
			<var>$ecells</var>
			<text> </text>
			<text>&lt;</text>
			<text> </text>
			<var>$min.fuel</var>
		</line>
		<line linenr="034" indent="&#160;">
			<var>$dynamic.blacklist</var>
			<text> </text>
			<text>=</text>
			<text> </text>
			<text>array</text>
			<text> </text>
			<text>alloc</text>
			<text>:</text>
			<text> </text>
			<text>size</text>
			<text>=</text>
			<var>0</var>
		</line>
		<line linenr="035" indent="&#160;">
			<text>while</text>
			<text> </text>
			<var>[TRUE]</var>
		</line>
		<line linenr="036" indent="&#160;&#160;">
			<var>$from.station</var>
			<text> </text>
			<text>=</text>
			<text> </text>
			<text>find</text>
			<text> </text>
			<text>dock</text>
			<text>:</text>
			<text> </text>
			<text>sells</text>
			<text>:</text>
			<text> </text>
			<var>{Energy Cells}</var>
			<text> </text>
			<text>with</text>
			<text> </text>
			<text>best</text>
			<text> </text>
			<text>price</text>
			<text>:</text>
			<text> </text>
			<text>max.price</text>
			<text>=</text>
			<var>null</var>
			<text>,</text>
			<text> </text>
			<text>amount</text>
			<text>=</text>
			<var>$max.fuel</var>
			<text>,</text>
			<text> </text>
			<text>max.jumps</text>
			<text>=</text>
			<var>$max.jumps.with.fuel</var>
			<text>,</text>
			<text> </text>
			<text>startsector</text>
			<text>=</text>
			<var>[SECTOR]</var>
			<text>,</text>
			<text> </text>
			<text>trader</text>
			<text>=</text>
			<var>[THIS]</var>
			<text>,</text>
			<text> </text>
			<text>exclude</text>
			<text> </text>
			<text>array</text>
			<text>=</text>
			<var>$dynamic.blacklist</var>
		</line>
		<line linenr="037" indent="&#160;&#160;">
			<var>$use.proxy</var>
			<text> </text>
			<text>=</text>
			<text> </text>
			<var>[FALSE]</var>
		</line>
		<line linenr="038" indent="&#160;&#160;">
			<text>if</text>
			<text> </text>
			<text>not</text>
			<text> </text>
			<var>$from.station</var>
			<text>-&gt;</text>
			<text> </text>
			<text>exists</text>
		</line>
		<line linenr="039" indent="&#160;&#160;&#160;">
			<comment>* Can't find a dock</comment>
		</line>
		<line linenr="040" indent="&#160;&#160;&#160;">
			<text>if</text>
			<text> </text>
			<text>(</text>
			<var>$big</var>
			<text> </text>
			<text>OR</text>
			<text> </text>
			<var>$huge</var>
			<text>)</text>
		</line>
		<line linenr="041" indent="&#160;&#160;&#160;&#160;">
			<comment>* Big or huge ships can't dock at factories so lets try a proxy</comment>
		</line>
		<line linenr="042" indent="&#160;&#160;&#160;&#160;">
			<var>$freight.drones</var>
			<text> </text>
			<text>=</text>
			<text> </text>
			<var>[THIS]</var>
			<text>-&gt;</text>
			<text> </text>
			<text>get</text>
			<text> </text>
			<text>amount</text>
			<text> </text>
			<text>of</text>
			<text> </text>
			<text>ware</text>
			<text> </text>
			<var>{Freight Drone}</var>
			<text> </text>
			<text>in</text>
			<text> </text>
			<text>cargo</text>
			<text> </text>
			<text>bay</text>
		</line>
		<line linenr="043" indent="&#160;&#160;&#160;&#160;">
			<text>if</text>
			<text> </text>
			<var>$freight.drones</var>
			<text> </text>
			<text>&gt;</text>
			<text> </text>
			<var>0</var>
		</line>
		<line linenr="044" indent="&#160;&#160;&#160;&#160;&#160;">
			<var>$my.owner</var>
			<text> </text>
			<text>=</text>
			<text> </text>
			<var>[THIS]</var>
			<text>-&gt;</text>
			<text> </text>
			<text>get</text>
			<text> </text>
			<text>owner</text>
			<text> </text>
			<text>race</text>
		</line>
		<line linenr="045" indent="&#160;&#160;&#160;&#160;&#160;">
			<var>$proxy</var>
			<text> </text>
			<text>=</text>
			<text> </text>
			<text>create</text>
			<text> </text>
			<text>ship</text>
			<text>:</text>
			<text> </text>
			<text>type</text>
			<text>=</text>
			<var>{Argon Freight Drone}</var>
			<text> </text>
			<text>owner</text>
			<text>=</text>
			<var>$my.owner</var>
			<text> </text>
			<text>addto</text>
			<text>=</text>
			<var>[THIS]</var>
			<text> </text>
			<text>x</text>
			<text>=</text>
			<var>0</var>
			<text> </text>
			<text>y</text>
			<text>=</text>
			<var>0</var>
			<text> </text>
			<text>z</text>
			<text>=</text>
			<var>0</var>
		</line>
		<line linenr="046" indent="&#160;&#160;&#160;&#160;&#160;">
			<text>if</text>
			<text> </text>
			<var>$proxy</var>
			<text>-&gt;</text>
			<text> </text>
			<text>exists</text>
		</line>
		<line linenr="047" indent="&#160;&#160;&#160;&#160;&#160;&#160;">
			<var>$from.station</var>
			<text> </text>
			<text>=</text>
			<text> </text>
			<text>find</text>
			<text> </text>
			<text>factory</text>
			<text>:</text>
			<text> </text>
			<text>sells</text>
			<text> </text>
			<var>{Energy Cells}</var>
			<text> </text>
			<text>with</text>
			<text> </text>
			<text>best</text>
			<text> </text>
			<text>price</text>
			<text>:</text>
			<text> </text>
			<text>max.price</text>
			<text>=</text>
			<var>null</var>
			<text>,</text>
			<text> </text>
			<text>amount</text>
			<text>=</text>
			<var>$max.fuel</var>
			<text>,</text>
			<text> </text>
			<text>max.jumps</text>
			<text>=</text>
			<var>$max.jumps.with.fuel</var>
			<text>,</text>
			<text> </text>
			<text>startsector</text>
			<text>=</text>
			<var>[SECTOR]</var>
			<text>,</text>
			<text> </text>
			<text>trader</text>
			<text>=</text>
			<var>$proxy</var>
			<text>,</text>
			<text> </text>
			<text>exclude</text>
			<text> </text>
			<text>array</text>
			<text>=</text>
			<var>$dynamic.blacklist</var>
		</line>
		<line linenr="048" indent="&#160;&#160;&#160;&#160;&#160;&#160;" />
		<line linenr="049" indent="&#160;&#160;&#160;&#160;&#160;&#160;">
			<text>skip</text>
			<text> </text>
			<text>if</text>
			<text> </text>
			<var>$from.station</var>
			<text>-&gt;</text>
			<text> </text>
			<text>exists</text>
		</line>
		<line linenr="050" indent="&#160;&#160;&#160;&#160;&#160;&#160;&#160;">
			<text>break</text>
		</line>
		<line linenr="051" indent="&#160;&#160;&#160;&#160;&#160;&#160;" />
		<line linenr="052" indent="&#160;&#160;&#160;&#160;&#160;&#160;">
			<var>$subtype</var>
			<text> </text>
			<text>=</text>
			<text> </text>
			<var>$proxy</var>
			<text>-&gt;</text>
			<text> </text>
			<text>get</text>
			<text> </text>
			<text>subtype</text>
		</line>
		<line linenr="053" indent="&#160;&#160;&#160;&#160;&#160;&#160;">
			<text>if</text>
			<text> </text>
			<text>not</text>
			<text> </text>
			<var>$from.station</var>
			<text>-&gt;</text>
			<text> </text>
			<text>has</text>
			<text> </text>
			<text>a</text>
			<text> </text>
			<text>free</text>
			<text> </text>
			<text>ship</text>
			<text> </text>
			<text>dock</text>
			<text> </text>
			<text>port</text>
			<text>:</text>
			<text> </text>
			<text>ship</text>
			<text> </text>
			<text>subtype</text>
			<text> </text>
			<text>=</text>
			<text> </text>
			<var>$subtype</var>
		</line>
		<line linenr="054" indent="&#160;&#160;&#160;&#160;&#160;&#160;&#160;">
			<text>append</text>
			<text> </text>
			<var>$from.station</var>
			<text> </text>
			<text>to</text>
			<text> </text>
			<text>array</text>
			<text> </text>
			<var>$dynamic.blacklist</var>
		</line>
		<line linenr="055" indent="&#160;&#160;&#160;&#160;&#160;&#160;&#160;">
			<var>$from.station</var>
			<text> </text>
			<text>=</text>
			<text> </text>
			<var>null</var>
		</line>
		<line linenr="056" indent="&#160;&#160;&#160;&#160;&#160;&#160;">
			<text>end</text>
		</line>
		<line linenr="057" indent="&#160;&#160;&#160;&#160;&#160;&#160;" />
		<line linenr="058" indent="&#160;&#160;&#160;&#160;&#160;&#160;">
			<var>$proxy</var>
			<text>-&gt;</text>
			<text> </text>
			<text>destruct</text>
			<text>:</text>
			<text> </text>
			<text>show</text>
			<text> </text>
			<text>no</text>
			<text> </text>
			<text>explosion</text>
			<text>=</text>
			<var>[TRUE]</var>
		</line>
		<line linenr="059" indent="&#160;&#160;&#160;&#160;&#160;&#160;">
			<text>if</text>
			<text> </text>
			<var>$from.station</var>
			<text>-&gt;</text>
			<text> </text>
			<text>exists</text>
		</line>
		<line linenr="060" indent="&#160;&#160;&#160;&#160;&#160;&#160;&#160;">
			<var>$use.proxy</var>
			<text> </text>
			<text>=</text>
			<text> </text>
			<var>[TRUE]</var>
		</line>
		<line linenr="061" indent="&#160;&#160;&#160;&#160;&#160;&#160;">
			<text>end</text>
		</line>
		<line linenr="062" indent="&#160;&#160;&#160;&#160;&#160;">
			<text>else</text>
		</line>
		<line linenr="063" indent="&#160;&#160;&#160;&#160;&#160;&#160;">
			<var>$from.station</var>
			<text> </text>
			<text>=</text>
			<text> </text>
			<var>null</var>
		</line>
		<line linenr="064" indent="&#160;&#160;&#160;&#160;&#160;">
			<text>end</text>
		</line>
		<line linenr="065" indent="&#160;&#160;&#160;&#160;">
			<text>end</text>
		</line>
		<line linenr="066" indent="&#160;&#160;&#160;">
			<text>else</text>
		</line>
		<line linenr="067" indent="&#160;&#160;&#160;&#160;">
			<comment>* We're not big or huge so lets find a factory we can buy from</comment>
		</line>
		<line linenr="068" indent="&#160;&#160;&#160;&#160;">
			<var>$from.station</var>
			<text> </text>
			<text>=</text>
			<text> </text>
			<text>find</text>
			<text> </text>
			<text>factory</text>
			<text>:</text>
			<text> </text>
			<text>sells</text>
			<text> </text>
			<var>{Energy Cells}</var>
			<text> </text>
			<text>with</text>
			<text> </text>
			<text>best</text>
			<text> </text>
			<text>price</text>
			<text>:</text>
			<text> </text>
			<text>max.price</text>
			<text>=</text>
			<var>null</var>
			<text>,</text>
			<text> </text>
			<text>amount</text>
			<text>=</text>
			<var>$max.fuel</var>
			<text>,</text>
			<text> </text>
			<text>max.jumps</text>
			<text>=</text>
			<var>$max.jumps.with.fuel</var>
			<text>,</text>
			<text> </text>
			<text>startsector</text>
			<text>=</text>
			<var>[SECTOR]</var>
			<text>,</text>
			<text> </text>
			<text>trader</text>
			<text>=</text>
			<var>[THIS]</var>
			<text>,</text>
			<text> </text>
			<text>exclude</text>
			<text> </text>
			<text>array</text>
			<text>=</text>
			<var>$dynamic.blacklist</var>
		</line>
		<line linenr="069" indent="&#160;&#160;&#160;&#160;">
			<text>if</text>
			<text> </text>
			<var>$from.station</var>
			<text>-&gt;</text>
			<text> </text>
			<text>exists</text>
		</line>
		<line linenr="070" indent="&#160;&#160;&#160;&#160;&#160;">
			<var>$subtype</var>
			<text> </text>
			<text>=</text>
			<text> </text>
			<var>[THIS]</var>
			<text>-&gt;</text>
			<text> </text>
			<text>get</text>
			<text> </text>
			<text>subtype</text>
		</line>
		<line linenr="071" indent="&#160;&#160;&#160;&#160;&#160;">
			<text>if</text>
			<text> </text>
			<text>not</text>
			<text> </text>
			<var>$from.station</var>
			<text>-&gt;</text>
			<text> </text>
			<text>has</text>
			<text> </text>
			<text>a</text>
			<text> </text>
			<text>free</text>
			<text> </text>
			<text>ship</text>
			<text> </text>
			<text>dock</text>
			<text> </text>
			<text>port</text>
			<text>:</text>
			<text> </text>
			<text>ship</text>
			<text> </text>
			<text>subtype</text>
			<text> </text>
			<text>=</text>
			<text> </text>
			<var>$subtype</var>
		</line>
		<line linenr="072" indent="&#160;&#160;&#160;&#160;&#160;&#160;">
			<text>append</text>
			<text> </text>
			<var>$from.station</var>
			<text> </text>
			<text>to</text>
			<text> </text>
			<text>array</text>
			<text> </text>
			<var>$dynamic.blacklist</var>
		</line>
		<line linenr="073" indent="&#160;&#160;&#160;&#160;&#160;&#160;">
			<var>$from.station</var>
			<text> </text>
			<text>=</text>
			<text> </text>
			<var>null</var>
		</line>
		<line linenr="074" indent="&#160;&#160;&#160;&#160;&#160;">
			<text>end</text>
		</line>
		<line linenr="075" indent="&#160;&#160;&#160;&#160;">
			<text>else</text>
		</line>
		<line linenr="076" indent="&#160;&#160;&#160;&#160;&#160;">
			<text>break</text>
		</line>
		<line linenr="077" indent="&#160;&#160;&#160;&#160;">
			<text>end</text>
		</line>
		<line linenr="078" indent="&#160;&#160;&#160;">
			<text>end</text>
		</line>
		<line linenr="079" indent="&#160;&#160;">
			<text>else</text>
		</line>
		<line linenr="080" indent="&#160;&#160;&#160;">
			<var>$subtype</var>
			<text> </text>
			<text>=</text>
			<text> </text>
			<var>[THIS]</var>
			<text>-&gt;</text>
			<text> </text>
			<text>get</text>
			<text> </text>
			<text>subtype</text>
		</line>
		<line linenr="081" indent="&#160;&#160;&#160;">
			<text>if</text>
			<text> </text>
			<text>not</text>
			<text> </text>
			<var>$from.station</var>
			<text>-&gt;</text>
			<text> </text>
			<text>has</text>
			<text> </text>
			<text>a</text>
			<text> </text>
			<text>free</text>
			<text> </text>
			<text>ship</text>
			<text> </text>
			<text>dock</text>
			<text> </text>
			<text>port</text>
			<text>:</text>
			<text> </text>
			<text>ship</text>
			<text> </text>
			<text>subtype</text>
			<text> </text>
			<text>=</text>
			<text> </text>
			<var>$subtype</var>
		</line>
		<line linenr="082" indent="&#160;&#160;&#160;&#160;">
			<text>append</text>
			<text> </text>
			<var>$from.station</var>
			<text> </text>
			<text>to</text>
			<text> </text>
			<text>array</text>
			<text> </text>
			<var>$dynamic.blacklist</var>
		</line>
		<line linenr="083" indent="&#160;&#160;&#160;&#160;">
			<var>$from.station</var>
			<text> </text>
			<text>=</text>
			<text> </text>
			<var>null</var>
		</line>
		<line linenr="084" indent="&#160;&#160;&#160;">
			<text>end</text>
		</line>
		<line linenr="085" indent="&#160;&#160;">
			<text>end</text>
		</line>
		<line linenr="086" indent="&#160;&#160;" />
		<line linenr="087" indent="&#160;&#160;">
			<text>if</text>
			<text> </text>
			<var>$from.station</var>
			<text>-&gt;</text>
			<text> </text>
			<text>exists</text>
		</line>
		<line linenr="088" indent="&#160;&#160;&#160;">
			<comment>* Purchase wares</comment>
		</line>
		<line linenr="089" indent="&#160;&#160;&#160;">
			<var>$ecells.quantity</var>
			<text> </text>
			<text>=</text>
			<text> </text>
			<var>$max.fuel</var>
			<text> </text>
			<text>-</text>
			<text> </text>
			<var>$ecells</var>
		</line>
		<line linenr="090" indent="&#160;&#160;&#160;">
			<var>$ecell.item</var>
			<text> </text>
			<text>=</text>
			<text> </text>
			<text>array</text>
			<text> </text>
			<text>alloc</text>
			<text>:</text>
			<text> </text>
			<text>size</text>
			<text>=</text>
			<var>2</var>
		</line>
		<line linenr="091" indent="&#160;&#160;&#160;">
			<var>$ecell.item</var>
			<text>[</text>
			<var>0</var>
			<text>]</text>
			<text> </text>
			<text>=</text>
			<text> </text>
			<var>$max.fuel</var>
		</line>
		<line linenr="092" indent="&#160;&#160;&#160;">
			<var>$ecell.item</var>
			<text>[</text>
			<var>1</var>
			<text>]</text>
			<text> </text>
			<text>=</text>
			<text> </text>
			<var>{Energy Cells}</var>
		</line>
		<line linenr="093" indent="&#160;&#160;&#160;">
			<var>$full.list</var>
			<text> </text>
			<text>=</text>
			<text> </text>
			<text>array</text>
			<text> </text>
			<text>alloc</text>
			<text>:</text>
			<text> </text>
			<text>size</text>
			<text>=</text>
			<var>1</var>
		</line>
		<line linenr="094" indent="&#160;&#160;&#160;">
			<var>$full.list</var>
			<text>[</text>
			<var>0</var>
			<text>]</text>
			<text> </text>
			<text>=</text>
			<text> </text>
			<var>$ecell.item</var>
		</line>
		<line linenr="095" indent="&#160;&#160;&#160;">
			<var>[THIS]</var>
			<text>-&gt;</text>
			<text> </text>
			<text>set</text>
			<text> </text>
			<text>destination</text>
			<text> </text>
			<text>to</text>
			<text> </text>
			<var>$from.station</var>
		</line>
		<line linenr="096" indent="&#160;&#160;&#160;">
			<var>[THIS]</var>
			<text>-&gt;</text>
			<text> </text>
			<text>set</text>
			<text> </text>
			<text>command</text>
			<text>:</text>
			<text> </text>
			<var>[COMMAND_GET_WARE]</var>
		</line>
		<line linenr="097" indent="&#160;&#160;&#160;">
			<var>[THIS]</var>
			<text>-&gt;</text>
			<text> </text>
			<text>set</text>
			<text> </text>
			<text>wanted</text>
			<text> </text>
			<text>ware</text>
			<text> </text>
			<text>to</text>
			<text> </text>
			<var>{Energy Cells}</var>
		</line>
		<line linenr="098" indent="&#160;&#160;&#160;">
			<var>[THIS]</var>
			<text>-&gt;</text>
			<text> </text>
			<text>set</text>
			<text> </text>
			<text>wanted</text>
			<text> </text>
			<text>ware</text>
			<text> </text>
			<text>count</text>
			<text> </text>
			<text>to</text>
			<text> </text>
			<var>$ecells.quantity</var>
		</line>
		<line linenr="099" indent="&#160;&#160;&#160;" interruptable="@">
			<text>=</text>
			<text> </text>
			<var>[THIS]</var>
			<text>-&gt;</text>
			<text> </text>
			<text>call</text>
			<text> </text>
			<text>script</text>
			<text> </text>
			<call>plugin.zanzal.shopping.buyware</call>
			<text> </text>
			<text>:</text>
			<text> </text>
			<text>station</text>
			<text>=</text>
			<var>$from.station</var>
			<text> </text>
			<text>wares.list</text>
			<text>=</text>
			<var>$full.list</var>
			<text> </text>
			<text>use.drones</text>
			<text>=</text>
			<var>$use.proxy</var>
		</line>
		<line linenr="100" indent="&#160;&#160;">
			<var>[THIS]</var>
			<text>-&gt;</text>
			<text> </text>
			<text>set</text>
			<text> </text>
			<text>destination</text>
			<text> </text>
			<text>to</text>
			<text> </text>
			<var>null</var>
		</line>
		<line linenr="101" indent="&#160;&#160;&#160;">
			<var>[THIS]</var>
			<text>-&gt;</text>
			<text> </text>
			<text>set</text>
			<text> </text>
			<text>wanted</text>
			<text> </text>
			<text>ware</text>
			<text> </text>
			<text>to</text>
			<text> </text>
			<var>null</var>
		</line>
		<line linenr="102" indent="&#160;&#160;">
			<text>break</text>
		</line>
		<line linenr="103" indent="&#160;">
			<text>else</text>
		</line>
		<line linenr="104" indent="" interruptable="@">
			<text>=</text>
			<text> </text>
			<text>wait</text>
			<text> </text>
			<text>randomly</text>
			<text> </text>
			<text>from</text>
			<text> </text>
			<var>100</var>
			<text> </text>
			<text>to</text>
			<text> </text>
			<var>200</var>
			<text> </text>
			<text>ms</text>
		</line>
		<line linenr="105" indent="">
			<text>end</text>
		</line>
		<line linenr="106" indent="">
			<text>end</text>
		</line>
		<line linenr="107" indent="">
			<text>end</text>
		</line>
		<line linenr="108" indent="" />
		<line linenr="109" indent="">
			<text>return</text>
			<text> </text>
			<var>null</var>
		</line>
	</sourcetext>
	<codearray>
		<sval type="array" size="10">
			<sval type="string" val="plugin.zanzal.shopping.refuel" />
			<sval type="int" val="50" />
			<sval type="string" val="" />
			<sval type="int" val="1" />
			<sval type="int" val="0" />
			<sval type="array" size="19">
				<sval type="string" val="min.jumps" />
				<sval type="string" val="max.jumps" />
				<sval type="string" val="big" />
				<sval type="string" val="huge" />
				<sval type="string" val="my.owner" />
				<sval type="string" val="fuel.per.jump" />
				<sval type="string" val="min.fuel" />
				<sval type="string" val="max.fuel" />
				<sval type="string" val="ecells" />
				<sval type="string" val="max.jumps.with.fuel" />
				<sval type="string" val="dynamic.blacklist" />
				<sval type="string" val="from.station" />
				<sval type="string" val="use.proxy" />
				<sval type="string" val="freight.drones" />
				<sval type="string" val="proxy" />
				<sval type="string" val="subtype" />
				<sval type="string" val="ecells.quantity" />
				<sval type="string" val="ecell.item" />
				<sval type="string" val="full.list" />
			</sval>
			<sval type="array" size="73">
				<sval type="array" size="4">
					<sval type="int" val="1362" />
					<sval type="int" val="131075" />
					<sval type="int" val="1" />
					<sval type="int" val="-536870393" />
				</sval>
				<sval type="array" size="3">
					<sval type="int" val="103" />
					<sval type="int" val="0" />
					<sval type="int" val="0" />
				</sval>
				<sval type="array" size="13">
					<sval type="int" val="104" />
					<sval type="int" val="-1610611709" />
					<sval type="int" val="3" />
					<sval type="int" val="131074" />
					<sval type="int" val="1" />
					<sval type="int" val="0" />
					<sval type="int" val="0" />
					<sval type="int" val="15" />
					<sval type="int" val="0" />
					<sval type="int" val="3" />
					<sval type="int" val="-1" />
					<sval type="int" val="0" />
					<sval type="int" val="-2" />
				</sval>
				<sval type="array" size="4">
					<sval type="int" val="1376" />
					<sval type="int" val="131075" />
					<sval type="int" val="1" />
					<sval type="int" val="1" />
				</sval>
				<sval type="array" size="13">
					<sval type="int" val="104" />
					<sval type="int" val="-1610611197" />
					<sval type="int" val="3" />
					<sval type="int" val="131074" />
					<sval type="int" val="0" />
					<sval type="int" val="0" />
					<sval type="int" val="0" />
					<sval type="int" val="15" />
					<sval type="int" val="0" />
					<sval type="int" val="3" />
					<sval type="int" val="-1" />
					<sval type="int" val="0" />
					<sval type="int" val="-2" />
				</sval>
				<sval type="array" size="13">
					<sval type="int" val="104" />
					<sval type="int" val="0" />
					<sval type="int" val="3" />
					<sval type="int" val="131074" />
					<sval type="int" val="1" />
					<sval type="int" val="4" />
					<sval type="int" val="2" />
					<sval type="int" val="15" />
					<sval type="int" val="14" />
					<sval type="int" val="3" />
					<sval type="int" val="-1" />
					<sval type="int" val="14" />
					<sval type="int" val="-2" />
				</sval>
				<sval type="array" size="6">
					<sval type="int" val="705" />
					<sval type="int" val="131075" />
					<sval type="int" val="1" />
					<sval type="int" val="2" />
					<sval type="int" val="12" />
					<sval type="int" val="2073" />
				</sval>
				<sval type="array" size="6">
					<sval type="int" val="705" />
					<sval type="int" val="131075" />
					<sval type="int" val="1" />
					<sval type="int" val="3" />
					<sval type="int" val="12" />
					<sval type="int" val="2019" />
				</sval>
				<sval type="array" size="4">
					<sval type="int" val="701" />
					<sval type="int" val="131075" />
					<sval type="int" val="1" />
					<sval type="int" val="4" />
				</sval>
				<sval type="array" size="6">
					<sval type="int" val="567" />
					<sval type="int" val="131075" />
					<sval type="int" val="1" />
					<sval type="int" val="5" />
					<sval type="int" val="131075" />
					<sval type="int" val="6" />
				</sval>
				<sval type="array" size="13">
					<sval type="int" val="104" />
					<sval type="int" val="6" />
					<sval type="int" val="3" />
					<sval type="int" val="131074" />
					<sval type="int" val="0" />
					<sval type="int" val="131074" />
					<sval type="int" val="5" />
					<sval type="int" val="15" />
					<sval type="int" val="13" />
					<sval type="int" val="3" />
					<sval type="int" val="-1" />
					<sval type="int" val="13" />
					<sval type="int" val="-2" />
				</sval>
				<sval type="array" size="13">
					<sval type="int" val="104" />
					<sval type="int" val="7" />
					<sval type="int" val="3" />
					<sval type="int" val="131074" />
					<sval type="int" val="1" />
					<sval type="int" val="131074" />
					<sval type="int" val="5" />
					<sval type="int" val="15" />
					<sval type="int" val="13" />
					<sval type="int" val="3" />
					<sval type="int" val="-1" />
					<sval type="int" val="13" />
					<sval type="int" val="-2" />
				</sval>
				<sval type="array" size="6">
					<sval type="int" val="618" />
					<sval type="int" val="131075" />
					<sval type="int" val="1" />
					<sval type="int" val="8" />
					<sval type="int" val="9" />
					<sval type="int" val="720896" />
				</sval>
				<sval type="array" size="21">
					<sval type="int" val="104" />
					<sval type="int" val="9" />
					<sval type="int" val="5" />
					<sval type="int" val="131074" />
					<sval type="int" val="8" />
					<sval type="int" val="131074" />
					<sval type="int" val="5" />
					<sval type="int" val="15" />
					<sval type="int" val="14" />
					<sval type="int" val="4" />
					<sval type="int" val="3" />
					<sval type="int" val="15" />
					<sval type="int" val="12" />
					<sval type="int" val="7" />
					<sval type="int" val="16" />
					<sval type="int" val="-1" />
					<sval type="int" val="14" />
					<sval type="int" val="-2" />
					<sval type="int" val="17" />
					<sval type="int" val="12" />
					<sval type="int" val="-4" />
				</sval>
				<sval type="array" size="13">
					<sval type="int" val="104" />
					<sval type="int" val="-1610608637" />
					<sval type="int" val="3" />
					<sval type="int" val="131074" />
					<sval type="int" val="9" />
					<sval type="int" val="4" />
					<sval type="int" val="3" />
					<sval type="int" val="15" />
					<sval type="int" val="3" />
					<sval type="int" val="3" />
					<sval type="int" val="-1" />
					<sval type="int" val="3" />
					<sval type="int" val="-2" />
				</sval>
				<sval type="array" size="7">
					<sval type="int" val="104" />
					<sval type="int" val="9" />
					<sval type="int" val="1" />
					<sval type="int" val="4" />
					<sval type="int" val="3" />
					<sval type="int" val="1" />
					<sval type="int" val="-1" />
				</sval>
				<sval type="array" size="13">
					<sval type="int" val="104" />
					<sval type="int" val="-1610594301" />
					<sval type="int" val="3" />
					<sval type="int" val="131074" />
					<sval type="int" val="8" />
					<sval type="int" val="131074" />
					<sval type="int" val="6" />
					<sval type="int" val="15" />
					<sval type="int" val="3" />
					<sval type="int" val="3" />
					<sval type="int" val="-1" />
					<sval type="int" val="3" />
					<sval type="int" val="-2" />
				</sval>
				<sval type="array" size="4">
					<sval type="int" val="128" />
					<sval type="int" val="10" />
					<sval type="int" val="4" />
					<sval type="int" val="0" />
				</sval>
				<sval type="array" size="7">
					<sval type="int" val="104" />
					<sval type="int" val="-1610594295" />
					<sval type="int" val="1" />
					<sval type="int" val="131075" />
					<sval type="int" val="10" />
					<sval type="int" val="1" />
					<sval type="int" val="-1" />
				</sval>
				<sval type="array" size="16">
					<sval type="int" val="663" />
					<sval type="int" val="11" />
					<sval type="int" val="9" />
					<sval type="int" val="720896" />
					<sval type="int" val="0" />
					<sval type="int" val="0" />
					<sval type="int" val="131074" />
					<sval type="int" val="7" />
					<sval type="int" val="131074" />
					<sval type="int" val="9" />
					<sval type="int" val="131075" />
					<sval type="int" val="6" />
					<sval type="int" val="131075" />
					<sval type="int" val="1" />
					<sval type="int" val="131074" />
					<sval type="int" val="10" />
				</sval>
				<sval type="array" size="7">
					<sval type="int" val="104" />
					<sval type="int" val="12" />
					<sval type="int" val="1" />
					<sval type="int" val="131075" />
					<sval type="int" val="9" />
					<sval type="int" val="1" />
					<sval type="int" val="-1" />
				</sval>
				<sval type="array" size="4">
					<sval type="int" val="706" />
					<sval type="int" val="131074" />
					<sval type="int" val="11" />
					<sval type="int" val="-536858108" />
				</sval>
				<sval type="array" size="15">
					<sval type="int" val="104" />
					<sval type="int" val="-1610602237" />
					<sval type="int" val="3" />
					<sval type="int" val="131074" />
					<sval type="int" val="2" />
					<sval type="int" val="131074" />
					<sval type="int" val="3" />
					<sval type="int" val="15" />
					<sval type="int" val="10" />
					<sval type="int" val="5" />
					<sval type="int" val="16" />
					<sval type="int" val="-1" />
					<sval type="int" val="10" />
					<sval type="int" val="-2" />
					<sval type="int" val="17" />
				</sval>
				<sval type="array" size="6">
					<sval type="int" val="618" />
					<sval type="int" val="131075" />
					<sval type="int" val="1" />
					<sval type="int" val="13" />
					<sval type="int" val="9" />
					<sval type="int" val="1048656" />
				</sval>
				<sval type="array" size="13">
					<sval type="int" val="104" />
					<sval type="int" val="-1610602493" />
					<sval type="int" val="3" />
					<sval type="int" val="131074" />
					<sval type="int" val="13" />
					<sval type="int" val="4" />
					<sval type="int" val="0" />
					<sval type="int" val="15" />
					<sval type="int" val="2" />
					<sval type="int" val="3" />
					<sval type="int" val="-1" />
					<sval type="int" val="2" />
					<sval type="int" val="-2" />
				</sval>
				<sval type="array" size="4">
					<sval type="int" val="701" />
					<sval type="int" val="131075" />
					<sval type="int" val="1" />
					<sval type="int" val="4" />
				</sval>
				<sval type="array" size="14">
					<sval type="int" val="739" />
					<sval type="int" val="14" />
					<sval type="int" val="9" />
					<sval type="int" val="459046" />
					<sval type="int" val="131074" />
					<sval type="int" val="4" />
					<sval type="int" val="131075" />
					<sval type="int" val="1" />
					<sval type="int" val="4" />
					<sval type="int" val="0" />
					<sval type="int" val="4" />
					<sval type="int" val="0" />
					<sval type="int" val="4" />
					<sval type="int" val="0" />
				</sval>
				<sval type="array" size="4">
					<sval type="int" val="706" />
					<sval type="int" val="131074" />
					<sval type="int" val="14" />
					<sval type="int" val="-1610602749" />
				</sval>
				<sval type="array" size="16">
					<sval type="int" val="606" />
					<sval type="int" val="11" />
					<sval type="int" val="9" />
					<sval type="int" val="720896" />
					<sval type="int" val="0" />
					<sval type="int" val="0" />
					<sval type="int" val="131074" />
					<sval type="int" val="7" />
					<sval type="int" val="131074" />
					<sval type="int" val="9" />
					<sval type="int" val="131075" />
					<sval type="int" val="6" />
					<sval type="int" val="131074" />
					<sval type="int" val="14" />
					<sval type="int" val="131074" />
					<sval type="int" val="10" />
				</sval>
				<sval type="array" size="4">
					<sval type="int" val="706" />
					<sval type="int" val="131074" />
					<sval type="int" val="11" />
					<sval type="int" val="-536862969" />
				</sval>
				<sval type="array" size="2">
					<sval type="int" val="112" />
					<sval type="int" val="72" />
				</sval>
				<sval type="array" size="4">
					<sval type="int" val="660" />
					<sval type="int" val="131074" />
					<sval type="int" val="14" />
					<sval type="int" val="15" />
				</sval>
				<sval type="array" size="6">
					<sval type="int" val="1019" />
					<sval type="int" val="131074" />
					<sval type="int" val="11" />
					<sval type="int" val="-536861948" />
					<sval type="int" val="131074" />
					<sval type="int" val="15" />
				</sval>
				<sval type="array" size="5">
					<sval type="int" val="135" />
					<sval type="int" val="131074" />
					<sval type="int" val="10" />
					<sval type="int" val="131074" />
					<sval type="int" val="11" />
				</sval>
				<sval type="array" size="7">
					<sval type="int" val="104" />
					<sval type="int" val="11" />
					<sval type="int" val="1" />
					<sval type="int" val="0" />
					<sval type="int" val="0" />
					<sval type="int" val="1" />
					<sval type="int" val="-1" />
				</sval>
				<sval type="array" size="5">
					<sval type="int" val="765" />
					<sval type="int" val="131074" />
					<sval type="int" val="14" />
					<sval type="int" val="131075" />
					<sval type="int" val="10" />
				</sval>
				<sval type="array" size="4">
					<sval type="int" val="706" />
					<sval type="int" val="131074" />
					<sval type="int" val="11" />
					<sval type="int" val="-1610603005" />
				</sval>
				<sval type="array" size="7">
					<sval type="int" val="104" />
					<sval type="int" val="12" />
					<sval type="int" val="1" />
					<sval type="int" val="131075" />
					<sval type="int" val="10" />
					<sval type="int" val="1" />
					<sval type="int" val="-1" />
				</sval>
				<sval type="array" size="2">
					<sval type="int" val="112" />
					<sval type="int" val="40" />
				</sval>
				<sval type="array" size="7">
					<sval type="int" val="104" />
					<sval type="int" val="11" />
					<sval type="int" val="1" />
					<sval type="int" val="0" />
					<sval type="int" val="0" />
					<sval type="int" val="1" />
					<sval type="int" val="-1" />
				</sval>
				<sval type="array" size="2">
					<sval type="int" val="112" />
					<sval type="int" val="49" />
				</sval>
				<sval type="array" size="16">
					<sval type="int" val="606" />
					<sval type="int" val="11" />
					<sval type="int" val="9" />
					<sval type="int" val="720896" />
					<sval type="int" val="0" />
					<sval type="int" val="0" />
					<sval type="int" val="131074" />
					<sval type="int" val="7" />
					<sval type="int" val="131074" />
					<sval type="int" val="9" />
					<sval type="int" val="131075" />
					<sval type="int" val="6" />
					<sval type="int" val="131075" />
					<sval type="int" val="1" />
					<sval type="int" val="131074" />
					<sval type="int" val="10" />
				</sval>
				<sval type="array" size="4">
					<sval type="int" val="706" />
					<sval type="int" val="131074" />
					<sval type="int" val="11" />
					<sval type="int" val="-1610600445" />
				</sval>
				<sval type="array" size="4">
					<sval type="int" val="660" />
					<sval type="int" val="131075" />
					<sval type="int" val="1" />
					<sval type="int" val="15" />
				</sval>
				<sval type="array" size="6">
					<sval type="int" val="1019" />
					<sval type="int" val="131074" />
					<sval type="int" val="11" />
					<sval type="int" val="-536858876" />
					<sval type="int" val="131074" />
					<sval type="int" val="15" />
				</sval>
				<sval type="array" size="5">
					<sval type="int" val="135" />
					<sval type="int" val="131074" />
					<sval type="int" val="10" />
					<sval type="int" val="131074" />
					<sval type="int" val="11" />
				</sval>
				<sval type="array" size="7">
					<sval type="int" val="104" />
					<sval type="int" val="11" />
					<sval type="int" val="1" />
					<sval type="int" val="0" />
					<sval type="int" val="0" />
					<sval type="int" val="1" />
					<sval type="int" val="-1" />
				</sval>
				<sval type="array" size="2">
					<sval type="int" val="112" />
					<sval type="int" val="49" />
				</sval>
				<sval type="array" size="2">
					<sval type="int" val="112" />
					<sval type="int" val="72" />
				</sval>
				<sval type="array" size="2">
					<sval type="int" val="112" />
					<sval type="int" val="54" />
				</sval>
				<sval type="array" size="4">
					<sval type="int" val="660" />
					<sval type="int" val="131075" />
					<sval type="int" val="1" />
					<sval type="int" val="15" />
				</sval>
				<sval type="array" size="6">
					<sval type="int" val="1019" />
					<sval type="int" val="131074" />
					<sval type="int" val="11" />
					<sval type="int" val="-536857084" />
					<sval type="int" val="131074" />
					<sval type="int" val="15" />
				</sval>
				<sval type="array" size="5">
					<sval type="int" val="135" />
					<sval type="int" val="131074" />
					<sval type="int" val="10" />
					<sval type="int" val="131074" />
					<sval type="int" val="11" />
				</sval>
				<sval type="array" size="7">
					<sval type="int" val="104" />
					<sval type="int" val="11" />
					<sval type="int" val="1" />
					<sval type="int" val="0" />
					<sval type="int" val="0" />
					<sval type="int" val="1" />
					<sval type="int" val="-1" />
				</sval>
				<sval type="array" size="4">
					<sval type="int" val="706" />
					<sval type="int" val="131074" />
					<sval type="int" val="11" />
					<sval type="int" val="-1610594813" />
				</sval>
				<sval type="array" size="13">
					<sval type="int" val="104" />
					<sval type="int" val="16" />
					<sval type="int" val="3" />
					<sval type="int" val="131074" />
					<sval type="int" val="7" />
					<sval type="int" val="131074" />
					<sval type="int" val="8" />
					<sval type="int" val="15" />
					<sval type="int" val="12" />
					<sval type="int" val="3" />
					<sval type="int" val="-1" />
					<sval type="int" val="12" />
					<sval type="int" val="-2" />
				</sval>
				<sval type="array" size="4">
					<sval type="int" val="128" />
					<sval type="int" val="17" />
					<sval type="int" val="4" />
					<sval type="int" val="2" />
				</sval>
				<sval type="array" size="7">
					<sval type="int" val="130" />
					<sval type="int" val="131074" />
					<sval type="int" val="17" />
					<sval type="int" val="4" />
					<sval type="int" val="0" />
					<sval type="int" val="131074" />
					<sval type="int" val="7" />
				</sval>
				<sval type="array" size="7">
					<sval type="int" val="130" />
					<sval type="int" val="131074" />
					<sval type="int" val="17" />
					<sval type="int" val="4" />
					<sval type="int" val="1" />
					<sval type="int" val="9" />
					<sval type="int" val="720896" />
				</sval>
				<sval type="array" size="4">
					<sval type="int" val="128" />
					<sval type="int" val="18" />
					<sval type="int" val="4" />
					<sval type="int" val="1" />
				</sval>
				<sval type="array" size="7">
					<sval type="int" val="130" />
					<sval type="int" val="131074" />
					<sval type="int" val="18" />
					<sval type="int" val="4" />
					<sval type="int" val="0" />
					<sval type="int" val="131074" />
					<sval type="int" val="17" />
				</sval>
				<sval type="array" size="5">
					<sval type="int" val="519" />
					<sval type="int" val="131075" />
					<sval type="int" val="1" />
					<sval type="int" val="131074" />
					<sval type="int" val="11" />
				</sval>
				<sval type="array" size="5">
					<sval type="int" val="524" />
					<sval type="int" val="131075" />
					<sval type="int" val="1" />
					<sval type="int" val="18" />
					<sval type="int" val="9" />
				</sval>
				<sval type="array" size="5">
					<sval type="int" val="650" />
					<sval type="int" val="131075" />
					<sval type="int" val="1" />
					<sval type="int" val="9" />
					<sval type="int" val="720896" />
				</sval>
				<sval type="array" size="5">
					<sval type="int" val="649" />
					<sval type="int" val="131075" />
					<sval type="int" val="1" />
					<sval type="int" val="131074" />
					<sval type="int" val="16" />
				</sval>
				<sval type="array" size="12">
					<sval type="int" val="102" />
					<sval type="string" val="plugin.zanzal.shopping.buyware" />
					<sval type="int" val="-2147483647" />
					<sval type="int" val="131075" />
					<sval type="int" val="1" />
					<sval type="int" val="3" />
					<sval type="int" val="131074" />
					<sval type="int" val="11" />
					<sval type="int" val="131074" />
					<sval type="int" val="18" />
					<sval type="int" val="131074" />
					<sval type="int" val="12" />
				</sval>
				<sval type="array" size="5">
					<sval type="int" val="519" />
					<sval type="int" val="131075" />
					<sval type="int" val="1" />
					<sval type="int" val="0" />
					<sval type="int" val="0" />
				</sval>
				<sval type="array" size="5">
					<sval type="int" val="650" />
					<sval type="int" val="131075" />
					<sval type="int" val="1" />
					<sval type="int" val="0" />
					<sval type="int" val="0" />
				</sval>
				<sval type="array" size="2">
					<sval type="int" val="112" />
					<sval type="int" val="72" />
				</sval>
				<sval type="array" size="2">
					<sval type="int" val="112" />
					<sval type="int" val="71" />
				</sval>
				<sval type="array" size="6">
					<sval type="int" val="107" />
					<sval type="int" val="-2147483647" />
					<sval type="int" val="4" />
					<sval type="int" val="100" />
					<sval type="int" val="4" />
					<sval type="int" val="200" />
				</sval>
				<sval type="array" size="2">
					<sval type="int" val="112" />
					<sval type="int" val="18" />
				</sval>
				<sval type="array" size="3">
					<sval type="int" val="103" />
					<sval type="int" val="0" />
					<sval type="int" val="0" />
				</sval>
			</sval>
			<sval type="array" size="2">
				<sval type="array" size="2">
					<sval type="int" val="10" />
					<sval type="string" val="" />
				</sval>
				<sval type="array" size="2">
					<sval type="int" val="10" />
					<sval type="string" val="" />
				</sval>
			</sval>
			<sval type="array" size="45">
				<sval type="array" size="3">
					<sval type="int" val="0" />
					<sval type="int" val="1" />
					<sval type="string" val="************************************************" />
				</sval>
				<sval type="array" size="3">
					<sval type="int" val="0" />
					<sval type="int" val="1" />
					<sval type="string" val="SCRIPT NAME: plugin.zanzal.shopping.refuel" />
				</sval>
				<sval type="array" size="3">
					<sval type="int" val="0" />
					<sval type="int" val="1" />
					<sval type="string" val="DESCRIPTION: If jumpfuel less than $min.jumps then " />
				</sval>
				<sval type="array" size="3">
					<sval type="int" val="0" />
					<sval type="int" val="1" />
					<sval type="string" val="refuel to $max.jumps" />
				</sval>
				<sval type="array" size="3">
					<sval type="int" val="0" />
					<sval type="int" val="1" />
					<sval type="string" val="" />
				</sval>
				<sval type="array" size="3">
					<sval type="int" val="0" />
					<sval type="int" val="1" />
					<sval type="string" val="AUTHOR: Zanzal          DATE: 28 December 2013" />
				</sval>
				<sval type="array" size="3">
					<sval type="int" val="0" />
					<sval type="int" val="1" />
					<sval type="string" val="************************************************" />
				</sval>
				<sval type="array" size="2">
					<sval type="int" val="4" />
					<sval type="int" val="4" />
				</sval>
				<sval type="array" size="2">
					<sval type="int" val="6" />
					<sval type="int" val="4" />
				</sval>
				<sval type="array" size="2">
					<sval type="int" val="6" />
					<sval type="int" val="2" />
				</sval>
				<sval type="array" size="2">
					<sval type="int" val="6" />
					<sval type="int" val="2" />
				</sval>
				<sval type="array" size="2">
					<sval type="int" val="9" />
					<sval type="int" val="2" />
				</sval>
				<sval type="array" size="2">
					<sval type="int" val="10" />
					<sval type="int" val="2" />
				</sval>
				<sval type="array" size="2">
					<sval type="int" val="12" />
					<sval type="int" val="2" />
				</sval>
				<sval type="array" size="2">
					<sval type="int" val="16" />
					<sval type="int" val="4" />
				</sval>
				<sval type="array" size="2">
					<sval type="int" val="16" />
					<sval type="int" val="2" />
				</sval>
				<sval type="array" size="3">
					<sval type="int" val="22" />
					<sval type="int" val="1" />
					<sval type="string" val="Can't find a dock" />
				</sval>
				<sval type="array" size="3">
					<sval type="int" val="23" />
					<sval type="int" val="1" />
					<sval type="string" val="Big or huge ships can't dock at factories so lets try a proxy" />
				</sval>
				<sval type="array" size="2">
					<sval type="int" val="29" />
					<sval type="int" val="2" />
				</sval>
				<sval type="array" size="2">
					<sval type="int" val="31" />
					<sval type="int" val="7" />
				</sval>
				<sval type="array" size="2">
					<sval type="int" val="31" />
					<sval type="int" val="2" />
				</sval>
				<sval type="array" size="2">
					<sval type="int" val="35" />
					<sval type="int" val="4" />
				</sval>
				<sval type="array" size="2">
					<sval type="int" val="35" />
					<sval type="int" val="2" />
				</sval>
				<sval type="array" size="2">
					<sval type="int" val="38" />
					<sval type="int" val="4" />
				</sval>
				<sval type="array" size="2">
					<sval type="int" val="39" />
					<sval type="int" val="5" />
				</sval>
				<sval type="array" size="2">
					<sval type="int" val="40" />
					<sval type="int" val="4" />
				</sval>
				<sval type="array" size="2">
					<sval type="int" val="40" />
					<sval type="int" val="4" />
				</sval>
				<sval type="array" size="2">
					<sval type="int" val="41" />
					<sval type="int" val="5" />
				</sval>
				<sval type="array" size="3">
					<sval type="int" val="41" />
					<sval type="int" val="1" />
					<sval type="string" val="We're not big or huge so lets find a factory we can buy from" />
				</sval>
				<sval type="array" size="2">
					<sval type="int" val="47" />
					<sval type="int" val="4" />
				</sval>
				<sval type="array" size="2">
					<sval type="int" val="48" />
					<sval type="int" val="5" />
				</sval>
				<sval type="array" size="2">
					<sval type="int" val="49" />
					<sval type="int" val="7" />
				</sval>
				<sval type="array" size="2">
					<sval type="int" val="49" />
					<sval type="int" val="4" />
				</sval>
				<sval type="array" size="2">
					<sval type="int" val="49" />
					<sval type="int" val="4" />
				</sval>
				<sval type="array" size="2">
					<sval type="int" val="50" />
					<sval type="int" val="5" />
				</sval>
				<sval type="array" size="2">
					<sval type="int" val="54" />
					<sval type="int" val="4" />
				</sval>
				<sval type="array" size="2">
					<sval type="int" val="54" />
					<sval type="int" val="4" />
				</sval>
				<sval type="array" size="2">
					<sval type="int" val="54" />
					<sval type="int" val="2" />
				</sval>
				<sval type="array" size="3">
					<sval type="int" val="55" />
					<sval type="int" val="1" />
					<sval type="string" val="Purchase wares" />
				</sval>
				<sval type="array" size="2">
					<sval type="int" val="69" />
					<sval type="int" val="7" />
				</sval>
				<sval type="array" size="2">
					<sval type="int" val="70" />
					<sval type="int" val="5" />
				</sval>
				<sval type="array" size="2">
					<sval type="int" val="71" />
					<sval type="int" val="4" />
				</sval>
				<sval type="array" size="2">
					<sval type="int" val="72" />
					<sval type="int" val="4" />
				</sval>
				<sval type="array" size="2">
					<sval type="int" val="72" />
					<sval type="int" val="4" />
				</sval>
				<sval type="array" size="2">
					<sval type="int" val="72" />
					<sval type="int" val="2" />
				</sval>
			</sval>
			<sval type="int" val="0" />
		</sval>
	</codearray>
</script>
