<?xml version="1.0" standalone="yes"?>
<?xml-stylesheet href="x2script.xsl" type="text/xsl"?>
<!-- Generated using X-Studio -->
<script>
	<name>setup.zanzal.bettermineralscanner</name>
	<version>1</version>
	<engineversion>50</engineversion>
	<description></description>
	<arguments>
		<argument index="1" name="run" type="Value" desc="" />
	</arguments>
	<sourcetext>
		<line linenr="001" indent="">
			<comment>* ************************************************</comment>
		</line>
		<line linenr="002" indent="">
			<comment>* SCRIPT NAME: setup.zanzal.bettermineralscanner.xml</comment>
		</line>
		<line linenr="003" indent="">
			<comment>* DESCRIPTION: Better mineral scanner</comment>
		</line>
		<line linenr="004" indent="">
			<comment>* </comment>
		</line>
		<line linenr="005" indent="">
			<comment>* AUTHOR:  Zanzal         DATE: 19 January 2014</comment>
		</line>
		<line linenr="006" indent="">
			<comment>* ************************************************</comment>
		</line>
		<line linenr="007" indent="">
			<var>$hotkey.description</var>
			<text> </text>
			<text>=</text>
			<text> </text>
			<text>'Mineral Scan/Collect Mode'</text>
		</line>
		<line linenr="008" indent="">
			<var>$hotkey.global</var>
			<text> </text>
			<text>=</text>
			<text> </text>
			<text>'plugin.zanzal.bettermineralscanner.hotkey'</text>
		</line>
		<line linenr="009" indent="" />
		<line linenr="010" indent="">
			<var>$hk</var>
			<text> </text>
			<text>=</text>
			<text> </text>
			<text>get</text>
			<text> </text>
			<text>global</text>
			<text> </text>
			<text>variable</text>
			<text>:</text>
			<text> </text>
			<text>name</text>
			<text>=</text>
			<var>$hotkey.global</var>
		</line>
		<line linenr="011" indent="">
			<text>if</text>
			<text> </text>
			<var>$hk</var>
			<text> </text>
			<text>==</text>
			<text> </text>
			<var>null</var>
		</line>
		<line linenr="012" indent="&#160;">
			<var>$hk</var>
			<text> </text>
			<text>=</text>
			<text> </text>
			<text>register</text>
			<text> </text>
			<text>hotkey</text>
			<text> </text>
			<var>$hotkey.description</var>
			<text> </text>
			<text>to</text>
			<text> </text>
			<text>call</text>
			<text> </text>
			<text>script</text>
			<text> </text>
			<text>name</text>
			<text> </text>
			<call>plugin.zanzal.bettermineralscanner</call>
		</line>
		<line linenr="013" indent="&#160;">
			<text>set</text>
			<text> </text>
			<text>global</text>
			<text> </text>
			<text>variable</text>
			<text>:</text>
			<text> </text>
			<text>name</text>
			<text>=</text>
			<var>$hotkey.global</var>
			<text> </text>
			<text>value</text>
			<text>=</text>
			<var>$hk</var>
		</line>
		<line linenr="014" indent="">
			<text>end</text>
		</line>
		<line linenr="015" indent="" />
		<line linenr="016" indent="">
			<text>return</text>
			<text> </text>
			<var>null</var>
		</line>
	</sourcetext>
	<codearray>
		<sval type="array" size="10">
			<sval type="string" val="setup.zanzal.bettermineralscanner" />
			<sval type="int" val="50" />
			<sval type="string" val="" />
			<sval type="int" val="1" />
			<sval type="int" val="0" />
			<sval type="array" size="4">
				<sval type="string" val="run" />
				<sval type="string" val="hotkey.description" />
				<sval type="string" val="hotkey.global" />
				<sval type="string" val="hk" />
			</sval>
			<sval type="array" size="7">
				<sval type="array" size="7">
					<sval type="int" val="104" />
					<sval type="int" val="1" />
					<sval type="int" val="1" />
					<sval type="int" val="5" />
					<sval type="string" val="Mineral Scan/Collect Mode" />
					<sval type="int" val="1" />
					<sval type="int" val="-1" />
				</sval>
				<sval type="array" size="7">
					<sval type="int" val="104" />
					<sval type="int" val="2" />
					<sval type="int" val="1" />
					<sval type="int" val="5" />
					<sval type="string" val="plugin.zanzal.bettermineralscanner.hotkey" />
					<sval type="int" val="1" />
					<sval type="int" val="-1" />
				</sval>
				<sval type="array" size="4">
					<sval type="int" val="158" />
					<sval type="int" val="131074" />
					<sval type="int" val="2" />
					<sval type="int" val="3" />
				</sval>
				<sval type="array" size="13">
					<sval type="int" val="104" />
					<sval type="int" val="-1610611197" />
					<sval type="int" val="3" />
					<sval type="int" val="131074" />
					<sval type="int" val="3" />
					<sval type="int" val="0" />
					<sval type="int" val="0" />
					<sval type="int" val="15" />
					<sval type="int" val="0" />
					<sval type="int" val="3" />
					<sval type="int" val="-1" />
					<sval type="int" val="0" />
					<sval type="int" val="-2" />
				</sval>
				<sval type="array" size="6">
					<sval type="int" val="1511" />
					<sval type="int" val="3" />
					<sval type="int" val="131074" />
					<sval type="int" val="1" />
					<sval type="int" val="5" />
					<sval type="string" val="plugin.zanzal.bettermineralscanner" />
				</sval>
				<sval type="array" size="5">
					<sval type="int" val="157" />
					<sval type="int" val="131074" />
					<sval type="int" val="2" />
					<sval type="int" val="131074" />
					<sval type="int" val="3" />
				</sval>
				<sval type="array" size="3">
					<sval type="int" val="103" />
					<sval type="int" val="0" />
					<sval type="int" val="0" />
				</sval>
			</sval>
			<sval type="array" size="1">
				<sval type="array" size="2">
					<sval type="int" val="9" />
					<sval type="string" val="" />
				</sval>
			</sval>
			<sval type="array" size="9">
				<sval type="array" size="3">
					<sval type="int" val="0" />
					<sval type="int" val="1" />
					<sval type="string" val="************************************************" />
				</sval>
				<sval type="array" size="3">
					<sval type="int" val="0" />
					<sval type="int" val="1" />
					<sval type="string" val="SCRIPT NAME: setup.zanzal.bettermineralscanner.xml" />
				</sval>
				<sval type="array" size="3">
					<sval type="int" val="0" />
					<sval type="int" val="1" />
					<sval type="string" val="DESCRIPTION: Better mineral scanner" />
				</sval>
				<sval type="array" size="3">
					<sval type="int" val="0" />
					<sval type="int" val="1" />
					<sval type="string" val="" />
				</sval>
				<sval type="array" size="3">
					<sval type="int" val="0" />
					<sval type="int" val="1" />
					<sval type="string" val="AUTHOR:  Zanzal         DATE: 19 January 2014" />
				</sval>
				<sval type="array" size="3">
					<sval type="int" val="0" />
					<sval type="int" val="1" />
					<sval type="string" val="************************************************" />
				</sval>
				<sval type="array" size="2">
					<sval type="int" val="2" />
					<sval type="int" val="2" />
				</sval>
				<sval type="array" size="2">
					<sval type="int" val="6" />
					<sval type="int" val="4" />
				</sval>
				<sval type="array" size="2">
					<sval type="int" val="6" />
					<sval type="int" val="2" />
				</sval>
			</sval>
			<sval type="int" val="0" />
		</sval>
	</codearray>
</script>
