<?xml version="1.0" standalone="yes"?>
<?xml-stylesheet href="x2script.xsl" type="text/xsl"?>
<!-- Generated using X-Studio -->
<script>
	<name>plugin.zanzal.shopping.command</name>
	<version>1</version>
	<engineversion>50</engineversion>
	<description></description>
	<arguments>
		<argument index="1" name="needed.list" type="Var/Array" desc="" />
		<argument index="2" name="wanted.list" type="Var/Array" desc="" />
		<argument index="3" name="wanted.max.stops" type="Var/Number" desc="" />
	</arguments>
	<sourcetext>
		<line linenr="001" indent="">
			<comment>* ************************************************</comment>
		</line>
		<line linenr="002" indent="">
			<comment>* SCRIPT NAME: plugin.zanzal.shopping.command</comment>
		</line>
		<line linenr="003" indent="">
			<comment>* DESCRIPTION: Shops for items of two categories: needed and wanted.</comment>
		</line>
		<line linenr="004" indent="">
			<comment>* </comment>
		</line>
		<line linenr="005" indent="">
			<comment>* AUTHOR: Zanzal           DATE: 28 December 2013</comment>
		</line>
		<line linenr="006" indent="">
			<comment>* ************************************************</comment>
		</line>
		<line linenr="007" indent="" />
		<line linenr="008" indent="">
			<var>$big</var>
			<text> </text>
			<text>=</text>
			<text> </text>
			<var>[THIS]</var>
			<text>-&gt;</text>
			<text> </text>
			<text>is</text>
			<text> </text>
			<text>of</text>
			<text> </text>
			<text>class</text>
			<text> </text>
			<var>[Big Ship]</var>
		</line>
		<line linenr="009" indent="">
			<var>$huge</var>
			<text> </text>
			<text>=</text>
			<text> </text>
			<var>[THIS]</var>
			<text>-&gt;</text>
			<text> </text>
			<text>is</text>
			<text> </text>
			<text>of</text>
			<text> </text>
			<text>class</text>
			<text> </text>
			<var>[Huge Ship]</var>
		</line>
		<line linenr="010" indent="">
			<var>$my.owner</var>
			<text> </text>
			<text>=</text>
			<text> </text>
			<var>[THIS]</var>
			<text>-&gt;</text>
			<text> </text>
			<text>get</text>
			<text> </text>
			<text>owner</text>
			<text> </text>
			<text>race</text>
		</line>
		<line linenr="011" indent="" />
		<line linenr="012" indent="">
			<var>[THIS]</var>
			<text>-&gt;</text>
			<text> </text>
			<text>set</text>
			<text> </text>
			<text>command</text>
			<text>:</text>
			<text> </text>
			<var>[COMMAND_GET_WARE]</var>
		</line>
		<line linenr="013" indent="" />
		<line linenr="014" indent="">
			<var>$XS.Iterator1</var>
			<text> </text>
			<text>=</text>
			<text> </text>
			<text>size</text>
			<text> </text>
			<text>of</text>
			<text> </text>
			<text>array</text>
			<text> </text>
			<var>$needed.list</var>
		</line>
		<line linenr="015" indent="&#160;">
			<text>while</text>
			<text> </text>
			<var>$XS.Iterator1</var>
		</line>
		<line linenr="016" indent="&#160;">
			<text>dec</text>
			<text> </text>
			<var>$XS.Iterator1</var>
		</line>
		<line linenr="017" indent="&#160;">
			<var>$needed.item</var>
			<text> </text>
			<text>=</text>
			<text> </text>
			<var>$needed.list</var>
			<text>[</text>
			<var>$XS.Iterator1</var>
			<text>]</text>
		</line>
		<line linenr="018" indent="&#160;" />
		<line linenr="019" indent="&#160;">
			<var>$needed.ware</var>
			<text> </text>
			<text>=</text>
			<text> </text>
			<var>$needed.item</var>
			<text>[</text>
			<var>1</var>
			<text>]</text>
		</line>
		<line linenr="020" indent="&#160;">
			<var>$needed.quantity</var>
			<text> </text>
			<text>=</text>
			<text> </text>
			<var>$needed.item</var>
			<text>[</text>
			<var>0</var>
			<text>]</text>
		</line>
		<line linenr="021" indent="&#160;">
			<var>$current.quantity</var>
			<text> </text>
			<text>=</text>
			<text> </text>
			<var>[THIS]</var>
			<text>-&gt;</text>
			<text> </text>
			<text>get</text>
			<text> </text>
			<text>amount</text>
			<text> </text>
			<text>of</text>
			<text> </text>
			<text>ware</text>
			<text> </text>
			<var>$needed.ware</var>
			<text> </text>
			<text>in</text>
			<text> </text>
			<text>cargo</text>
			<text> </text>
			<text>bay</text>
		</line>
		<line linenr="022" indent="&#160;">
			<var>$needed.quantity</var>
			<text> </text>
			<text>=</text>
			<text> </text>
			<var>$needed.quantity</var>
			<text> </text>
			<text>-</text>
			<text> </text>
			<var>$current.quantity</var>
		</line>
		<line linenr="023" indent="&#160;">
			<var>$is.upgrade</var>
			<text> </text>
			<text>=</text>
			<text> </text>
			<text>is</text>
			<text> </text>
			<text>upgrade</text>
			<text>:</text>
			<text> </text>
			<text>ware</text>
			<text>=</text>
			<var>$needed.ware</var>
		</line>
		<line linenr="024" indent="&#160;&#160;">
			<var>$is.equipment</var>
			<text> </text>
			<text>=</text>
			<text> </text>
			<text>is</text>
			<text> </text>
			<text>equipment</text>
			<text>:</text>
			<text> </text>
			<text>ware</text>
			<text>=</text>
			<var>$needed.ware</var>
		</line>
		<line linenr="025" indent="&#160;&#160;">
			<var>$attempts</var>
			<text> </text>
			<text>=</text>
			<text> </text>
			<var>0</var>
		</line>
		<line linenr="026" indent="&#160;&#160;">
			<text>while</text>
			<text> </text>
			<var>$needed.quantity</var>
			<text> </text>
			<text>&gt;</text>
			<text> </text>
			<var>0</var>
			<text> </text>
			<text>AND</text>
			<text> </text>
			<var>$attempts</var>
			<text> </text>
			<text>&lt;</text>
			<text> </text>
			<var>99</var>
		</line>
		<line linenr="027" indent="&#160;&#160;" interruptable="@">
			<text>=</text>
			<text> </text>
			<var>[THIS]</var>
			<text>-&gt;</text>
			<text> </text>
			<text>call</text>
			<text> </text>
			<text>script</text>
			<text> </text>
			<call>plugin.zanzal.shopping.refuel</call>
			<text> </text>
			<text>:</text>
			<text> </text>
			<text>min.jumps</text>
			<text>=</text>
			<var>50</var>
			<text> </text>
			<text>max.jumps</text>
			<text>=</text>
			<var>100</var>
		</line>
		<line linenr="028" indent="&#160;&#160;">
			<var>$ware</var>
			<text> </text>
			<text>=</text>
			<text> </text>
			<var>$needed.ware</var>
		</line>
		<line linenr="029" indent="&#160;&#160;">
			<var>$quantity</var>
			<text> </text>
			<text>=</text>
			<text> </text>
			<var>$needed.quantity</var>
		</line>
		<line linenr="030" indent="&#160;&#160;&#160;">
			<var>$purchase.attempted</var>
			<text> </text>
			<text>=</text>
			<text> </text>
			<var>[FALSE]</var>
		</line>
		<line linenr="031" indent="&#160;&#160;">
			<text>gosub</text>
			<text> </text>
			<var>attempt_purchase</var>
			<text>:</text>
		</line>
		<line linenr="032" indent="&#160;&#160;&#160;">
			<text>if</text>
			<text> </text>
			<text>not</text>
			<text> </text>
			<var>$purchase.attempted</var>
		</line>
		<line linenr="033" indent="&#160;&#160;">
			<text>break</text>
		</line>
		<line linenr="034" indent="&#160;">
			<text>else</text>
		</line>
		<line linenr="035" indent="">
			<text>inc</text>
			<text> </text>
			<var>$attempts</var>
		</line>
		<line linenr="036" indent="">
			<text>end</text>
		</line>
		<line linenr="037" indent="">
			<text>end</text>
		</line>
		<line linenr="038" indent="">
			<text>end</text>
		</line>
		<line linenr="039" indent="&#160;" />
		<line linenr="040" indent="&#160;" />
		<line linenr="041" indent="&#160;">
			<var>$XS.Iterator2</var>
			<text> </text>
			<text>=</text>
			<text> </text>
			<text>size</text>
			<text> </text>
			<text>of</text>
			<text> </text>
			<text>array</text>
			<text> </text>
			<var>$wanted.list</var>
		</line>
		<line linenr="042" indent="&#160;">
			<text>while</text>
			<text> </text>
			<var>$XS.Iterator2</var>
		</line>
		<line linenr="043" indent="&#160;">
			<text>dec</text>
			<text> </text>
			<var>$XS.Iterator2</var>
		</line>
		<line linenr="044" indent="&#160;">
			<var>$wanted.item</var>
			<text> </text>
			<text>=</text>
			<text> </text>
			<var>$wanted.list</var>
			<text>[</text>
			<var>$XS.Iterator2</var>
			<text>]</text>
		</line>
		<line linenr="045" indent="&#160;">
			<var>$wanted.ware</var>
			<text> </text>
			<text>=</text>
			<text> </text>
			<var>$wanted.item</var>
			<text>[</text>
			<var>1</var>
			<text>]</text>
		</line>
		<line linenr="046" indent="&#160;">
			<var>$wanted.quantity</var>
			<text> </text>
			<text>=</text>
			<text> </text>
			<var>$wanted.item</var>
			<text>[</text>
			<var>0</var>
			<text>]</text>
		</line>
		<line linenr="047" indent="&#160;">
			<var>$current.quantity</var>
			<text> </text>
			<text>=</text>
			<text> </text>
			<var>[THIS]</var>
			<text>-&gt;</text>
			<text> </text>
			<text>get</text>
			<text> </text>
			<text>amount</text>
			<text> </text>
			<text>of</text>
			<text> </text>
			<text>ware</text>
			<text> </text>
			<var>$wanted.ware</var>
			<text> </text>
			<text>in</text>
			<text> </text>
			<text>cargo</text>
			<text> </text>
			<text>bay</text>
		</line>
		<line linenr="048" indent="&#160;&#160;">
			<var>$wanted.quantity</var>
			<text> </text>
			<text>=</text>
			<text> </text>
			<var>$wanted.quantity</var>
			<text> </text>
			<text>-</text>
			<text> </text>
			<var>$current.quantity</var>
		</line>
		<line linenr="049" indent="&#160;&#160;">
			<var>$is.upgrade</var>
			<text> </text>
			<text>=</text>
			<text> </text>
			<text>is</text>
			<text> </text>
			<text>upgrade</text>
			<text>:</text>
			<text> </text>
			<text>ware</text>
			<text>=</text>
			<var>$wanted.ware</var>
		</line>
		<line linenr="050" indent="&#160;&#160;">
			<var>$is.equipment</var>
			<text> </text>
			<text>=</text>
			<text> </text>
			<text>is</text>
			<text> </text>
			<text>equipment</text>
			<text>:</text>
			<text> </text>
			<text>ware</text>
			<text>=</text>
			<var>$wanted.ware</var>
		</line>
		<line linenr="051" indent="&#160;&#160;">
			<var>$attempts</var>
			<text> </text>
			<text>=</text>
			<text> </text>
			<var>0</var>
		</line>
		<line linenr="052" indent="&#160;&#160;" />
		<line linenr="053" indent="&#160;&#160;">
			<text>while</text>
			<text> </text>
			<var>$wanted.quantity</var>
			<text> </text>
			<text>&gt;</text>
			<text> </text>
			<var>0</var>
			<text> </text>
			<text>AND</text>
			<text> </text>
			<var>$attempts</var>
			<text> </text>
			<text>&lt;</text>
			<text> </text>
			<var>$wanted.max.stops</var>
		</line>
		<line linenr="054" indent="&#160;&#160;">
			<comment>* Check and refuel</comment>
		</line>
		<line linenr="055" indent="&#160;&#160;&#160;" interruptable="@">
			<text>=</text>
			<text> </text>
			<var>[THIS]</var>
			<text>-&gt;</text>
			<text> </text>
			<text>call</text>
			<text> </text>
			<text>script</text>
			<text> </text>
			<call>plugin.zanzal.shopping.refuel</call>
			<text> </text>
			<text>:</text>
			<text> </text>
			<text>min.jumps</text>
			<text>=</text>
			<var>50</var>
			<text> </text>
			<text>max.jumps</text>
			<text>=</text>
			<var>100</var>
		</line>
		<line linenr="056" indent="&#160;&#160;">
			<var>$ware</var>
			<text> </text>
			<text>=</text>
			<text> </text>
			<var>$wanted.ware</var>
		</line>
		<line linenr="057" indent="&#160;&#160;&#160;">
			<var>$quantity</var>
			<text> </text>
			<text>=</text>
			<text> </text>
			<var>$wanted.quantity</var>
		</line>
		<line linenr="058" indent="&#160;&#160;">
			<var>$purchase.attempted</var>
			<text> </text>
			<text>=</text>
			<text> </text>
			<var>[FALSE]</var>
		</line>
		<line linenr="059" indent="&#160;">
			<text>gosub</text>
			<text> </text>
			<var>attempt_purchase</var>
			<text>:</text>
		</line>
		<line linenr="060" indent="">
			<text>if</text>
			<text> </text>
			<text>not</text>
			<text> </text>
			<var>$purchase.attempted</var>
		</line>
		<line linenr="061" indent="">
			<text>break</text>
		</line>
		<line linenr="062" indent="">
			<text>else</text>
		</line>
		<line linenr="063" indent="">
			<text>inc</text>
			<text> </text>
			<var>$attempts</var>
		</line>
		<line linenr="064" indent="&#160;">
			<text>end</text>
		</line>
		<line linenr="065" indent="&#160;">
			<text>end</text>
		</line>
		<line linenr="066" indent="&#160;">
			<text>end</text>
		</line>
		<line linenr="067" indent="&#160;" />
		<line linenr="068" indent="&#160;" />
		<line linenr="069" indent="&#160;&#160;">
			<var>$XS.Iterator3</var>
			<text> </text>
			<text>=</text>
			<text> </text>
			<text>size</text>
			<text> </text>
			<text>of</text>
			<text> </text>
			<text>array</text>
			<text> </text>
			<var>$needed.list</var>
		</line>
		<line linenr="070" indent="">
			<text>while</text>
			<text> </text>
			<var>$XS.Iterator3</var>
		</line>
		<line linenr="071" indent="">
			<text>dec</text>
			<text> </text>
			<var>$XS.Iterator3</var>
		</line>
		<line linenr="072" indent="">
			<var>$needed.item</var>
			<text> </text>
			<text>=</text>
			<text> </text>
			<var>$needed.list</var>
			<text>[</text>
			<var>$XS.Iterator3</var>
			<text>]</text>
		</line>
		<line linenr="073" indent="">
			<var>$needed.ware</var>
			<text> </text>
			<text>=</text>
			<text> </text>
			<var>$needed.item</var>
			<text>[</text>
			<var>1</var>
			<text>]</text>
		</line>
		<line linenr="074" indent="">
			<var>$needed.quantity</var>
			<text> </text>
			<text>=</text>
			<text> </text>
			<var>$needed.item</var>
			<text>[</text>
			<var>0</var>
			<text>]</text>
		</line>
		<line linenr="075" indent="&#160;">
			<var>$current.quantity</var>
			<text> </text>
			<text>=</text>
			<text> </text>
			<var>[THIS]</var>
			<text>-&gt;</text>
			<text> </text>
			<text>get</text>
			<text> </text>
			<text>amount</text>
			<text> </text>
			<text>of</text>
			<text> </text>
			<text>ware</text>
			<text> </text>
			<var>$needed.ware</var>
			<text> </text>
			<text>in</text>
			<text> </text>
			<text>cargo</text>
			<text> </text>
			<text>bay</text>
		</line>
		<line linenr="076" indent="&#160;">
			<var>$needed.quantity</var>
			<text> </text>
			<text>=</text>
			<text> </text>
			<var>$needed.quantity</var>
			<text> </text>
			<text>-</text>
			<text> </text>
			<var>$current.quantity</var>
		</line>
		<line linenr="077" indent="&#160;">
			<text>skip</text>
			<text> </text>
			<text>if</text>
			<text> </text>
			<var>$needed.quantity</var>
			<text> </text>
			<text>&lt;=</text>
			<text> </text>
			<var>0</var>
		</line>
		<line linenr="078" indent="&#160;">
			<text>return</text>
			<text> </text>
			<var>[FALSE]</var>
		</line>
		<line linenr="079" indent="&#160;">
			<text>end</text>
		</line>
		<line linenr="080" indent="&#160;" />
		<line linenr="081" indent="&#160;&#160;">
			<text>return</text>
			<text> </text>
			<var>[TRUE]</var>
		</line>
		<line linenr="082" indent="&#160;&#160;" />
		<line linenr="083" indent="&#160;">
			<var>attempt_purchase</var>
			<text>:</text>
		</line>
		<line linenr="084" indent="">
			<comment>* -&gt; $ware</comment>
		</line>
		<line linenr="085" indent="">
			<comment>* -&gt; $quantity</comment>
		</line>
		<line linenr="086" indent="">
			<var>$from.station</var>
			<text> </text>
			<text>=</text>
			<text> </text>
			<text>find</text>
			<text> </text>
			<text>dock</text>
			<text>:</text>
			<text> </text>
			<text>sells</text>
			<text>:</text>
			<text> </text>
			<var>$ware</var>
			<text> </text>
			<text>with</text>
			<text> </text>
			<text>best</text>
			<text> </text>
			<text>price</text>
			<text>:</text>
			<text> </text>
			<text>max.price</text>
			<text>=</text>
			<var>null</var>
			<text>,</text>
			<text> </text>
			<text>amount</text>
			<text>=</text>
			<var>1</var>
			<text>,</text>
			<text> </text>
			<text>max.jumps</text>
			<text>=</text>
			<var>40</var>
			<text>,</text>
			<text> </text>
			<text>startsector</text>
			<text>=</text>
			<var>[SECTOR]</var>
			<text>,</text>
			<text> </text>
			<text>trader</text>
			<text>=</text>
			<var>[THIS]</var>
			<text>,</text>
			<text> </text>
			<text>exclude</text>
			<text> </text>
			<text>array</text>
			<text>=</text>
			<var>null</var>
		</line>
		<line linenr="087" indent="&#160;">
			<text>gosub</text>
			<text> </text>
			<var>check_station_and_buy</var>
			<text>:</text>
		</line>
		<line linenr="088" indent="&#160;" />
		<line linenr="089" indent="&#160;">
			<text>if</text>
			<text> </text>
			<text>not</text>
			<text> </text>
			<var>$purchase.attempted</var>
		</line>
		<line linenr="090" indent="&#160;">
			<var>$from.station</var>
			<text> </text>
			<text>=</text>
			<text> </text>
			<text>find</text>
			<text> </text>
			<text>factory</text>
			<text>:</text>
			<text> </text>
			<text>sells</text>
			<text> </text>
			<var>$ware</var>
			<text> </text>
			<text>with</text>
			<text> </text>
			<text>best</text>
			<text> </text>
			<text>price</text>
			<text>:</text>
			<text> </text>
			<text>max.price</text>
			<text>=</text>
			<var>null</var>
			<text>,</text>
			<text> </text>
			<text>amount</text>
			<text>=</text>
			<var>1</var>
			<text>,</text>
			<text> </text>
			<text>max.jumps</text>
			<text>=</text>
			<var>40</var>
			<text>,</text>
			<text> </text>
			<text>startsector</text>
			<text>=</text>
			<var>[SECTOR]</var>
			<text>,</text>
			<text> </text>
			<text>trader</text>
			<text>=</text>
			<var>[THIS]</var>
			<text>,</text>
			<text> </text>
			<text>exclude</text>
			<text> </text>
			<text>array</text>
			<text>=</text>
			<var>null</var>
		</line>
		<line linenr="091" indent="&#160;&#160;">
			<text>gosub</text>
			<text> </text>
			<var>check_station_and_buy</var>
			<text>:</text>
		</line>
		<line linenr="092" indent="&#160;&#160;&#160;">
			<text>end</text>
		</line>
		<line linenr="093" indent="&#160;&#160;&#160;">
			<text>endsub</text>
		</line>
		<line linenr="094" indent="&#160;&#160;&#160;&#160;" />
		<line linenr="095" indent="&#160;&#160;&#160;">
			<var>check_station_and_buy</var>
			<text>:</text>
		</line>
		<line linenr="096" indent="&#160;&#160;&#160;&#160;">
			<var>$use.proxy</var>
			<text> </text>
			<text>=</text>
			<text> </text>
			<var>[FALSE]</var>
		</line>
		<line linenr="097" indent="&#160;&#160;&#160;&#160;">
			<var>$try.buying</var>
			<text> </text>
			<text>=</text>
			<text> </text>
			<var>[FALSE]</var>
		</line>
		<line linenr="098" indent="&#160;&#160;&#160;&#160;&#160;" />
		<line linenr="099" indent="&#160;&#160;&#160;&#160;&#160;">
			<text>if</text>
			<text> </text>
			<var>$from.station</var>
			<text>-&gt;</text>
			<text> </text>
			<text>exists</text>
		</line>
		<line linenr="100" indent="&#160;&#160;&#160;&#160;&#160;">
			<text>if</text>
			<text> </text>
			<var>[THIS]</var>
			<text>-&gt;</text>
			<text> </text>
			<text>is</text>
			<text> </text>
			<text>docking</text>
			<text> </text>
			<text>allowed</text>
			<text> </text>
			<text>at</text>
			<text> </text>
			<var>$from.station</var>
		</line>
		<line linenr="101" indent="&#160;&#160;&#160;&#160;&#160;&#160;">
			<var>$can.dock</var>
			<text> </text>
			<text>=</text>
			<text> </text>
			<var>$from.station</var>
			<text>-&gt;</text>
			<text> </text>
			<text>is</text>
			<text> </text>
			<text>docking</text>
			<text> </text>
			<text>possible</text>
			<text> </text>
			<text>of</text>
			<text> </text>
			<var>[THIS]</var>
		</line>
		<line linenr="102" indent="&#160;&#160;&#160;&#160;&#160;&#160;">
			<text>if</text>
			<text> </text>
			<var>$can.dock</var>
		</line>
		<line linenr="103" indent="&#160;&#160;&#160;&#160;&#160;&#160;">
			<var>$try.buying</var>
			<text> </text>
			<text>=</text>
			<text> </text>
			<var>[TRUE]</var>
		</line>
		<line linenr="104" indent="&#160;&#160;&#160;&#160;&#160;&#160;">
			<text>else</text>
			<text> </text>
			<text>if</text>
			<text> </text>
			<text>(</text>
			<text> </text>
			<var>$big</var>
			<text> </text>
			<text>or</text>
			<text> </text>
			<var>$huge</var>
			<text> </text>
			<text>)</text>
		</line>
		<line linenr="105" indent="&#160;&#160;&#160;&#160;&#160;&#160;&#160;">
			<var>$freight.drones</var>
			<text> </text>
			<text>=</text>
			<text> </text>
			<var>[THIS]</var>
			<text>-&gt;</text>
			<text> </text>
			<text>get</text>
			<text> </text>
			<text>amount</text>
			<text> </text>
			<text>of</text>
			<text> </text>
			<text>ware</text>
			<text> </text>
			<var>{Freight Drone}</var>
			<text> </text>
			<text>in</text>
			<text> </text>
			<text>cargo</text>
			<text> </text>
			<text>bay</text>
		</line>
		<line linenr="106" indent="&#160;&#160;&#160;&#160;&#160;&#160;&#160;">
			<text>if</text>
			<text> </text>
			<var>$freight.drones</var>
			<text> </text>
			<text>&gt;</text>
			<text> </text>
			<var>0</var>
		</line>
		<line linenr="107" indent="&#160;&#160;&#160;&#160;&#160;&#160;">
			<comment>* This should fail if the ship has no free docking ports.</comment>
		</line>
		<line linenr="108" indent="&#160;&#160;&#160;&#160;&#160;">
			<var>$proxy</var>
			<text> </text>
			<text>=</text>
			<text> </text>
			<text>create</text>
			<text> </text>
			<text>ship</text>
			<text>:</text>
			<text> </text>
			<text>type</text>
			<text>=</text>
			<var>{Argon Freight Drone}</var>
			<text> </text>
			<text>owner</text>
			<text>=</text>
			<var>$my.owner</var>
			<text> </text>
			<text>addto</text>
			<text>=</text>
			<var>[THIS]</var>
			<text> </text>
			<text>x</text>
			<text>=</text>
			<var>0</var>
			<text> </text>
			<text>y</text>
			<text>=</text>
			<var>0</var>
			<text> </text>
			<text>z</text>
			<text>=</text>
			<var>0</var>
		</line>
		<line linenr="109" indent="&#160;&#160;&#160;&#160;">
			<text>if</text>
			<text> </text>
			<var>$proxy</var>
			<text>-&gt;</text>
			<text> </text>
			<text>exists</text>
		</line>
		<line linenr="110" indent="&#160;&#160;&#160;">
			<var>$proxy.can.transport.it</var>
			<text> </text>
			<text>=</text>
			<text> </text>
			<var>$proxy</var>
			<text> </text>
			<text>-&gt;</text>
			<text>  </text>
			<text>can</text>
			<text> </text>
			<text>transport</text>
			<text> </text>
			<text>ware</text>
			<text> </text>
			<var>$ware</var>
		</line>
		<line linenr="111" indent="&#160;&#160;">
			<var>$proxy.can.dock</var>
			<text> </text>
			<text>=</text>
			<text> </text>
			<var>$from.station</var>
			<text> </text>
			<text>-&gt;</text>
			<text> </text>
			<text>is</text>
			<text> </text>
			<text>docking</text>
			<text> </text>
			<text>possible</text>
			<text> </text>
			<text>of</text>
			<text> </text>
			<var>$proxy</var>
		</line>
		<line linenr="112" indent="&#160;">
			<var>$proxy</var>
			<text>-&gt;</text>
			<text> </text>
			<text>destruct</text>
			<text>:</text>
			<text> </text>
			<text>show</text>
			<text> </text>
			<text>no</text>
			<text> </text>
			<text>explosion</text>
			<text>=</text>
			<var>[TRUE]</var>
		</line>
		<line linenr="113" indent="&#160;">
			<text>if</text>
			<text> </text>
			<var>$proxy.can.dock</var>
			<text> </text>
			<text>and</text>
			<text> </text>
			<var>$proxy.can.transport.it</var>
		</line>
		<line linenr="114" indent="&#160;">
			<var>$use.proxy</var>
			<text> </text>
			<text>=</text>
			<text> </text>
			<var>[TRUE]</var>
		</line>
		<line linenr="115" indent="&#160;&#160;">
			<var>$try.buying</var>
			<text> </text>
			<text>=</text>
			<text> </text>
			<var>[TRUE]</var>
		</line>
		<line linenr="116" indent="&#160;&#160;">
			<text>end</text>
		</line>
		<line linenr="117" indent="&#160;&#160;">
			<text>end</text>
		</line>
		<line linenr="118" indent="&#160;&#160;">
			<text>end</text>
		</line>
		<line linenr="119" indent="&#160;&#160;">
			<text>end</text>
		</line>
		<line linenr="120" indent="&#160;&#160;&#160;">
			<text>end</text>
		</line>
		<line linenr="121" indent="&#160;&#160;&#160;">
			<text>end</text>
		</line>
		<line linenr="122" indent="&#160;&#160;" />
		<line linenr="123" indent="&#160;&#160;&#160;">
			<text>if</text>
			<text> </text>
			<var>$try.buying</var>
		</line>
		<line linenr="124" indent="&#160;&#160;">
			<comment>* Merge needed and wanted list to make sure we buy as much as possible from this station</comment>
		</line>
		<line linenr="125" indent="&#160;&#160;">
			<var>$needed.list.cnt</var>
			<text> </text>
			<text>=</text>
			<text> </text>
			<text>size</text>
			<text> </text>
			<text>of</text>
			<text> </text>
			<text>array</text>
			<text> </text>
			<var>$needed.list</var>
		</line>
		<line linenr="126" indent="&#160;&#160;&#160;">
			<var>$wanted.list.cnt</var>
			<text> </text>
			<text>=</text>
			<text> </text>
			<text>size</text>
			<text> </text>
			<text>of</text>
			<text> </text>
			<text>array</text>
			<text> </text>
			<var>$wanted.list</var>
		</line>
		<line linenr="127" indent="&#160;&#160;&#160;">
			<var>$full.list.cnt</var>
			<text> </text>
			<text>=</text>
			<text> </text>
			<var>$wanted.list.cnt</var>
			<text> </text>
			<text>+</text>
			<text> </text>
			<var>$needed.list.cnt</var>
		</line>
		<line linenr="128" indent="&#160;&#160;">
			<text>if</text>
			<text> </text>
			<var>$wanted.list.cnt</var>
			<text> </text>
			<text>&gt;</text>
			<text> </text>
			<var>0</var>
		</line>
		<line linenr="129" indent="&#160;&#160;">
			<var>$full.list</var>
			<text> </text>
			<text>=</text>
			<text> </text>
			<text>clone</text>
			<text> </text>
			<text>array</text>
			<text> </text>
			<var>$wanted.list</var>
			<text> </text>
			<text>:</text>
			<text> </text>
			<text>index</text>
			<text> </text>
			<var>null</var>
			<text> </text>
			<text>...</text>
			<text> </text>
			<var>null</var>
		</line>
		<line linenr="130" indent="&#160;&#160;">
			<text>resize</text>
			<text> </text>
			<text>array</text>
			<text> </text>
			<var>$full.list</var>
			<text> </text>
			<text>to</text>
			<text> </text>
			<var>$full.list.cnt</var>
		</line>
		<line linenr="131" indent="&#160;&#160;">
			<text>else</text>
		</line>
		<line linenr="132" indent="&#160;&#160;">
			<var>$full.list</var>
			<text> </text>
			<text>=</text>
			<text> </text>
			<text>array</text>
			<text> </text>
			<text>alloc</text>
			<text>:</text>
			<text> </text>
			<text>size</text>
			<text>=</text>
			<var>$full.list.cnt</var>
		</line>
		<line linenr="133" indent="&#160;&#160;">
			<text>end</text>
		</line>
		<line linenr="134" indent="&#160;&#160;">
			<text>if</text>
			<text> </text>
			<var>$needed.list.cnt</var>
			<text> </text>
			<text>&gt;</text>
			<text> </text>
			<var>0</var>
		</line>
		<line linenr="135" indent="&#160;&#160;">
			<text>dec</text>
			<text> </text>
			<var>$needed.list.cnt</var>
		</line>
		<line linenr="136" indent="&#160;&#160;">
			<text>copy</text>
			<text> </text>
			<text>array</text>
			<text> </text>
			<var>$needed.list</var>
			<text> </text>
			<text>index</text>
			<text> </text>
			<var>0</var>
			<text> </text>
			<text>...</text>
			<text> </text>
			<var>$needed.list.cnt</var>
			<text> </text>
			<text>into</text>
			<text> </text>
			<text>array</text>
			<text> </text>
			<var>$full.list</var>
			<text> </text>
			<text>at</text>
			<text> </text>
			<text>index</text>
			<text> </text>
			<var>$wanted.list.cnt</var>
		</line>
		<line linenr="137" indent="&#160;">
			<text>end</text>
		</line>
		<line linenr="138" indent="&#160;&#160;" />
		<line linenr="139" indent="&#160;&#160;">
			<var>$purchase.attempted</var>
			<text> </text>
			<text>=</text>
			<text> </text>
			<var>[TRUE]</var>
		</line>
		<line linenr="140" indent="&#160;">
			<var>[THIS]</var>
			<text>-&gt;</text>
			<text> </text>
			<text>set</text>
			<text> </text>
			<text>destination</text>
			<text> </text>
			<text>to</text>
			<text> </text>
			<var>$from.station</var>
		</line>
		<line linenr="141" indent="">
			<var>[THIS]</var>
			<text>-&gt;</text>
			<text> </text>
			<text>set</text>
			<text> </text>
			<text>wanted</text>
			<text> </text>
			<text>ware</text>
			<text> </text>
			<text>to</text>
			<text> </text>
			<var>$ware</var>
		</line>
		<line linenr="142" indent="">
			<var>[THIS]</var>
			<text>-&gt;</text>
			<text> </text>
			<text>set</text>
			<text> </text>
			<text>wanted</text>
			<text> </text>
			<text>ware</text>
			<text> </text>
			<text>count</text>
			<text> </text>
			<text>to</text>
			<text> </text>
			<var>$quantity</var>
		</line>
		<line linenr="143" indent="" interruptable="@">
			<text>=</text>
			<text> </text>
			<var>[THIS]</var>
			<text>-&gt;</text>
			<text> </text>
			<text>call</text>
			<text> </text>
			<text>script</text>
			<text> </text>
			<call>plugin.zanzal.shopping.buyware</call>
			<text> </text>
			<text>:</text>
			<text> </text>
			<text>station</text>
			<text>=</text>
			<var>$from.station</var>
			<text> </text>
			<text>wares.list</text>
			<text>=</text>
			<var>$full.list</var>
			<text> </text>
			<text>use.drones</text>
			<text>=</text>
			<var>$use.proxy</var>
		</line>
		<line linenr="144" indent="">
			<var>[THIS]</var>
			<text>-&gt;</text>
			<text> </text>
			<text>set</text>
			<text> </text>
			<text>destination</text>
			<text> </text>
			<text>to</text>
			<text> </text>
			<var>null</var>
		</line>
		<line linenr="145" indent="">
			<var>[THIS]</var>
			<text>-&gt;</text>
			<text> </text>
			<text>set</text>
			<text> </text>
			<text>wanted</text>
			<text> </text>
			<text>ware</text>
			<text> </text>
			<text>to</text>
			<text> </text>
			<var>null</var>
		</line>
		<line linenr="146" indent="">
			<text>else</text>
		</line>
		<line linenr="147" indent="">
			<var>$msg</var>
			<text> </text>
			<text>=</text>
			<text> </text>
			<text>sprintf</text>
			<text>:</text>
			<text> </text>
			<text>fmt</text>
			<text>=</text>
			<text>'DMS: Failed to buy item %s [DEBUG]'</text>
			<text>,</text>
			<text> </text>
			<var>$ware</var>
			<text>,</text>
			<text> </text>
			<var>null</var>
			<text>,</text>
			<text> </text>
			<var>null</var>
			<text>,</text>
			<text> </text>
			<var>null</var>
			<text>,</text>
			<text> </text>
			<var>null</var>
		</line>
		<line linenr="148" indent="">
			<text>display</text>
			<text> </text>
			<text>subtitle</text>
			<text> </text>
			<text>text</text>
			<text>:</text>
			<text> </text>
			<text>text</text>
			<text>=</text>
			<var>$msg</var>
			<text> </text>
			<text>duration</text>
			<text>=</text>
			<var>6000</var>
			<text> </text>
			<text>ms</text>
		</line>
		<line linenr="149" indent="">
			<text>end</text>
		</line>
		<line linenr="150" indent="">
			<text>endsub</text>
		</line>
	</sourcetext>
	<codearray>
		<sval type="array" size="10">
			<sval type="string" val="plugin.zanzal.shopping.command" />
			<sval type="int" val="50" />
			<sval type="string" val="" />
			<sval type="int" val="1" />
			<sval type="int" val="0" />
			<sval type="array" size="35">
				<sval type="string" val="needed.list" />
				<sval type="string" val="wanted.list" />
				<sval type="string" val="wanted.max.stops" />
				<sval type="string" val="big" />
				<sval type="string" val="huge" />
				<sval type="string" val="my.owner" />
				<sval type="string" val="needed.item" />
				<sval type="string" val="XS.Iterator1" />
				<sval type="string" val="needed.ware" />
				<sval type="string" val="needed.quantity" />
				<sval type="string" val="current.quantity" />
				<sval type="string" val="is.upgrade" />
				<sval type="string" val="is.equipment" />
				<sval type="string" val="attempts" />
				<sval type="string" val="ware" />
				<sval type="string" val="quantity" />
				<sval type="string" val="purchase.attempted" />
				<sval type="string" val="wanted.item" />
				<sval type="string" val="XS.Iterator2" />
				<sval type="string" val="wanted.ware" />
				<sval type="string" val="wanted.quantity" />
				<sval type="string" val="XS.Iterator3" />
				<sval type="string" val="from.station" />
				<sval type="string" val="use.proxy" />
				<sval type="string" val="try.buying" />
				<sval type="string" val="can.dock" />
				<sval type="string" val="freight.drones" />
				<sval type="string" val="proxy" />
				<sval type="string" val="proxy.can.transport.it" />
				<sval type="string" val="proxy.can.dock" />
				<sval type="string" val="needed.list.cnt" />
				<sval type="string" val="wanted.list.cnt" />
				<sval type="string" val="full.list.cnt" />
				<sval type="string" val="full.list" />
				<sval type="string" val="msg" />
			</sval>
			<sval type="array" size="112">
				<sval type="array" size="6">
					<sval type="int" val="705" />
					<sval type="int" val="131075" />
					<sval type="int" val="1" />
					<sval type="int" val="3" />
					<sval type="int" val="12" />
					<sval type="int" val="2073" />
				</sval>
				<sval type="array" size="6">
					<sval type="int" val="705" />
					<sval type="int" val="131075" />
					<sval type="int" val="1" />
					<sval type="int" val="4" />
					<sval type="int" val="12" />
					<sval type="int" val="2019" />
				</sval>
				<sval type="array" size="4">
					<sval type="int" val="701" />
					<sval type="int" val="131075" />
					<sval type="int" val="1" />
					<sval type="int" val="5" />
				</sval>
				<sval type="array" size="5">
					<sval type="int" val="524" />
					<sval type="int" val="131075" />
					<sval type="int" val="1" />
					<sval type="int" val="18" />
					<sval type="int" val="9" />
				</sval>
				<sval type="array" size="4">
					<sval type="int" val="131" />
					<sval type="int" val="7" />
					<sval type="int" val="131074" />
					<sval type="int" val="0" />
				</sval>
				<sval type="array" size="7">
					<sval type="int" val="104" />
					<sval type="int" val="-1610605815" />
					<sval type="int" val="1" />
					<sval type="int" val="131074" />
					<sval type="int" val="7" />
					<sval type="int" val="1" />
					<sval type="int" val="-1" />
				</sval>
				<sval type="array" size="2">
					<sval type="int" val="143" />
					<sval type="int" val="7" />
				</sval>
				<sval type="array" size="6">
					<sval type="int" val="129" />
					<sval type="int" val="6" />
					<sval type="int" val="131074" />
					<sval type="int" val="0" />
					<sval type="int" val="131074" />
					<sval type="int" val="7" />
				</sval>
				<sval type="array" size="6">
					<sval type="int" val="129" />
					<sval type="int" val="8" />
					<sval type="int" val="131074" />
					<sval type="int" val="6" />
					<sval type="int" val="4" />
					<sval type="int" val="1" />
				</sval>
				<sval type="array" size="6">
					<sval type="int" val="129" />
					<sval type="int" val="9" />
					<sval type="int" val="131074" />
					<sval type="int" val="6" />
					<sval type="int" val="4" />
					<sval type="int" val="0" />
				</sval>
				<sval type="array" size="6">
					<sval type="int" val="618" />
					<sval type="int" val="131075" />
					<sval type="int" val="1" />
					<sval type="int" val="10" />
					<sval type="int" val="131074" />
					<sval type="int" val="8" />
				</sval>
				<sval type="array" size="13">
					<sval type="int" val="104" />
					<sval type="int" val="9" />
					<sval type="int" val="3" />
					<sval type="int" val="131074" />
					<sval type="int" val="9" />
					<sval type="int" val="131074" />
					<sval type="int" val="10" />
					<sval type="int" val="15" />
					<sval type="int" val="12" />
					<sval type="int" val="3" />
					<sval type="int" val="-1" />
					<sval type="int" val="12" />
					<sval type="int" val="-2" />
				</sval>
				<sval type="array" size="4">
					<sval type="int" val="1480" />
					<sval type="int" val="11" />
					<sval type="int" val="131074" />
					<sval type="int" val="8" />
				</sval>
				<sval type="array" size="4">
					<sval type="int" val="1479" />
					<sval type="int" val="12" />
					<sval type="int" val="131074" />
					<sval type="int" val="8" />
				</sval>
				<sval type="array" size="7">
					<sval type="int" val="104" />
					<sval type="int" val="13" />
					<sval type="int" val="1" />
					<sval type="int" val="4" />
					<sval type="int" val="0" />
					<sval type="int" val="1" />
					<sval type="int" val="-1" />
				</sval>
				<sval type="array" size="25">
					<sval type="int" val="104" />
					<sval type="int" val="-1610606071" />
					<sval type="int" val="7" />
					<sval type="int" val="131074" />
					<sval type="int" val="9" />
					<sval type="int" val="4" />
					<sval type="int" val="0" />
					<sval type="int" val="15" />
					<sval type="int" val="2" />
					<sval type="int" val="131074" />
					<sval type="int" val="13" />
					<sval type="int" val="4" />
					<sval type="int" val="99" />
					<sval type="int" val="15" />
					<sval type="int" val="3" />
					<sval type="int" val="15" />
					<sval type="int" val="9" />
					<sval type="int" val="7" />
					<sval type="int" val="-1" />
					<sval type="int" val="2" />
					<sval type="int" val="-2" />
					<sval type="int" val="9" />
					<sval type="int" val="-4" />
					<sval type="int" val="3" />
					<sval type="int" val="-5" />
				</sval>
				<sval type="array" size="10">
					<sval type="int" val="102" />
					<sval type="string" val="plugin.zanzal.shopping.refuel" />
					<sval type="int" val="-2147483647" />
					<sval type="int" val="131075" />
					<sval type="int" val="1" />
					<sval type="int" val="2" />
					<sval type="int" val="4" />
					<sval type="int" val="50" />
					<sval type="int" val="4" />
					<sval type="int" val="100" />
				</sval>
				<sval type="array" size="7">
					<sval type="int" val="104" />
					<sval type="int" val="14" />
					<sval type="int" val="1" />
					<sval type="int" val="131074" />
					<sval type="int" val="8" />
					<sval type="int" val="1" />
					<sval type="int" val="-1" />
				</sval>
				<sval type="array" size="7">
					<sval type="int" val="104" />
					<sval type="int" val="15" />
					<sval type="int" val="1" />
					<sval type="int" val="131074" />
					<sval type="int" val="9" />
					<sval type="int" val="1" />
					<sval type="int" val="-1" />
				</sval>
				<sval type="array" size="7">
					<sval type="int" val="104" />
					<sval type="int" val="16" />
					<sval type="int" val="1" />
					<sval type="int" val="131075" />
					<sval type="int" val="9" />
					<sval type="int" val="1" />
					<sval type="int" val="-1" />
				</sval>
				<sval type="array" size="2">
					<sval type="int" val="1167" />
					<sval type="int" val="62" />
				</sval>
				<sval type="array" size="7">
					<sval type="int" val="104" />
					<sval type="int" val="-536864764" />
					<sval type="int" val="1" />
					<sval type="int" val="131074" />
					<sval type="int" val="16" />
					<sval type="int" val="1" />
					<sval type="int" val="-1" />
				</sval>
				<sval type="array" size="2">
					<sval type="int" val="112" />
					<sval type="int" val="26" />
				</sval>
				<sval type="array" size="2">
					<sval type="int" val="112" />
					<sval type="int" val="25" />
				</sval>
				<sval type="array" size="2">
					<sval type="int" val="142" />
					<sval type="int" val="13" />
				</sval>
				<sval type="array" size="2">
					<sval type="int" val="112" />
					<sval type="int" val="15" />
				</sval>
				<sval type="array" size="2">
					<sval type="int" val="112" />
					<sval type="int" val="5" />
				</sval>
				<sval type="array" size="4">
					<sval type="int" val="131" />
					<sval type="int" val="18" />
					<sval type="int" val="131074" />
					<sval type="int" val="1" />
				</sval>
				<sval type="array" size="7">
					<sval type="int" val="104" />
					<sval type="int" val="-1610599927" />
					<sval type="int" val="1" />
					<sval type="int" val="131074" />
					<sval type="int" val="18" />
					<sval type="int" val="1" />
					<sval type="int" val="-1" />
				</sval>
				<sval type="array" size="2">
					<sval type="int" val="143" />
					<sval type="int" val="18" />
				</sval>
				<sval type="array" size="6">
					<sval type="int" val="129" />
					<sval type="int" val="17" />
					<sval type="int" val="131074" />
					<sval type="int" val="1" />
					<sval type="int" val="131074" />
					<sval type="int" val="18" />
				</sval>
				<sval type="array" size="6">
					<sval type="int" val="129" />
					<sval type="int" val="19" />
					<sval type="int" val="131074" />
					<sval type="int" val="17" />
					<sval type="int" val="4" />
					<sval type="int" val="1" />
				</sval>
				<sval type="array" size="6">
					<sval type="int" val="129" />
					<sval type="int" val="20" />
					<sval type="int" val="131074" />
					<sval type="int" val="17" />
					<sval type="int" val="4" />
					<sval type="int" val="0" />
				</sval>
				<sval type="array" size="6">
					<sval type="int" val="618" />
					<sval type="int" val="131075" />
					<sval type="int" val="1" />
					<sval type="int" val="10" />
					<sval type="int" val="131074" />
					<sval type="int" val="19" />
				</sval>
				<sval type="array" size="13">
					<sval type="int" val="104" />
					<sval type="int" val="20" />
					<sval type="int" val="3" />
					<sval type="int" val="131074" />
					<sval type="int" val="20" />
					<sval type="int" val="131074" />
					<sval type="int" val="10" />
					<sval type="int" val="15" />
					<sval type="int" val="12" />
					<sval type="int" val="3" />
					<sval type="int" val="-1" />
					<sval type="int" val="12" />
					<sval type="int" val="-2" />
				</sval>
				<sval type="array" size="4">
					<sval type="int" val="1480" />
					<sval type="int" val="11" />
					<sval type="int" val="131074" />
					<sval type="int" val="19" />
				</sval>
				<sval type="array" size="4">
					<sval type="int" val="1479" />
					<sval type="int" val="12" />
					<sval type="int" val="131074" />
					<sval type="int" val="19" />
				</sval>
				<sval type="array" size="7">
					<sval type="int" val="104" />
					<sval type="int" val="13" />
					<sval type="int" val="1" />
					<sval type="int" val="4" />
					<sval type="int" val="0" />
					<sval type="int" val="1" />
					<sval type="int" val="-1" />
				</sval>
				<sval type="array" size="25">
					<sval type="int" val="104" />
					<sval type="int" val="-1610600183" />
					<sval type="int" val="7" />
					<sval type="int" val="131074" />
					<sval type="int" val="20" />
					<sval type="int" val="4" />
					<sval type="int" val="0" />
					<sval type="int" val="15" />
					<sval type="int" val="2" />
					<sval type="int" val="131074" />
					<sval type="int" val="13" />
					<sval type="int" val="131074" />
					<sval type="int" val="2" />
					<sval type="int" val="15" />
					<sval type="int" val="3" />
					<sval type="int" val="15" />
					<sval type="int" val="9" />
					<sval type="int" val="7" />
					<sval type="int" val="-1" />
					<sval type="int" val="2" />
					<sval type="int" val="-2" />
					<sval type="int" val="9" />
					<sval type="int" val="-4" />
					<sval type="int" val="3" />
					<sval type="int" val="-5" />
				</sval>
				<sval type="array" size="10">
					<sval type="int" val="102" />
					<sval type="string" val="plugin.zanzal.shopping.refuel" />
					<sval type="int" val="-2147483647" />
					<sval type="int" val="131075" />
					<sval type="int" val="1" />
					<sval type="int" val="2" />
					<sval type="int" val="4" />
					<sval type="int" val="50" />
					<sval type="int" val="4" />
					<sval type="int" val="100" />
				</sval>
				<sval type="array" size="7">
					<sval type="int" val="104" />
					<sval type="int" val="14" />
					<sval type="int" val="1" />
					<sval type="int" val="131074" />
					<sval type="int" val="19" />
					<sval type="int" val="1" />
					<sval type="int" val="-1" />
				</sval>
				<sval type="array" size="7">
					<sval type="int" val="104" />
					<sval type="int" val="15" />
					<sval type="int" val="1" />
					<sval type="int" val="131074" />
					<sval type="int" val="20" />
					<sval type="int" val="1" />
					<sval type="int" val="-1" />
				</sval>
				<sval type="array" size="7">
					<sval type="int" val="104" />
					<sval type="int" val="16" />
					<sval type="int" val="1" />
					<sval type="int" val="131075" />
					<sval type="int" val="9" />
					<sval type="int" val="1" />
					<sval type="int" val="-1" />
				</sval>
				<sval type="array" size="2">
					<sval type="int" val="1167" />
					<sval type="int" val="62" />
				</sval>
				<sval type="array" size="7">
					<sval type="int" val="104" />
					<sval type="int" val="-536858876" />
					<sval type="int" val="1" />
					<sval type="int" val="131074" />
					<sval type="int" val="16" />
					<sval type="int" val="1" />
					<sval type="int" val="-1" />
				</sval>
				<sval type="array" size="2">
					<sval type="int" val="112" />
					<sval type="int" val="49" />
				</sval>
				<sval type="array" size="2">
					<sval type="int" val="112" />
					<sval type="int" val="48" />
				</sval>
				<sval type="array" size="2">
					<sval type="int" val="142" />
					<sval type="int" val="13" />
				</sval>
				<sval type="array" size="2">
					<sval type="int" val="112" />
					<sval type="int" val="38" />
				</sval>
				<sval type="array" size="2">
					<sval type="int" val="112" />
					<sval type="int" val="28" />
				</sval>
				<sval type="array" size="4">
					<sval type="int" val="131" />
					<sval type="int" val="21" />
					<sval type="int" val="131074" />
					<sval type="int" val="0" />
				</sval>
				<sval type="array" size="7">
					<sval type="int" val="104" />
					<sval type="int" val="-1610597111" />
					<sval type="int" val="1" />
					<sval type="int" val="131074" />
					<sval type="int" val="21" />
					<sval type="int" val="1" />
					<sval type="int" val="-1" />
				</sval>
				<sval type="array" size="2">
					<sval type="int" val="143" />
					<sval type="int" val="21" />
				</sval>
				<sval type="array" size="6">
					<sval type="int" val="129" />
					<sval type="int" val="6" />
					<sval type="int" val="131074" />
					<sval type="int" val="0" />
					<sval type="int" val="131074" />
					<sval type="int" val="21" />
				</sval>
				<sval type="array" size="6">
					<sval type="int" val="129" />
					<sval type="int" val="8" />
					<sval type="int" val="131074" />
					<sval type="int" val="6" />
					<sval type="int" val="4" />
					<sval type="int" val="1" />
				</sval>
				<sval type="array" size="6">
					<sval type="int" val="129" />
					<sval type="int" val="9" />
					<sval type="int" val="131074" />
					<sval type="int" val="6" />
					<sval type="int" val="4" />
					<sval type="int" val="0" />
				</sval>
				<sval type="array" size="6">
					<sval type="int" val="618" />
					<sval type="int" val="131075" />
					<sval type="int" val="1" />
					<sval type="int" val="10" />
					<sval type="int" val="131074" />
					<sval type="int" val="8" />
				</sval>
				<sval type="array" size="13">
					<sval type="int" val="104" />
					<sval type="int" val="9" />
					<sval type="int" val="3" />
					<sval type="int" val="131074" />
					<sval type="int" val="9" />
					<sval type="int" val="131074" />
					<sval type="int" val="10" />
					<sval type="int" val="15" />
					<sval type="int" val="12" />
					<sval type="int" val="3" />
					<sval type="int" val="-1" />
					<sval type="int" val="12" />
					<sval type="int" val="-2" />
				</sval>
				<sval type="array" size="13">
					<sval type="int" val="104" />
					<sval type="int" val="-536855545" />
					<sval type="int" val="3" />
					<sval type="int" val="131074" />
					<sval type="int" val="9" />
					<sval type="int" val="4" />
					<sval type="int" val="0" />
					<sval type="int" val="15" />
					<sval type="int" val="5" />
					<sval type="int" val="3" />
					<sval type="int" val="-1" />
					<sval type="int" val="5" />
					<sval type="int" val="-2" />
				</sval>
				<sval type="array" size="3">
					<sval type="int" val="103" />
					<sval type="int" val="131075" />
					<sval type="int" val="9" />
				</sval>
				<sval type="array" size="2">
					<sval type="int" val="112" />
					<sval type="int" val="51" />
				</sval>
				<sval type="array" size="3">
					<sval type="int" val="103" />
					<sval type="int" val="131075" />
					<sval type="int" val="10" />
				</sval>
				<sval type="array" size="2">
					<sval type="int" val="101" />
					<sval type="string" val="attempt_purchase" />
				</sval>
				<sval type="array" size="16">
					<sval type="int" val="663" />
					<sval type="int" val="22" />
					<sval type="int" val="131074" />
					<sval type="int" val="14" />
					<sval type="int" val="0" />
					<sval type="int" val="0" />
					<sval type="int" val="4" />
					<sval type="int" val="1" />
					<sval type="int" val="4" />
					<sval type="int" val="40" />
					<sval type="int" val="131075" />
					<sval type="int" val="6" />
					<sval type="int" val="131075" />
					<sval type="int" val="1" />
					<sval type="int" val="0" />
					<sval type="int" val="0" />
				</sval>
				<sval type="array" size="2">
					<sval type="int" val="1167" />
					<sval type="int" val="69" />
				</sval>
				<sval type="array" size="7">
					<sval type="int" val="104" />
					<sval type="int" val="-536853500" />
					<sval type="int" val="1" />
					<sval type="int" val="131074" />
					<sval type="int" val="16" />
					<sval type="int" val="1" />
					<sval type="int" val="-1" />
				</sval>
				<sval type="array" size="16">
					<sval type="int" val="606" />
					<sval type="int" val="22" />
					<sval type="int" val="131074" />
					<sval type="int" val="14" />
					<sval type="int" val="0" />
					<sval type="int" val="0" />
					<sval type="int" val="4" />
					<sval type="int" val="1" />
					<sval type="int" val="4" />
					<sval type="int" val="40" />
					<sval type="int" val="131075" />
					<sval type="int" val="6" />
					<sval type="int" val="131075" />
					<sval type="int" val="1" />
					<sval type="int" val="0" />
					<sval type="int" val="0" />
				</sval>
				<sval type="array" size="2">
					<sval type="int" val="1167" />
					<sval type="int" val="69" />
				</sval>
				<sval type="array" size="1">
					<sval type="int" val="1168" />
				</sval>
				<sval type="array" size="2">
					<sval type="int" val="101" />
					<sval type="string" val="check_station_and_buy" />
				</sval>
				<sval type="array" size="7">
					<sval type="int" val="104" />
					<sval type="int" val="23" />
					<sval type="int" val="1" />
					<sval type="int" val="131075" />
					<sval type="int" val="9" />
					<sval type="int" val="1" />
					<sval type="int" val="-1" />
				</sval>
				<sval type="array" size="7">
					<sval type="int" val="104" />
					<sval type="int" val="24" />
					<sval type="int" val="1" />
					<sval type="int" val="131075" />
					<sval type="int" val="9" />
					<sval type="int" val="1" />
					<sval type="int" val="-1" />
				</sval>
				<sval type="array" size="4">
					<sval type="int" val="706" />
					<sval type="int" val="131074" />
					<sval type="int" val="22" />
					<sval type="int" val="-1610589949" />
				</sval>
				<sval type="array" size="6">
					<sval type="int" val="513" />
					<sval type="int" val="131075" />
					<sval type="int" val="1" />
					<sval type="int" val="-1610589949" />
					<sval type="int" val="131074" />
					<sval type="int" val="22" />
				</sval>
				<sval type="array" size="6">
					<sval type="int" val="746" />
					<sval type="int" val="131074" />
					<sval type="int" val="22" />
					<sval type="int" val="25" />
					<sval type="int" val="131075" />
					<sval type="int" val="1" />
				</sval>
				<sval type="array" size="7">
					<sval type="int" val="104" />
					<sval type="int" val="-1610592765" />
					<sval type="int" val="1" />
					<sval type="int" val="131074" />
					<sval type="int" val="25" />
					<sval type="int" val="1" />
					<sval type="int" val="-1" />
				</sval>
				<sval type="array" size="7">
					<sval type="int" val="104" />
					<sval type="int" val="24" />
					<sval type="int" val="1" />
					<sval type="int" val="131075" />
					<sval type="int" val="10" />
					<sval type="int" val="1" />
					<sval type="int" val="-1" />
				</sval>
				<sval type="array" size="2">
					<sval type="int" val="112" />
					<sval type="int" val="89" />
				</sval>
				<sval type="array" size="15">
					<sval type="int" val="104" />
					<sval type="int" val="-1610589947" />
					<sval type="int" val="3" />
					<sval type="int" val="131074" />
					<sval type="int" val="3" />
					<sval type="int" val="131074" />
					<sval type="int" val="4" />
					<sval type="int" val="15" />
					<sval type="int" val="10" />
					<sval type="int" val="5" />
					<sval type="int" val="16" />
					<sval type="int" val="-1" />
					<sval type="int" val="10" />
					<sval type="int" val="-2" />
					<sval type="int" val="17" />
				</sval>
				<sval type="array" size="6">
					<sval type="int" val="618" />
					<sval type="int" val="131075" />
					<sval type="int" val="1" />
					<sval type="int" val="26" />
					<sval type="int" val="9" />
					<sval type="int" val="1048656" />
				</sval>
				<sval type="array" size="13">
					<sval type="int" val="104" />
					<sval type="int" val="-1610589949" />
					<sval type="int" val="3" />
					<sval type="int" val="131074" />
					<sval type="int" val="26" />
					<sval type="int" val="4" />
					<sval type="int" val="0" />
					<sval type="int" val="15" />
					<sval type="int" val="2" />
					<sval type="int" val="3" />
					<sval type="int" val="-1" />
					<sval type="int" val="2" />
					<sval type="int" val="-2" />
				</sval>
				<sval type="array" size="14">
					<sval type="int" val="739" />
					<sval type="int" val="27" />
					<sval type="int" val="9" />
					<sval type="int" val="459046" />
					<sval type="int" val="131074" />
					<sval type="int" val="5" />
					<sval type="int" val="131075" />
					<sval type="int" val="1" />
					<sval type="int" val="4" />
					<sval type="int" val="0" />
					<sval type="int" val="4" />
					<sval type="int" val="0" />
					<sval type="int" val="4" />
					<sval type="int" val="0" />
				</sval>
				<sval type="array" size="4">
					<sval type="int" val="706" />
					<sval type="int" val="131074" />
					<sval type="int" val="27" />
					<sval type="int" val="-1610589949" />
				</sval>
				<sval type="array" size="6">
					<sval type="int" val="617" />
					<sval type="int" val="131074" />
					<sval type="int" val="27" />
					<sval type="int" val="28" />
					<sval type="int" val="131074" />
					<sval type="int" val="14" />
				</sval>
				<sval type="array" size="6">
					<sval type="int" val="746" />
					<sval type="int" val="131074" />
					<sval type="int" val="22" />
					<sval type="int" val="29" />
					<sval type="int" val="131074" />
					<sval type="int" val="27" />
				</sval>
				<sval type="array" size="5">
					<sval type="int" val="765" />
					<sval type="int" val="131074" />
					<sval type="int" val="27" />
					<sval type="int" val="131075" />
					<sval type="int" val="10" />
				</sval>
				<sval type="array" size="13">
					<sval type="int" val="104" />
					<sval type="int" val="-1610589949" />
					<sval type="int" val="3" />
					<sval type="int" val="131074" />
					<sval type="int" val="29" />
					<sval type="int" val="131074" />
					<sval type="int" val="28" />
					<sval type="int" val="15" />
					<sval type="int" val="9" />
					<sval type="int" val="3" />
					<sval type="int" val="-1" />
					<sval type="int" val="9" />
					<sval type="int" val="-2" />
				</sval>
				<sval type="array" size="7">
					<sval type="int" val="104" />
					<sval type="int" val="23" />
					<sval type="int" val="1" />
					<sval type="int" val="131075" />
					<sval type="int" val="10" />
					<sval type="int" val="1" />
					<sval type="int" val="-1" />
				</sval>
				<sval type="array" size="7">
					<sval type="int" val="104" />
					<sval type="int" val="24" />
					<sval type="int" val="1" />
					<sval type="int" val="131075" />
					<sval type="int" val="10" />
					<sval type="int" val="1" />
					<sval type="int" val="-1" />
				</sval>
				<sval type="array" size="7">
					<sval type="int" val="104" />
					<sval type="int" val="-1610584829" />
					<sval type="int" val="1" />
					<sval type="int" val="131074" />
					<sval type="int" val="24" />
					<sval type="int" val="1" />
					<sval type="int" val="-1" />
				</sval>
				<sval type="array" size="4">
					<sval type="int" val="131" />
					<sval type="int" val="30" />
					<sval type="int" val="131074" />
					<sval type="int" val="0" />
				</sval>
				<sval type="array" size="4">
					<sval type="int" val="131" />
					<sval type="int" val="31" />
					<sval type="int" val="131074" />
					<sval type="int" val="1" />
				</sval>
				<sval type="array" size="13">
					<sval type="int" val="104" />
					<sval type="int" val="32" />
					<sval type="int" val="3" />
					<sval type="int" val="131074" />
					<sval type="int" val="31" />
					<sval type="int" val="131074" />
					<sval type="int" val="30" />
					<sval type="int" val="15" />
					<sval type="int" val="11" />
					<sval type="int" val="3" />
					<sval type="int" val="-1" />
					<sval type="int" val="11" />
					<sval type="int" val="-2" />
				</sval>
				<sval type="array" size="13">
					<sval type="int" val="104" />
					<sval type="int" val="-1610587901" />
					<sval type="int" val="3" />
					<sval type="int" val="131074" />
					<sval type="int" val="31" />
					<sval type="int" val="4" />
					<sval type="int" val="0" />
					<sval type="int" val="15" />
					<sval type="int" val="2" />
					<sval type="int" val="3" />
					<sval type="int" val="-1" />
					<sval type="int" val="2" />
					<sval type="int" val="-2" />
				</sval>
				<sval type="array" size="8">
					<sval type="int" val="132" />
					<sval type="int" val="33" />
					<sval type="int" val="131074" />
					<sval type="int" val="1" />
					<sval type="int" val="0" />
					<sval type="int" val="0" />
					<sval type="int" val="0" />
					<sval type="int" val="0" />
				</sval>
				<sval type="array" size="5">
					<sval type="int" val="137" />
					<sval type="int" val="131074" />
					<sval type="int" val="33" />
					<sval type="int" val="131074" />
					<sval type="int" val="32" />
				</sval>
				<sval type="array" size="2">
					<sval type="int" val="112" />
					<sval type="int" val="98" />
				</sval>
				<sval type="array" size="4">
					<sval type="int" val="128" />
					<sval type="int" val="33" />
					<sval type="int" val="131074" />
					<sval type="int" val="32" />
				</sval>
				<sval type="array" size="13">
					<sval type="int" val="104" />
					<sval type="int" val="-1610586877" />
					<sval type="int" val="3" />
					<sval type="int" val="131074" />
					<sval type="int" val="30" />
					<sval type="int" val="4" />
					<sval type="int" val="0" />
					<sval type="int" val="15" />
					<sval type="int" val="2" />
					<sval type="int" val="3" />
					<sval type="int" val="-1" />
					<sval type="int" val="2" />
					<sval type="int" val="-2" />
				</sval>
				<sval type="array" size="2">
					<sval type="int" val="143" />
					<sval type="int" val="30" />
				</sval>
				<sval type="array" size="11">
					<sval type="int" val="133" />
					<sval type="int" val="131074" />
					<sval type="int" val="33" />
					<sval type="int" val="131074" />
					<sval type="int" val="31" />
					<sval type="int" val="131074" />
					<sval type="int" val="0" />
					<sval type="int" val="4" />
					<sval type="int" val="0" />
					<sval type="int" val="131074" />
					<sval type="int" val="30" />
				</sval>
				<sval type="array" size="7">
					<sval type="int" val="104" />
					<sval type="int" val="16" />
					<sval type="int" val="1" />
					<sval type="int" val="131075" />
					<sval type="int" val="10" />
					<sval type="int" val="1" />
					<sval type="int" val="-1" />
				</sval>
				<sval type="array" size="5">
					<sval type="int" val="519" />
					<sval type="int" val="131075" />
					<sval type="int" val="1" />
					<sval type="int" val="131074" />
					<sval type="int" val="22" />
				</sval>
				<sval type="array" size="5">
					<sval type="int" val="650" />
					<sval type="int" val="131075" />
					<sval type="int" val="1" />
					<sval type="int" val="131074" />
					<sval type="int" val="14" />
				</sval>
				<sval type="array" size="5">
					<sval type="int" val="649" />
					<sval type="int" val="131075" />
					<sval type="int" val="1" />
					<sval type="int" val="131074" />
					<sval type="int" val="15" />
				</sval>
				<sval type="array" size="12">
					<sval type="int" val="102" />
					<sval type="string" val="plugin.zanzal.shopping.buyware" />
					<sval type="int" val="-2147483647" />
					<sval type="int" val="131075" />
					<sval type="int" val="1" />
					<sval type="int" val="3" />
					<sval type="int" val="131074" />
					<sval type="int" val="22" />
					<sval type="int" val="131074" />
					<sval type="int" val="33" />
					<sval type="int" val="131074" />
					<sval type="int" val="23" />
				</sval>
				<sval type="array" size="5">
					<sval type="int" val="519" />
					<sval type="int" val="131075" />
					<sval type="int" val="1" />
					<sval type="int" val="0" />
					<sval type="int" val="0" />
				</sval>
				<sval type="array" size="5">
					<sval type="int" val="650" />
					<sval type="int" val="131075" />
					<sval type="int" val="1" />
					<sval type="int" val="0" />
					<sval type="int" val="0" />
				</sval>
				<sval type="array" size="2">
					<sval type="int" val="112" />
					<sval type="int" val="111" />
				</sval>
				<sval type="array" size="14">
					<sval type="int" val="149" />
					<sval type="int" val="34" />
					<sval type="int" val="5" />
					<sval type="string" val="DMS: Failed to buy item %s [DEBUG]" />
					<sval type="int" val="131074" />
					<sval type="int" val="14" />
					<sval type="int" val="0" />
					<sval type="int" val="0" />
					<sval type="int" val="0" />
					<sval type="int" val="0" />
					<sval type="int" val="0" />
					<sval type="int" val="0" />
					<sval type="int" val="0" />
					<sval type="int" val="0" />
				</sval>
				<sval type="array" size="5">
					<sval type="int" val="1418" />
					<sval type="int" val="131074" />
					<sval type="int" val="34" />
					<sval type="int" val="4" />
					<sval type="int" val="6000" />
				</sval>
				<sval type="array" size="1">
					<sval type="int" val="1168" />
				</sval>
			</sval>
			<sval type="array" size="3">
				<sval type="array" size="2">
					<sval type="int" val="45" />
					<sval type="string" val="" />
				</sval>
				<sval type="array" size="2">
					<sval type="int" val="45" />
					<sval type="string" val="" />
				</sval>
				<sval type="array" size="2">
					<sval type="int" val="10" />
					<sval type="string" val="" />
				</sval>
			</sval>
			<sval type="array" size="50">
				<sval type="array" size="3">
					<sval type="int" val="0" />
					<sval type="int" val="1" />
					<sval type="string" val="************************************************" />
				</sval>
				<sval type="array" size="3">
					<sval type="int" val="0" />
					<sval type="int" val="1" />
					<sval type="string" val="SCRIPT NAME: plugin.zanzal.shopping.command" />
				</sval>
				<sval type="array" size="3">
					<sval type="int" val="0" />
					<sval type="int" val="1" />
					<sval type="string" val="DESCRIPTION: Shops for items of two categories: needed and wanted." />
				</sval>
				<sval type="array" size="3">
					<sval type="int" val="0" />
					<sval type="int" val="1" />
					<sval type="string" val="" />
				</sval>
				<sval type="array" size="3">
					<sval type="int" val="0" />
					<sval type="int" val="1" />
					<sval type="string" val="AUTHOR: Zanzal           DATE: 28 December 2013" />
				</sval>
				<sval type="array" size="3">
					<sval type="int" val="0" />
					<sval type="int" val="1" />
					<sval type="string" val="************************************************" />
				</sval>
				<sval type="array" size="2">
					<sval type="int" val="0" />
					<sval type="int" val="2" />
				</sval>
				<sval type="array" size="2">
					<sval type="int" val="3" />
					<sval type="int" val="2" />
				</sval>
				<sval type="array" size="2">
					<sval type="int" val="4" />
					<sval type="int" val="2" />
				</sval>
				<sval type="array" size="2">
					<sval type="int" val="8" />
					<sval type="int" val="2" />
				</sval>
				<sval type="array" size="2">
					<sval type="int" val="23" />
					<sval type="int" val="7" />
				</sval>
				<sval type="array" size="2">
					<sval type="int" val="24" />
					<sval type="int" val="5" />
				</sval>
				<sval type="array" size="2">
					<sval type="int" val="25" />
					<sval type="int" val="4" />
				</sval>
				<sval type="array" size="2">
					<sval type="int" val="26" />
					<sval type="int" val="4" />
				</sval>
				<sval type="array" size="2">
					<sval type="int" val="27" />
					<sval type="int" val="4" />
				</sval>
				<sval type="array" size="2">
					<sval type="int" val="27" />
					<sval type="int" val="2" />
				</sval>
				<sval type="array" size="2">
					<sval type="int" val="27" />
					<sval type="int" val="2" />
				</sval>
				<sval type="array" size="2">
					<sval type="int" val="38" />
					<sval type="int" val="2" />
				</sval>
				<sval type="array" size="3">
					<sval type="int" val="39" />
					<sval type="int" val="1" />
					<sval type="string" val="Check and refuel" />
				</sval>
				<sval type="array" size="2">
					<sval type="int" val="46" />
					<sval type="int" val="7" />
				</sval>
				<sval type="array" size="2">
					<sval type="int" val="47" />
					<sval type="int" val="5" />
				</sval>
				<sval type="array" size="2">
					<sval type="int" val="48" />
					<sval type="int" val="4" />
				</sval>
				<sval type="array" size="2">
					<sval type="int" val="49" />
					<sval type="int" val="4" />
				</sval>
				<sval type="array" size="2">
					<sval type="int" val="50" />
					<sval type="int" val="4" />
				</sval>
				<sval type="array" size="2">
					<sval type="int" val="50" />
					<sval type="int" val="2" />
				</sval>
				<sval type="array" size="2">
					<sval type="int" val="50" />
					<sval type="int" val="2" />
				</sval>
				<sval type="array" size="2">
					<sval type="int" val="61" />
					<sval type="int" val="4" />
				</sval>
				<sval type="array" size="2">
					<sval type="int" val="61" />
					<sval type="int" val="2" />
				</sval>
				<sval type="array" size="2">
					<sval type="int" val="62" />
					<sval type="int" val="2" />
				</sval>
				<sval type="array" size="3">
					<sval type="int" val="63" />
					<sval type="int" val="1" />
					<sval type="string" val="-&gt; $ware" />
				</sval>
				<sval type="array" size="3">
					<sval type="int" val="63" />
					<sval type="int" val="1" />
					<sval type="string" val="-&gt; $quantity" />
				</sval>
				<sval type="array" size="2">
					<sval type="int" val="65" />
					<sval type="int" val="2" />
				</sval>
				<sval type="array" size="2">
					<sval type="int" val="68" />
					<sval type="int" val="4" />
				</sval>
				<sval type="array" size="2">
					<sval type="int" val="69" />
					<sval type="int" val="2" />
				</sval>
				<sval type="array" size="2">
					<sval type="int" val="72" />
					<sval type="int" val="2" />
				</sval>
				<sval type="array" size="3">
					<sval type="int" val="81" />
					<sval type="int" val="1" />
					<sval type="string" val="This should fail if the ship has no free docking ports." />
				</sval>
				<sval type="array" size="2">
					<sval type="int" val="89" />
					<sval type="int" val="4" />
				</sval>
				<sval type="array" size="2">
					<sval type="int" val="89" />
					<sval type="int" val="4" />
				</sval>
				<sval type="array" size="2">
					<sval type="int" val="89" />
					<sval type="int" val="4" />
				</sval>
				<sval type="array" size="2">
					<sval type="int" val="89" />
					<sval type="int" val="4" />
				</sval>
				<sval type="array" size="2">
					<sval type="int" val="89" />
					<sval type="int" val="4" />
				</sval>
				<sval type="array" size="2">
					<sval type="int" val="89" />
					<sval type="int" val="4" />
				</sval>
				<sval type="array" size="2">
					<sval type="int" val="89" />
					<sval type="int" val="2" />
				</sval>
				<sval type="array" size="3">
					<sval type="int" val="90" />
					<sval type="int" val="1" />
					<sval type="string" val="Merge needed and wanted list to make sure we buy as much as possible from this station" />
				</sval>
				<sval type="array" size="2">
					<sval type="int" val="97" />
					<sval type="int" val="5" />
				</sval>
				<sval type="array" size="2">
					<sval type="int" val="98" />
					<sval type="int" val="4" />
				</sval>
				<sval type="array" size="2">
					<sval type="int" val="101" />
					<sval type="int" val="4" />
				</sval>
				<sval type="array" size="2">
					<sval type="int" val="101" />
					<sval type="int" val="2" />
				</sval>
				<sval type="array" size="2">
					<sval type="int" val="109" />
					<sval type="int" val="5" />
				</sval>
				<sval type="array" size="2">
					<sval type="int" val="111" />
					<sval type="int" val="4" />
				</sval>
			</sval>
			<sval type="int" val="0" />
		</sval>
	</codearray>
</script>
