<?xml version="1.0" standalone="yes"?>
<?xml-stylesheet href="x2script.xsl" type="text/xsl"?>
<!-- Generated using X-Studio -->
<script>
	<name>plugin.zanzal.getshipvalue</name>
	<version>1</version>
	<engineversion>50</engineversion>
	<description></description>
	<arguments>
		<argument index="1" name="ship" type="Var/Ship" desc="" />
	</arguments>
	<sourcetext>
		<line linenr="001" indent="">
			<comment>*************************************************</comment>
		</line>
		<line linenr="002" indent="">
			<comment>* SCRIPT NAME: plugin.zanzal.getshipvalue</comment>
		</line>
		<line linenr="003" indent="">
			<comment>* DESCRIPTION: Try and calculate the value of $ship</comment>
		</line>
		<line linenr="004" indent="">
			<comment>* </comment>
		</line>
		<line linenr="005" indent="">
			<comment>* AUTHOR: Zanzal          DATE: 3 January 2014</comment>
		</line>
		<line linenr="006" indent="">
			<comment>*************************************************</comment>
		</line>
		<line linenr="007" indent="">
			<var>$ware</var>
			<text> </text>
			<text>=</text>
			<text> </text>
			<var>$ship</var>
			<text> </text>
			<text>-&gt;</text>
			<text> </text>
			<text>get</text>
			<text> </text>
			<text>ware</text>
			<text> </text>
			<text>type</text>
			<text> </text>
			<text>code</text>
			<text> </text>
			<text>of</text>
			<text> </text>
			<text>object</text>
		</line>
		<line linenr="008" indent="">
			<var>$value</var>
			<text> </text>
			<text>=</text>
			<text> </text>
			<text>get</text>
			<text> </text>
			<text>average</text>
			<text> </text>
			<text>price</text>
			<text> </text>
			<text>of</text>
			<text> </text>
			<text>ware</text>
			<text> </text>
			<var>$ware</var>
		</line>
		<line linenr="009" indent="">
			<var>$mt.laser</var>
			<text> </text>
			<text>=</text>
			<text> </text>
			<text>get</text>
			<text> </text>
			<text>maintype</text>
			<text> </text>
			<text>of</text>
			<text> </text>
			<text>ware</text>
			<text> </text>
			<var>{Phased Repeater Gun}</var>
		</line>
		<line linenr="010" indent="">
			<var>$mt.shield</var>
			<text> </text>
			<text>=</text>
			<text> </text>
			<text>get</text>
			<text> </text>
			<text>maintype</text>
			<text> </text>
			<text>of</text>
			<text> </text>
			<text>ware</text>
			<text> </text>
			<var>{1 MJ Shield}</var>
		</line>
		<line linenr="011" indent="">
			<var>$mt.equipment</var>
			<text> </text>
			<text>=</text>
			<text> </text>
			<text>get</text>
			<text> </text>
			<text>maintype</text>
			<text> </text>
			<text>of</text>
			<text> </text>
			<text>ware</text>
			<text> </text>
			<var>{Transporter Device}</var>
		</line>
		<line linenr="012" indent="">
			<var>$mt.upgrade</var>
			<text> </text>
			<text>=</text>
			<text> </text>
			<text>get</text>
			<text> </text>
			<text>maintype</text>
			<text> </text>
			<text>of</text>
			<text> </text>
			<text>ware</text>
			<text> </text>
			<var>{Cargo Bay Extension}</var>
		</line>
		<line linenr="013" indent="" />
		<line linenr="014" indent="">
			<var>$maintypes</var>
			<text> </text>
			<text>=</text>
			<text> </text>
			<text>array</text>
			<text> </text>
			<text>alloc</text>
			<text>:</text>
			<text> </text>
			<text>size</text>
			<text>=</text>
			<var>4</var>
		</line>
		<line linenr="015" indent="">
			<var>$maintypes</var>
			<text>[</text>
			<var>0</var>
			<text>]</text>
			<text> </text>
			<text>=</text>
			<text> </text>
			<var>$mt.laser</var>
		</line>
		<line linenr="016" indent="&#160;">
			<var>$maintypes</var>
			<text>[</text>
			<var>1</var>
			<text>]</text>
			<text> </text>
			<text>=</text>
			<text> </text>
			<var>$mt.shield</var>
		</line>
		<line linenr="017" indent="&#160;">
			<var>$maintypes</var>
			<text>[</text>
			<var>2</var>
			<text>]</text>
			<text> </text>
			<text>=</text>
			<text> </text>
			<var>$mt.equipment</var>
		</line>
		<line linenr="018" indent="&#160;">
			<var>$maintypes</var>
			<text>[</text>
			<var>3</var>
			<text>]</text>
			<text> </text>
			<text>=</text>
			<text> </text>
			<var>$mt.upgrade</var>
		</line>
		<line linenr="019" indent="&#160;&#160;">
			<var>$XS.Iterator1</var>
			<text> </text>
			<text>=</text>
			<text> </text>
			<text>size</text>
			<text> </text>
			<text>of</text>
			<text> </text>
			<text>array</text>
			<text> </text>
			<var>$maintypes</var>
		</line>
		<line linenr="020" indent="&#160;&#160;">
			<text>while</text>
			<text> </text>
			<var>$XS.Iterator1</var>
		</line>
		<line linenr="021" indent="&#160;&#160;">
			<text>dec</text>
			<text> </text>
			<var>$XS.Iterator1</var>
		</line>
		<line linenr="022" indent="&#160;&#160;&#160;">
			<var>$mt</var>
			<text> </text>
			<text>=</text>
			<text> </text>
			<var>$maintypes</var>
			<text>[</text>
			<var>$XS.Iterator1</var>
			<text>]</text>
		</line>
		<line linenr="023" indent="&#160;&#160;&#160;&#160;">
			<var>$subtypes</var>
			<text> </text>
			<text>=</text>
			<text> </text>
			<text>get</text>
			<text> </text>
			<text>number</text>
			<text> </text>
			<text>of</text>
			<text> </text>
			<text>subtypes</text>
			<text> </text>
			<text>of</text>
			<text> </text>
			<text>maintype</text>
			<text> </text>
			<var>$mt</var>
		</line>
		<line linenr="024" indent="&#160;&#160;&#160;&#160;">
			<var>$sub</var>
			<text> </text>
			<text>=</text>
			<text> </text>
			<var>0</var>
		</line>
		<line linenr="025" indent="&#160;&#160;&#160;">
			<text>while</text>
			<text> </text>
			<var>$sub</var>
			<text> </text>
			<text>&lt;</text>
			<text> </text>
			<var>$subtypes</var>
			<text> </text>
		</line>
		<line linenr="026" indent="&#160;&#160;&#160;&#160;">
			<var>$ware.item</var>
			<text> </text>
			<text>=</text>
			<text> </text>
			<text>get</text>
			<text> </text>
			<text>ware</text>
			<text> </text>
			<text>from</text>
			<text> </text>
			<text>maintype</text>
			<text> </text>
			<var>$mt</var>
			<text> </text>
			<text>and</text>
			<text> </text>
			<text>subtype</text>
			<text> </text>
			<var>$sub</var>
		</line>
		<line linenr="027" indent="&#160;&#160;&#160;&#160;">
			<var>$units</var>
			<text> </text>
			<text>=</text>
			<text> </text>
			<var>$ship</var>
			<text> </text>
			<text>-&gt;</text>
			<text> </text>
			<text>get</text>
			<text> </text>
			<text>true</text>
			<text> </text>
			<text>amount</text>
			<text> </text>
			<text>of</text>
			<text> </text>
			<text>ware</text>
			<text> </text>
			<var>$ware.item</var>
			<text> </text>
			<text>in</text>
			<text> </text>
			<text>cargo</text>
			<text> </text>
			<text>bay</text>
		</line>
		<line linenr="028" indent="&#160;&#160;&#160;">
			<text>if</text>
			<text> </text>
			<var>$units</var>
			<text> </text>
			<text>&gt;</text>
			<text> </text>
			<var>0</var>
		</line>
		<line linenr="029" indent="&#160;&#160;">
			<text>if</text>
			<text> </text>
			<text>is</text>
			<text> </text>
			<text>upgrade</text>
			<text>:</text>
			<text> </text>
			<text>ware</text>
			<text> </text>
			<text>=</text>
			<text> </text>
			<var>$ware.item</var>
		</line>
		<line linenr="030" indent="&#160;&#160;">
			<var>$upgrade.price</var>
			<text> </text>
			<text>=</text>
			<text> </text>
			<var>$ship</var>
			<text> </text>
			<text>-&gt;</text>
			<text> </text>
			<text>get</text>
			<text> </text>
			<text>upgrade</text>
			<text> </text>
			<text>price</text>
			<text>:</text>
			<text> </text>
			<text>cargo</text>
			<text>-</text>
			<text>speed</text>
			<text>-</text>
			<text>rot</text>
			<text> </text>
			<var>$ware.item</var>
			<text> </text>
			<text>units</text>
			<text>:</text>
			<text> </text>
			<var>$units</var>
		</line>
		<line linenr="031" indent="&#160;">
			<var>$value</var>
			<text> </text>
			<text>=</text>
			<text> </text>
			<var>$value</var>
			<text> </text>
			<text>+</text>
			<text> </text>
			<var>$upgrade.price</var>
		</line>
		<line linenr="032" indent="">
			<text>else</text>
			<text> </text>
		</line>
		<line linenr="033" indent="">
			<var>$price</var>
			<text> </text>
			<text>=</text>
			<text> </text>
			<text>get</text>
			<text> </text>
			<text>average</text>
			<text> </text>
			<text>price</text>
			<text> </text>
			<text>of</text>
			<text> </text>
			<text>ware</text>
			<text> </text>
			<var>$ware.item</var>
		</line>
		<line linenr="034" indent="">
			<var>$value</var>
			<text> </text>
			<text>=</text>
			<text> </text>
			<var>$value</var>
			<text> </text>
			<text>+</text>
			<text> </text>
			<text>(</text>
			<text> </text>
			<var>$units</var>
			<text> </text>
			<text>*</text>
			<text> </text>
			<var>$price</var>
			<text> </text>
			<text>)</text>
		</line>
		<line linenr="035" indent="">
			<text>end</text>
		</line>
		<line linenr="036" indent="">
			<text>end</text>
		</line>
		<line linenr="037" indent="">
			<text>inc</text>
			<text> </text>
			<var>$sub</var>
		</line>
		<line linenr="038" indent="">
			<text>end</text>
		</line>
		<line linenr="039" indent="">
			<text>end</text>
		</line>
		<line linenr="040" indent="" />
		<line linenr="041" indent="">
			<text>return</text>
			<text> </text>
			<var>$value</var>
		</line>
	</sourcetext>
	<codearray>
		<sval type="array" size="10">
			<sval type="string" val="plugin.zanzal.getshipvalue" />
			<sval type="int" val="50" />
			<sval type="string" val="" />
			<sval type="int" val="1" />
			<sval type="int" val="0" />
			<sval type="array" size="16">
				<sval type="string" val="ship" />
				<sval type="string" val="ware" />
				<sval type="string" val="value" />
				<sval type="string" val="mt.laser" />
				<sval type="string" val="mt.shield" />
				<sval type="string" val="mt.equipment" />
				<sval type="string" val="mt.upgrade" />
				<sval type="string" val="maintypes" />
				<sval type="string" val="mt" />
				<sval type="string" val="XS.Iterator1" />
				<sval type="string" val="subtypes" />
				<sval type="string" val="sub" />
				<sval type="string" val="ware.item" />
				<sval type="string" val="units" />
				<sval type="string" val="upgrade.price" />
				<sval type="string" val="price" />
			</sval>
			<sval type="array" size="31">
				<sval type="array" size="4">
					<sval type="int" val="707" />
					<sval type="int" val="131074" />
					<sval type="int" val="0" />
					<sval type="int" val="1" />
				</sval>
				<sval type="array" size="4">
					<sval type="int" val="629" />
					<sval type="int" val="2" />
					<sval type="int" val="131074" />
					<sval type="int" val="1" />
				</sval>
				<sval type="array" size="4">
					<sval type="int" val="655" />
					<sval type="int" val="3" />
					<sval type="int" val="9" />
					<sval type="int" val="524292" />
				</sval>
				<sval type="array" size="4">
					<sval type="int" val="655" />
					<sval type="int" val="4" />
					<sval type="int" val="9" />
					<sval type="int" val="589824" />
				</sval>
				<sval type="array" size="4">
					<sval type="int" val="655" />
					<sval type="int" val="5" />
					<sval type="int" val="9" />
					<sval type="int" val="1048610" />
				</sval>
				<sval type="array" size="4">
					<sval type="int" val="655" />
					<sval type="int" val="6" />
					<sval type="int" val="9" />
					<sval type="int" val="1048592" />
				</sval>
				<sval type="array" size="4">
					<sval type="int" val="128" />
					<sval type="int" val="7" />
					<sval type="int" val="4" />
					<sval type="int" val="4" />
				</sval>
				<sval type="array" size="7">
					<sval type="int" val="130" />
					<sval type="int" val="131074" />
					<sval type="int" val="7" />
					<sval type="int" val="4" />
					<sval type="int" val="0" />
					<sval type="int" val="131074" />
					<sval type="int" val="3" />
				</sval>
				<sval type="array" size="7">
					<sval type="int" val="130" />
					<sval type="int" val="131074" />
					<sval type="int" val="7" />
					<sval type="int" val="4" />
					<sval type="int" val="1" />
					<sval type="int" val="131074" />
					<sval type="int" val="4" />
				</sval>
				<sval type="array" size="7">
					<sval type="int" val="130" />
					<sval type="int" val="131074" />
					<sval type="int" val="7" />
					<sval type="int" val="4" />
					<sval type="int" val="2" />
					<sval type="int" val="131074" />
					<sval type="int" val="5" />
				</sval>
				<sval type="array" size="7">
					<sval type="int" val="130" />
					<sval type="int" val="131074" />
					<sval type="int" val="7" />
					<sval type="int" val="4" />
					<sval type="int" val="3" />
					<sval type="int" val="131074" />
					<sval type="int" val="6" />
				</sval>
				<sval type="array" size="4">
					<sval type="int" val="131" />
					<sval type="int" val="9" />
					<sval type="int" val="131074" />
					<sval type="int" val="7" />
				</sval>
				<sval type="array" size="7">
					<sval type="int" val="104" />
					<sval type="int" val="-1610605047" />
					<sval type="int" val="1" />
					<sval type="int" val="131074" />
					<sval type="int" val="9" />
					<sval type="int" val="1" />
					<sval type="int" val="-1" />
				</sval>
				<sval type="array" size="2">
					<sval type="int" val="143" />
					<sval type="int" val="9" />
				</sval>
				<sval type="array" size="6">
					<sval type="int" val="129" />
					<sval type="int" val="8" />
					<sval type="int" val="131074" />
					<sval type="int" val="7" />
					<sval type="int" val="131074" />
					<sval type="int" val="9" />
				</sval>
				<sval type="array" size="4">
					<sval type="int" val="658" />
					<sval type="int" val="10" />
					<sval type="int" val="131074" />
					<sval type="int" val="8" />
				</sval>
				<sval type="array" size="7">
					<sval type="int" val="104" />
					<sval type="int" val="11" />
					<sval type="int" val="1" />
					<sval type="int" val="4" />
					<sval type="int" val="0" />
					<sval type="int" val="1" />
					<sval type="int" val="-1" />
				</sval>
				<sval type="array" size="13">
					<sval type="int" val="104" />
					<sval type="int" val="-1610605303" />
					<sval type="int" val="3" />
					<sval type="int" val="131074" />
					<sval type="int" val="11" />
					<sval type="int" val="131074" />
					<sval type="int" val="10" />
					<sval type="int" val="15" />
					<sval type="int" val="3" />
					<sval type="int" val="3" />
					<sval type="int" val="-1" />
					<sval type="int" val="3" />
					<sval type="int" val="-2" />
				</sval>
				<sval type="array" size="6">
					<sval type="int" val="657" />
					<sval type="int" val="12" />
					<sval type="int" val="131074" />
					<sval type="int" val="8" />
					<sval type="int" val="131074" />
					<sval type="int" val="11" />
				</sval>
				<sval type="array" size="6">
					<sval type="int" val="619" />
					<sval type="int" val="131074" />
					<sval type="int" val="0" />
					<sval type="int" val="13" />
					<sval type="int" val="131074" />
					<sval type="int" val="12" />
				</sval>
				<sval type="array" size="13">
					<sval type="int" val="104" />
					<sval type="int" val="-1610605821" />
					<sval type="int" val="3" />
					<sval type="int" val="131074" />
					<sval type="int" val="13" />
					<sval type="int" val="4" />
					<sval type="int" val="0" />
					<sval type="int" val="15" />
					<sval type="int" val="2" />
					<sval type="int" val="3" />
					<sval type="int" val="-1" />
					<sval type="int" val="2" />
					<sval type="int" val="-2" />
				</sval>
				<sval type="array" size="4">
					<sval type="int" val="1480" />
					<sval type="int" val="-1610606333" />
					<sval type="int" val="131074" />
					<sval type="int" val="12" />
				</sval>
				<sval type="array" size="8">
					<sval type="int" val="1166" />
					<sval type="int" val="131074" />
					<sval type="int" val="0" />
					<sval type="int" val="14" />
					<sval type="int" val="131074" />
					<sval type="int" val="12" />
					<sval type="int" val="131074" />
					<sval type="int" val="13" />
				</sval>
				<sval type="array" size="13">
					<sval type="int" val="104" />
					<sval type="int" val="2" />
					<sval type="int" val="3" />
					<sval type="int" val="131074" />
					<sval type="int" val="2" />
					<sval type="int" val="131074" />
					<sval type="int" val="14" />
					<sval type="int" val="15" />
					<sval type="int" val="11" />
					<sval type="int" val="3" />
					<sval type="int" val="-1" />
					<sval type="int" val="11" />
					<sval type="int" val="-2" />
				</sval>
				<sval type="array" size="2">
					<sval type="int" val="112" />
					<sval type="int" val="27" />
				</sval>
				<sval type="array" size="4">
					<sval type="int" val="629" />
					<sval type="int" val="15" />
					<sval type="int" val="131074" />
					<sval type="int" val="12" />
				</sval>
				<sval type="array" size="21">
					<sval type="int" val="104" />
					<sval type="int" val="2" />
					<sval type="int" val="5" />
					<sval type="int" val="131074" />
					<sval type="int" val="2" />
					<sval type="int" val="131074" />
					<sval type="int" val="13" />
					<sval type="int" val="131074" />
					<sval type="int" val="15" />
					<sval type="int" val="15" />
					<sval type="int" val="13" />
					<sval type="int" val="15" />
					<sval type="int" val="11" />
					<sval type="int" val="7" />
					<sval type="int" val="-1" />
					<sval type="int" val="11" />
					<sval type="int" val="16" />
					<sval type="int" val="-2" />
					<sval type="int" val="13" />
					<sval type="int" val="-3" />
					<sval type="int" val="17" />
				</sval>
				<sval type="array" size="2">
					<sval type="int" val="142" />
					<sval type="int" val="11" />
				</sval>
				<sval type="array" size="2">
					<sval type="int" val="112" />
					<sval type="int" val="17" />
				</sval>
				<sval type="array" size="2">
					<sval type="int" val="112" />
					<sval type="int" val="12" />
				</sval>
				<sval type="array" size="3">
					<sval type="int" val="103" />
					<sval type="int" val="131074" />
					<sval type="int" val="2" />
				</sval>
			</sval>
			<sval type="array" size="1">
				<sval type="array" size="2">
					<sval type="int" val="21" />
					<sval type="string" val="" />
				</sval>
			</sval>
			<sval type="array" size="13">
				<sval type="array" size="3">
					<sval type="int" val="0" />
					<sval type="int" val="1" />
					<sval type="string" val="************************************************" />
				</sval>
				<sval type="array" size="3">
					<sval type="int" val="0" />
					<sval type="int" val="1" />
					<sval type="string" val="SCRIPT NAME: plugin.zanzal.getshipvalue" />
				</sval>
				<sval type="array" size="3">
					<sval type="int" val="0" />
					<sval type="int" val="1" />
					<sval type="string" val="DESCRIPTION: Try and calculate the value of $ship" />
				</sval>
				<sval type="array" size="3">
					<sval type="int" val="0" />
					<sval type="int" val="1" />
					<sval type="string" val="" />
				</sval>
				<sval type="array" size="3">
					<sval type="int" val="0" />
					<sval type="int" val="1" />
					<sval type="string" val="AUTHOR: Zanzal          DATE: 3 January 2014" />
				</sval>
				<sval type="array" size="3">
					<sval type="int" val="0" />
					<sval type="int" val="1" />
					<sval type="string" val="************************************************" />
				</sval>
				<sval type="array" size="2">
					<sval type="int" val="6" />
					<sval type="int" val="2" />
				</sval>
				<sval type="array" size="2">
					<sval type="int" val="25" />
					<sval type="int" val="5" />
				</sval>
				<sval type="array" size="2">
					<sval type="int" val="27" />
					<sval type="int" val="4" />
				</sval>
				<sval type="array" size="2">
					<sval type="int" val="27" />
					<sval type="int" val="4" />
				</sval>
				<sval type="array" size="2">
					<sval type="int" val="29" />
					<sval type="int" val="4" />
				</sval>
				<sval type="array" size="2">
					<sval type="int" val="30" />
					<sval type="int" val="4" />
				</sval>
				<sval type="array" size="2">
					<sval type="int" val="30" />
					<sval type="int" val="2" />
				</sval>
			</sval>
			<sval type="int" val="0" />
		</sval>
	</codearray>
</script>
