<?xml version="1.0" standalone="yes"?>
<?xml-stylesheet href="x2script.xsl" type="text/xsl"?>
<!-- Generated using X-Studio -->
<script>
	<name>plugin.zanzal.droneminer.restock</name>
	<version>1</version>
	<engineversion>50</engineversion>
	<description></description>
	<arguments />
	<sourcetext>
		<line linenr="001" indent="">
			<comment>*************************************************</comment>
		</line>
		<line linenr="002" indent="">
			<comment>* SCRIPT NAME: plugin.zanzal.droneminer.restock</comment>
		</line>
		<line linenr="003" indent="">
			<comment>* DESCRIPTION: Checks to see if homebase needs to be restocked and if it</comment>
		</line>
		<line linenr="004" indent="">
			<comment>* does move to homebase and unload the specified quantities.</comment>
		</line>
		<line linenr="005" indent="">
			<comment>* </comment>
		</line>
		<line linenr="006" indent="">
			<comment>* AUTHOR: Zanzal          DATE: 3 January 2014</comment>
		</line>
		<line linenr="007" indent="">
			<comment>*************************************************</comment>
		</line>
		<line linenr="008" indent="">
			<var>$pageid</var>
			<text>=</text>
			<var>8101</var>
		</line>
		<line linenr="009" indent="" />
		<line linenr="010" indent="">
			<var>$IDX_ORESTOCK</var>
			<text> </text>
			<text>=</text>
			<text> </text>
			<var>22</var>
		</line>
		<line linenr="011" indent="">
			<var>$IDX_SILICONSTOCK</var>
			<text> </text>
			<text>=</text>
			<text> </text>
			<var>23</var>
		</line>
		<line linenr="012" indent="">
			<var>$IDX_NIVIDIUMSTOCK</var>
			<text> </text>
			<text>=</text>
			<text> </text>
			<var>24</var>
		</line>
		<line linenr="013" indent="">
			<var>$IDX_ICESTOCK</var>
			<text> </text>
			<text>=</text>
			<text> </text>
			<var>25</var>
		</line>
		<line linenr="014" indent="" />
		<line linenr="015" indent="">
			<var>$minerals</var>
			<text> </text>
			<text>=</text>
			<text> </text>
			<text>array</text>
			<text> </text>
			<text>alloc</text>
			<text>:</text>
			<text> </text>
			<text>size</text>
			<text>=</text>
			<var>4</var>
		</line>
		<line linenr="016" indent="">
			<var>$minerals</var>
			<text>[</text>
			<var>0</var>
			<text>]</text>
			<text> </text>
			<text>=</text>
			<text> </text>
			<var>{Ore}</var>
		</line>
		<line linenr="017" indent="">
			<var>$minerals</var>
			<text>[</text>
			<var>1</var>
			<text>]</text>
			<text> </text>
			<text>=</text>
			<text> </text>
			<var>{Silicon Wafers}</var>
		</line>
		<line linenr="018" indent="">
			<var>$minerals</var>
			<text>[</text>
			<var>2</var>
			<text>]</text>
			<text> </text>
			<text>=</text>
			<text> </text>
			<var>{Nividium (WARE_NIVIDIUM2)}</var>
		</line>
		<line linenr="019" indent="">
			<var>$minerals</var>
			<text>[</text>
			<var>3</var>
			<text>]</text>
			<text> </text>
			<text>=</text>
			<text> </text>
			<var>{Ice}</var>
		</line>
		<line linenr="020" indent="">
			<var>$indexes</var>
			<text> </text>
			<text>=</text>
			<text> </text>
			<text>array</text>
			<text> </text>
			<text>alloc</text>
			<text>:</text>
			<text> </text>
			<text>size</text>
			<text>=</text>
			<var>4</var>
		</line>
		<line linenr="021" indent="">
			<var>$indexes</var>
			<text>[</text>
			<var>0</var>
			<text>]</text>
			<text> </text>
			<text>=</text>
			<text> </text>
			<var>$IDX_ORESTOCK</var>
		</line>
		<line linenr="022" indent="&#160;">
			<var>$indexes</var>
			<text>[</text>
			<var>1</var>
			<text>]</text>
			<text> </text>
			<text>=</text>
			<text> </text>
			<var>$IDX_SILICONSTOCK</var>
		</line>
		<line linenr="023" indent="&#160;">
			<var>$indexes</var>
			<text>[</text>
			<var>2</var>
			<text>]</text>
			<text> </text>
			<text>=</text>
			<text> </text>
			<var>$IDX_NIVIDIUMSTOCK</var>
		</line>
		<line linenr="024" indent="&#160;">
			<var>$indexes</var>
			<text>[</text>
			<var>3</var>
			<text>]</text>
			<text> </text>
			<text>=</text>
			<text> </text>
			<var>$IDX_ICESTOCK</var>
		</line>
		<line linenr="025" indent="&#160;" />
		<line linenr="026" indent="&#160;&#160;" />
		<line linenr="027" indent="&#160;&#160;" interruptable="@">
			<text>=</text>
			<text> </text>
			<var>[THIS]</var>
			<text>-&gt;</text>
			<text> </text>
			<text>call</text>
			<text> </text>
			<text>script</text>
			<text> </text>
			<call>plugin.zanzal.shopping.refuel</call>
			<text> </text>
			<text>:</text>
			<text> </text>
			<text>min.jumps</text>
			<text>=</text>
			<var>50</var>
			<text> </text>
			<text>max.jumps</text>
			<text>=</text>
			<var>100</var>
		</line>
		<line linenr="028" indent="&#160;" />
		<line linenr="029" indent="">
			<text>if</text>
			<text> </text>
			<var>[HOMEBASE]</var>
			<text> </text>
			<text>-&gt;</text>
			<text> </text>
			<text>exists</text>
		</line>
		<line linenr="030" indent="">
			<var>$vars</var>
			<text> </text>
			<text>=</text>
			<text> </text>
			<var>[THIS]</var>
			<text> </text>
			<text>-&gt;</text>
			<text> </text>
			<text>get</text>
			<text> </text>
			<text>local</text>
			<text> </text>
			<text>variable</text>
			<text>:</text>
			<text> </text>
			<text>name</text>
			<text>=</text>
			<text>'zanzal.droneminer'</text>
		</line>
		<line linenr="031" indent="">
			<var>$needs.restocking</var>
			<text> </text>
			<text>=</text>
			<text> </text>
			<var>[FALSE]</var>
		</line>
		<line linenr="032" indent="">
			<text>gosub</text>
			<text> </text>
			<var>check_stock</var>
			<text>:</text>
		</line>
		<line linenr="033" indent="">
			<text>if</text>
			<text> </text>
			<var>$needs.restocking</var>
		</line>
		<line linenr="034" indent="&#160;" interruptable="@">
			<text>=</text>
			<text> </text>
			<var>[THIS]</var>
			<text> </text>
			<text>-&gt;</text>
			<text> </text>
			<text>call</text>
			<text> </text>
			<text>script</text>
			<text> </text>
			<call>!move.returntohomebase</call>
			<text>:</text>
		</line>
		<line linenr="035" indent="&#160;">
			<text>gosub</text>
			<text> </text>
			<var>unload</var>
			<text>:</text>
		</line>
		<line linenr="036" indent="&#160;&#160;">
			<text>end</text>
		</line>
		<line linenr="037" indent="&#160;&#160;">
			<text>end</text>
		</line>
		<line linenr="038" indent="&#160;&#160;" />
		<line linenr="039" indent="&#160;&#160;">
			<text>return</text>
			<text> </text>
			<var>null</var>
		</line>
		<line linenr="040" indent="&#160;&#160;" />
		<line linenr="041" indent="&#160;&#160;">
			<var>update_amounts</var>
			<text>:</text>
		</line>
		<line linenr="042" indent="&#160;&#160;&#160;">
			<var>$unload.list</var>
			<text> </text>
			<text>=</text>
			<text> </text>
			<text>array</text>
			<text> </text>
			<text>alloc</text>
			<text>:</text>
			<text> </text>
			<text>size</text>
			<text> </text>
			<text>=</text>
			<text> </text>
			<var>0</var>
		</line>
		<line linenr="043" indent="&#160;&#160;&#160;">
			<var>$i</var>
			<text> </text>
			<text>=</text>
			<text> </text>
			<text>size</text>
			<text> </text>
			<text>of</text>
			<text> </text>
			<text>array</text>
			<text> </text>
			<var>$minerals</var>
		</line>
		<line linenr="044" indent="&#160;&#160;&#160;">
			<text>while</text>
			<text> </text>
			<var>$i</var>
		</line>
		<line linenr="045" indent="&#160;&#160;&#160;&#160;">
			<text>dec</text>
			<text> </text>
			<var>$i</var>
		</line>
		<line linenr="046" indent="&#160;&#160;&#160;">
			<var>$mineral</var>
			<text> </text>
			<text>=</text>
			<text> </text>
			<var>$minerals</var>
			<text>[</text>
			<var>$i</var>
			<text>]</text>
		</line>
		<line linenr="047" indent="&#160;&#160;&#160;&#160;">
			<var>$amount</var>
			<text> </text>
			<text>=</text>
			<text> </text>
			<var>[HOMEBASE]</var>
			<text> </text>
			<text>-&gt;</text>
			<text> </text>
			<text>get</text>
			<text> </text>
			<text>amount</text>
			<text> </text>
			<text>of</text>
			<text> </text>
			<text>ware</text>
			<text> </text>
			<var>$mineral</var>
			<text> </text>
			<text>in</text>
			<text> </text>
			<text>cargo</text>
			<text> </text>
			<text>bay</text>
		</line>
		<line linenr="048" indent="&#160;&#160;&#160;">
			<var>$free</var>
			<text> </text>
			<text>=</text>
			<text> </text>
			<var>[HOMEBASE]</var>
			<text> </text>
			<text>-&gt;</text>
			<text> </text>
			<text>get</text>
			<text> </text>
			<text>free</text>
			<text> </text>
			<text>amount</text>
			<text> </text>
			<text>of</text>
			<text> </text>
			<text>ware</text>
			<text> </text>
			<var>$mineral</var>
			<text> </text>
			<text>in</text>
			<text> </text>
			<text>cargo</text>
			<text> </text>
			<text>bay</text>
		</line>
		<line linenr="049" indent="&#160;&#160;&#160;">
			<var>$has</var>
			<text> </text>
			<text>=</text>
			<text> </text>
			<var>[THIS]</var>
			<text> </text>
			<text>-&gt;</text>
			<text> </text>
			<text>get</text>
			<text> </text>
			<text>amount</text>
			<text> </text>
			<text>of</text>
			<text> </text>
			<text>ware</text>
			<text> </text>
			<var>$mineral</var>
			<text> </text>
			<text>in</text>
			<text> </text>
			<text>cargo</text>
			<text> </text>
			<text>bay</text>
		</line>
		<line linenr="050" indent="&#160;&#160;&#160;">
			<var>$cap</var>
			<text> </text>
			<text>=</text>
			<text> </text>
			<var>$indexes</var>
			<text>[</text>
			<var>$i</var>
			<text>]</text>
		</line>
		<line linenr="051" indent="&#160;&#160;">
			<var>$cap</var>
			<text> </text>
			<text>=</text>
			<text> </text>
			<var>$vars</var>
			<text>[</text>
			<var>$cap</var>
			<text>]</text>
		</line>
		<line linenr="052" indent="&#160;">
			<text>if</text>
			<text> </text>
			<var>$cap</var>
			<text> </text>
			<text>&gt;</text>
			<text> </text>
			<var>0</var>
			<text> </text>
			<text>AND</text>
			<text> </text>
			<var>$has</var>
			<text> </text>
			<text>&gt;</text>
			<text> </text>
			<var>0</var>
			<text> </text>
			<text>AND</text>
			<text> </text>
			<var>$free</var>
			<text> </text>
			<text>&gt;</text>
			<text> </text>
			<var>0</var>
			<text> </text>
			<text>AND</text>
			<text> </text>
			<var>$amount</var>
			<text> </text>
			<text>&lt;</text>
			<text> </text>
			<var>$cap</var>
		</line>
		<line linenr="053" indent="">
			<var>$unload</var>
			<text> </text>
			<text>=</text>
			<text> </text>
			<var>$cap</var>
			<text> </text>
			<text>-</text>
			<text> </text>
			<var>$amount</var>
		</line>
		<line linenr="054" indent="" />
		<line linenr="055" indent="">
			<text>skip</text>
			<text> </text>
			<text>if</text>
			<text> </text>
			<var>$unload</var>
			<text> </text>
			<text>&lt;=</text>
			<text> </text>
			<var>$free</var>
		</line>
		<line linenr="056" indent="&#160;">
			<var>$unload</var>
			<text> </text>
			<text>=</text>
			<text> </text>
			<var>$free</var>
		</line>
		<line linenr="057" indent="&#160;">
			<text>skip</text>
			<text> </text>
			<text>if</text>
			<text> </text>
			<var>$unload</var>
			<text> </text>
			<text>&lt;=</text>
			<text> </text>
			<var>$has</var>
		</line>
		<line linenr="058" indent="&#160;&#160;">
			<var>$unload</var>
			<text> </text>
			<text>=</text>
			<text> </text>
			<var>$has</var>
		</line>
		<line linenr="059" indent="&#160;" />
		<line linenr="060" indent="">
			<var>$unload.item</var>
			<text> </text>
			<text>=</text>
			<text> </text>
			<text>array</text>
			<text> </text>
			<text>alloc</text>
			<text>:</text>
			<text> </text>
			<text>size</text>
			<text>=</text>
			<var>2</var>
		</line>
		<line linenr="061" indent="">
			<var>$unload.item</var>
			<text>[</text>
			<var>0</var>
			<text>]</text>
			<text> </text>
			<text>=</text>
			<text> </text>
			<var>$unload</var>
		</line>
		<line linenr="062" indent="">
			<var>$unload.item</var>
			<text>[</text>
			<var>1</var>
			<text>]</text>
			<text> </text>
			<text>=</text>
			<text> </text>
			<var>$mineral</var>
		</line>
		<line linenr="063" indent="&#160;">
			<text>append</text>
			<text> </text>
			<var>$unload.item</var>
			<text> </text>
			<text>to</text>
			<text> </text>
			<text>array</text>
			<text> </text>
			<var>$unload.list</var>
		</line>
		<line linenr="064" indent="&#160;&#160;">
			<text>end</text>
		</line>
		<line linenr="065" indent="&#160;&#160;">
			<text>end</text>
		</line>
		<line linenr="066" indent="&#160;&#160;&#160;">
			<text>endsub</text>
		</line>
		<line linenr="067" indent="&#160;&#160;&#160;" />
		<line linenr="068" indent="&#160;&#160;&#160;">
			<var>check_stock</var>
			<text>:</text>
		</line>
		<line linenr="069" indent="&#160;&#160;">
			<text>gosub</text>
			<text> </text>
			<var>update_amounts</var>
			<text>:</text>
		</line>
		<line linenr="070" indent="&#160;">
			<text>if</text>
			<text> </text>
			<var>$unload.list</var>
			<text> </text>
			<text>size</text>
			<text> </text>
			<text>of</text>
			<text> </text>
			<text>array</text>
		</line>
		<line linenr="071" indent="">
			<var>$needs.restocking</var>
			<text> </text>
			<text>=</text>
			<text> </text>
			<var>[TRUE]</var>
		</line>
		<line linenr="072" indent="">
			<text>end</text>
		</line>
		<line linenr="073" indent="">
			<text>endsub</text>
		</line>
		<line linenr="074" indent="" />
		<line linenr="075" indent="">
			<var>unload</var>
			<text>:</text>
		</line>
		<line linenr="076" indent="">
			<text>if</text>
			<text> </text>
			<var>[DOCKEDAT]</var>
			<text> </text>
			<text>==</text>
			<text> </text>
			<var>[HOMEBASE]</var>
		</line>
		<line linenr="077" indent="">
			<text>gosub</text>
			<text> </text>
			<var>update_amounts</var>
			<text>:</text>
		</line>
		<line linenr="078" indent="">
			<var>$XS.Iterator1</var>
			<text> </text>
			<text>=</text>
			<text> </text>
			<text>size</text>
			<text> </text>
			<text>of</text>
			<text> </text>
			<text>array</text>
			<text> </text>
			<var>$unload.list</var>
		</line>
		<line linenr="079" indent="">
			<text>while</text>
			<text> </text>
			<var>$XS.Iterator1</var>
		</line>
		<line linenr="080" indent="">
			<text>dec</text>
			<text> </text>
			<var>$XS.Iterator1</var>
		</line>
		<line linenr="081" indent="">
			<var>$unload.item</var>
			<text> </text>
			<text>=</text>
			<text> </text>
			<var>$unload.list</var>
			<text>[</text>
			<var>$XS.Iterator1</var>
			<text>]</text>
		</line>
		<line linenr="082" indent="">
			<var>$amount</var>
			<text> </text>
			<text>=</text>
			<text> </text>
			<var>$unload.item</var>
			<text>[</text>
			<var>0</var>
			<text>]</text>
		</line>
		<line linenr="083" indent="">
			<var>$ware</var>
			<text> </text>
			<text>=</text>
			<text> </text>
			<var>$unload.item</var>
			<text>[</text>
			<var>1</var>
			<text>]</text>
		</line>
		<line linenr="084" indent="">
			<text>=</text>
			<text> </text>
			<var>[THIS]</var>
			<text> </text>
			<text>-&gt;</text>
			<text> </text>
			<text>unload</text>
			<text> </text>
			<var>$amount</var>
			<text> </text>
			<text>units</text>
			<text> </text>
			<text>of</text>
			<text> </text>
			<var>$ware</var>
		</line>
		<line linenr="085" indent="">
			<text>end</text>
		</line>
		<line linenr="086" indent="">
			<text>end</text>
		</line>
		<line linenr="087" indent="">
			<text>endsub</text>
		</line>
	</sourcetext>
	<codearray>
		<sval type="array" size="10">
			<sval type="string" val="plugin.zanzal.droneminer.restock" />
			<sval type="int" val="50" />
			<sval type="string" val="" />
			<sval type="int" val="1" />
			<sval type="int" val="0" />
			<sval type="array" size="20">
				<sval type="string" val="pageid" />
				<sval type="string" val="IDX_ORESTOCK" />
				<sval type="string" val="IDX_SILICONSTOCK" />
				<sval type="string" val="IDX_NIVIDIUMSTOCK" />
				<sval type="string" val="IDX_ICESTOCK" />
				<sval type="string" val="minerals" />
				<sval type="string" val="indexes" />
				<sval type="string" val="vars" />
				<sval type="string" val="needs.restocking" />
				<sval type="string" val="unload.list" />
				<sval type="string" val="mineral" />
				<sval type="string" val="i" />
				<sval type="string" val="amount" />
				<sval type="string" val="free" />
				<sval type="string" val="has" />
				<sval type="string" val="cap" />
				<sval type="string" val="unload" />
				<sval type="string" val="unload.item" />
				<sval type="string" val="XS.Iterator1" />
				<sval type="string" val="ware" />
			</sval>
			<sval type="array" size="64">
				<sval type="array" size="7">
					<sval type="int" val="104" />
					<sval type="int" val="0" />
					<sval type="int" val="1" />
					<sval type="int" val="4" />
					<sval type="int" val="8101" />
					<sval type="int" val="1" />
					<sval type="int" val="-1" />
				</sval>
				<sval type="array" size="7">
					<sval type="int" val="104" />
					<sval type="int" val="1" />
					<sval type="int" val="1" />
					<sval type="int" val="4" />
					<sval type="int" val="22" />
					<sval type="int" val="1" />
					<sval type="int" val="-1" />
				</sval>
				<sval type="array" size="7">
					<sval type="int" val="104" />
					<sval type="int" val="2" />
					<sval type="int" val="1" />
					<sval type="int" val="4" />
					<sval type="int" val="23" />
					<sval type="int" val="1" />
					<sval type="int" val="-1" />
				</sval>
				<sval type="array" size="7">
					<sval type="int" val="104" />
					<sval type="int" val="3" />
					<sval type="int" val="1" />
					<sval type="int" val="4" />
					<sval type="int" val="24" />
					<sval type="int" val="1" />
					<sval type="int" val="-1" />
				</sval>
				<sval type="array" size="7">
					<sval type="int" val="104" />
					<sval type="int" val="4" />
					<sval type="int" val="1" />
					<sval type="int" val="4" />
					<sval type="int" val="25" />
					<sval type="int" val="1" />
					<sval type="int" val="-1" />
				</sval>
				<sval type="array" size="4">
					<sval type="int" val="128" />
					<sval type="int" val="5" />
					<sval type="int" val="4" />
					<sval type="int" val="4" />
				</sval>
				<sval type="array" size="7">
					<sval type="int" val="130" />
					<sval type="int" val="131074" />
					<sval type="int" val="5" />
					<sval type="int" val="4" />
					<sval type="int" val="0" />
					<sval type="int" val="9" />
					<sval type="int" val="983040" />
				</sval>
				<sval type="array" size="7">
					<sval type="int" val="130" />
					<sval type="int" val="131074" />
					<sval type="int" val="5" />
					<sval type="int" val="4" />
					<sval type="int" val="1" />
					<sval type="int" val="9" />
					<sval type="int" val="983041" />
				</sval>
				<sval type="array" size="7">
					<sval type="int" val="130" />
					<sval type="int" val="131074" />
					<sval type="int" val="5" />
					<sval type="int" val="4" />
					<sval type="int" val="2" />
					<sval type="int" val="9" />
					<sval type="int" val="983042" />
				</sval>
				<sval type="array" size="7">
					<sval type="int" val="130" />
					<sval type="int" val="131074" />
					<sval type="int" val="5" />
					<sval type="int" val="4" />
					<sval type="int" val="3" />
					<sval type="int" val="9" />
					<sval type="int" val="983043" />
				</sval>
				<sval type="array" size="4">
					<sval type="int" val="128" />
					<sval type="int" val="6" />
					<sval type="int" val="4" />
					<sval type="int" val="4" />
				</sval>
				<sval type="array" size="7">
					<sval type="int" val="130" />
					<sval type="int" val="131074" />
					<sval type="int" val="6" />
					<sval type="int" val="4" />
					<sval type="int" val="0" />
					<sval type="int" val="131074" />
					<sval type="int" val="1" />
				</sval>
				<sval type="array" size="7">
					<sval type="int" val="130" />
					<sval type="int" val="131074" />
					<sval type="int" val="6" />
					<sval type="int" val="4" />
					<sval type="int" val="1" />
					<sval type="int" val="131074" />
					<sval type="int" val="2" />
				</sval>
				<sval type="array" size="7">
					<sval type="int" val="130" />
					<sval type="int" val="131074" />
					<sval type="int" val="6" />
					<sval type="int" val="4" />
					<sval type="int" val="2" />
					<sval type="int" val="131074" />
					<sval type="int" val="3" />
				</sval>
				<sval type="array" size="7">
					<sval type="int" val="130" />
					<sval type="int" val="131074" />
					<sval type="int" val="6" />
					<sval type="int" val="4" />
					<sval type="int" val="3" />
					<sval type="int" val="131074" />
					<sval type="int" val="4" />
				</sval>
				<sval type="array" size="10">
					<sval type="int" val="102" />
					<sval type="string" val="plugin.zanzal.shopping.refuel" />
					<sval type="int" val="-2147483647" />
					<sval type="int" val="131075" />
					<sval type="int" val="1" />
					<sval type="int" val="2" />
					<sval type="int" val="4" />
					<sval type="int" val="50" />
					<sval type="int" val="4" />
					<sval type="int" val="100" />
				</sval>
				<sval type="array" size="4">
					<sval type="int" val="706" />
					<sval type="int" val="131075" />
					<sval type="int" val="4" />
					<sval type="int" val="-1610606845" />
				</sval>
				<sval type="array" size="6">
					<sval type="int" val="156" />
					<sval type="int" val="131075" />
					<sval type="int" val="1" />
					<sval type="int" val="5" />
					<sval type="string" val="zanzal.droneminer" />
					<sval type="int" val="7" />
				</sval>
				<sval type="array" size="7">
					<sval type="int" val="104" />
					<sval type="int" val="8" />
					<sval type="int" val="1" />
					<sval type="int" val="131075" />
					<sval type="int" val="9" />
					<sval type="int" val="1" />
					<sval type="int" val="-1" />
				</sval>
				<sval type="array" size="2">
					<sval type="int" val="1167" />
					<sval type="int" val="47" />
				</sval>
				<sval type="array" size="7">
					<sval type="int" val="104" />
					<sval type="int" val="-1610606845" />
					<sval type="int" val="1" />
					<sval type="int" val="131074" />
					<sval type="int" val="8" />
					<sval type="int" val="1" />
					<sval type="int" val="-1" />
				</sval>
				<sval type="array" size="6">
					<sval type="int" val="102" />
					<sval type="string" val="!move.returntohomebase" />
					<sval type="int" val="-2147483647" />
					<sval type="int" val="131075" />
					<sval type="int" val="1" />
					<sval type="int" val="0" />
				</sval>
				<sval type="array" size="2">
					<sval type="int" val="1167" />
					<sval type="int" val="52" />
				</sval>
				<sval type="array" size="3">
					<sval type="int" val="103" />
					<sval type="int" val="0" />
					<sval type="int" val="0" />
				</sval>
				<sval type="array" size="2">
					<sval type="int" val="101" />
					<sval type="string" val="update_amounts" />
				</sval>
				<sval type="array" size="4">
					<sval type="int" val="128" />
					<sval type="int" val="9" />
					<sval type="int" val="4" />
					<sval type="int" val="0" />
				</sval>
				<sval type="array" size="4">
					<sval type="int" val="131" />
					<sval type="int" val="11" />
					<sval type="int" val="131074" />
					<sval type="int" val="5" />
				</sval>
				<sval type="array" size="7">
					<sval type="int" val="104" />
					<sval type="int" val="-1610600951" />
					<sval type="int" val="1" />
					<sval type="int" val="131074" />
					<sval type="int" val="11" />
					<sval type="int" val="1" />
					<sval type="int" val="-1" />
				</sval>
				<sval type="array" size="2">
					<sval type="int" val="143" />
					<sval type="int" val="11" />
				</sval>
				<sval type="array" size="6">
					<sval type="int" val="129" />
					<sval type="int" val="10" />
					<sval type="int" val="131074" />
					<sval type="int" val="5" />
					<sval type="int" val="131074" />
					<sval type="int" val="11" />
				</sval>
				<sval type="array" size="6">
					<sval type="int" val="618" />
					<sval type="int" val="131075" />
					<sval type="int" val="4" />
					<sval type="int" val="12" />
					<sval type="int" val="131074" />
					<sval type="int" val="10" />
				</sval>
				<sval type="array" size="6">
					<sval type="int" val="620" />
					<sval type="int" val="131075" />
					<sval type="int" val="4" />
					<sval type="int" val="13" />
					<sval type="int" val="131074" />
					<sval type="int" val="10" />
				</sval>
				<sval type="array" size="6">
					<sval type="int" val="618" />
					<sval type="int" val="131075" />
					<sval type="int" val="1" />
					<sval type="int" val="14" />
					<sval type="int" val="131074" />
					<sval type="int" val="10" />
				</sval>
				<sval type="array" size="6">
					<sval type="int" val="129" />
					<sval type="int" val="15" />
					<sval type="int" val="131074" />
					<sval type="int" val="6" />
					<sval type="int" val="131074" />
					<sval type="int" val="11" />
				</sval>
				<sval type="array" size="6">
					<sval type="int" val="129" />
					<sval type="int" val="15" />
					<sval type="int" val="131074" />
					<sval type="int" val="7" />
					<sval type="int" val="131074" />
					<sval type="int" val="15" />
				</sval>
				<sval type="array" size="49">
					<sval type="int" val="104" />
					<sval type="int" val="-1610601213" />
					<sval type="int" val="15" />
					<sval type="int" val="131074" />
					<sval type="int" val="15" />
					<sval type="int" val="4" />
					<sval type="int" val="0" />
					<sval type="int" val="15" />
					<sval type="int" val="2" />
					<sval type="int" val="131074" />
					<sval type="int" val="14" />
					<sval type="int" val="4" />
					<sval type="int" val="0" />
					<sval type="int" val="15" />
					<sval type="int" val="2" />
					<sval type="int" val="15" />
					<sval type="int" val="9" />
					<sval type="int" val="131074" />
					<sval type="int" val="13" />
					<sval type="int" val="4" />
					<sval type="int" val="0" />
					<sval type="int" val="15" />
					<sval type="int" val="2" />
					<sval type="int" val="15" />
					<sval type="int" val="9" />
					<sval type="int" val="131074" />
					<sval type="int" val="12" />
					<sval type="int" val="131074" />
					<sval type="int" val="15" />
					<sval type="int" val="15" />
					<sval type="int" val="3" />
					<sval type="int" val="15" />
					<sval type="int" val="9" />
					<sval type="int" val="15" />
					<sval type="int" val="-1" />
					<sval type="int" val="2" />
					<sval type="int" val="-2" />
					<sval type="int" val="9" />
					<sval type="int" val="-4" />
					<sval type="int" val="2" />
					<sval type="int" val="-5" />
					<sval type="int" val="9" />
					<sval type="int" val="-8" />
					<sval type="int" val="2" />
					<sval type="int" val="-9" />
					<sval type="int" val="9" />
					<sval type="int" val="-12" />
					<sval type="int" val="3" />
					<sval type="int" val="-13" />
				</sval>
				<sval type="array" size="13">
					<sval type="int" val="104" />
					<sval type="int" val="16" />
					<sval type="int" val="3" />
					<sval type="int" val="131074" />
					<sval type="int" val="15" />
					<sval type="int" val="131074" />
					<sval type="int" val="12" />
					<sval type="int" val="15" />
					<sval type="int" val="12" />
					<sval type="int" val="3" />
					<sval type="int" val="-1" />
					<sval type="int" val="12" />
					<sval type="int" val="-2" />
				</sval>
				<sval type="array" size="13">
					<sval type="int" val="104" />
					<sval type="int" val="-536860921" />
					<sval type="int" val="3" />
					<sval type="int" val="131074" />
					<sval type="int" val="16" />
					<sval type="int" val="131074" />
					<sval type="int" val="13" />
					<sval type="int" val="15" />
					<sval type="int" val="5" />
					<sval type="int" val="3" />
					<sval type="int" val="-1" />
					<sval type="int" val="5" />
					<sval type="int" val="-2" />
				</sval>
				<sval type="array" size="7">
					<sval type="int" val="104" />
					<sval type="int" val="16" />
					<sval type="int" val="1" />
					<sval type="int" val="131074" />
					<sval type="int" val="13" />
					<sval type="int" val="1" />
					<sval type="int" val="-1" />
				</sval>
				<sval type="array" size="13">
					<sval type="int" val="104" />
					<sval type="int" val="-536860409" />
					<sval type="int" val="3" />
					<sval type="int" val="131074" />
					<sval type="int" val="16" />
					<sval type="int" val="131074" />
					<sval type="int" val="14" />
					<sval type="int" val="15" />
					<sval type="int" val="5" />
					<sval type="int" val="3" />
					<sval type="int" val="-1" />
					<sval type="int" val="5" />
					<sval type="int" val="-2" />
				</sval>
				<sval type="array" size="7">
					<sval type="int" val="104" />
					<sval type="int" val="16" />
					<sval type="int" val="1" />
					<sval type="int" val="131074" />
					<sval type="int" val="14" />
					<sval type="int" val="1" />
					<sval type="int" val="-1" />
				</sval>
				<sval type="array" size="4">
					<sval type="int" val="128" />
					<sval type="int" val="17" />
					<sval type="int" val="4" />
					<sval type="int" val="2" />
				</sval>
				<sval type="array" size="7">
					<sval type="int" val="130" />
					<sval type="int" val="131074" />
					<sval type="int" val="17" />
					<sval type="int" val="4" />
					<sval type="int" val="0" />
					<sval type="int" val="131074" />
					<sval type="int" val="16" />
				</sval>
				<sval type="array" size="7">
					<sval type="int" val="130" />
					<sval type="int" val="131074" />
					<sval type="int" val="17" />
					<sval type="int" val="4" />
					<sval type="int" val="1" />
					<sval type="int" val="131074" />
					<sval type="int" val="10" />
				</sval>
				<sval type="array" size="5">
					<sval type="int" val="135" />
					<sval type="int" val="131074" />
					<sval type="int" val="9" />
					<sval type="int" val="131074" />
					<sval type="int" val="17" />
				</sval>
				<sval type="array" size="2">
					<sval type="int" val="112" />
					<sval type="int" val="27" />
				</sval>
				<sval type="array" size="1">
					<sval type="int" val="1168" />
				</sval>
				<sval type="array" size="2">
					<sval type="int" val="101" />
					<sval type="string" val="check_stock" />
				</sval>
				<sval type="array" size="2">
					<sval type="int" val="1167" />
					<sval type="int" val="24" />
				</sval>
				<sval type="array" size="4">
					<sval type="int" val="131" />
					<sval type="int" val="-1610599677" />
					<sval type="int" val="131074" />
					<sval type="int" val="9" />
				</sval>
				<sval type="array" size="7">
					<sval type="int" val="104" />
					<sval type="int" val="8" />
					<sval type="int" val="1" />
					<sval type="int" val="131075" />
					<sval type="int" val="10" />
					<sval type="int" val="1" />
					<sval type="int" val="-1" />
				</sval>
				<sval type="array" size="1">
					<sval type="int" val="1168" />
				</sval>
				<sval type="array" size="2">
					<sval type="int" val="101" />
					<sval type="string" val="unload" />
				</sval>
				<sval type="array" size="13">
					<sval type="int" val="104" />
					<sval type="int" val="-1610596605" />
					<sval type="int" val="3" />
					<sval type="int" val="131075" />
					<sval type="int" val="11" />
					<sval type="int" val="131075" />
					<sval type="int" val="4" />
					<sval type="int" val="15" />
					<sval type="int" val="0" />
					<sval type="int" val="3" />
					<sval type="int" val="-1" />
					<sval type="int" val="0" />
					<sval type="int" val="-2" />
				</sval>
				<sval type="array" size="2">
					<sval type="int" val="1167" />
					<sval type="int" val="24" />
				</sval>
				<sval type="array" size="4">
					<sval type="int" val="131" />
					<sval type="int" val="18" />
					<sval type="int" val="131074" />
					<sval type="int" val="9" />
				</sval>
				<sval type="array" size="7">
					<sval type="int" val="104" />
					<sval type="int" val="-1610596599" />
					<sval type="int" val="1" />
					<sval type="int" val="131074" />
					<sval type="int" val="18" />
					<sval type="int" val="1" />
					<sval type="int" val="-1" />
				</sval>
				<sval type="array" size="2">
					<sval type="int" val="143" />
					<sval type="int" val="18" />
				</sval>
				<sval type="array" size="6">
					<sval type="int" val="129" />
					<sval type="int" val="17" />
					<sval type="int" val="131074" />
					<sval type="int" val="9" />
					<sval type="int" val="131074" />
					<sval type="int" val="18" />
				</sval>
				<sval type="array" size="6">
					<sval type="int" val="129" />
					<sval type="int" val="12" />
					<sval type="int" val="131074" />
					<sval type="int" val="17" />
					<sval type="int" val="4" />
					<sval type="int" val="0" />
				</sval>
				<sval type="array" size="6">
					<sval type="int" val="129" />
					<sval type="int" val="19" />
					<sval type="int" val="131074" />
					<sval type="int" val="17" />
					<sval type="int" val="4" />
					<sval type="int" val="1" />
				</sval>
				<sval type="array" size="8">
					<sval type="int" val="640" />
					<sval type="int" val="131075" />
					<sval type="int" val="1" />
					<sval type="int" val="-2147483647" />
					<sval type="int" val="131074" />
					<sval type="int" val="12" />
					<sval type="int" val="131074" />
					<sval type="int" val="19" />
				</sval>
				<sval type="array" size="2">
					<sval type="int" val="112" />
					<sval type="int" val="56" />
				</sval>
				<sval type="array" size="1">
					<sval type="int" val="1168" />
				</sval>
			</sval>
			<sval type="int" val="0" />
			<sval type="array" size="25">
				<sval type="array" size="3">
					<sval type="int" val="0" />
					<sval type="int" val="1" />
					<sval type="string" val="************************************************" />
				</sval>
				<sval type="array" size="3">
					<sval type="int" val="0" />
					<sval type="int" val="1" />
					<sval type="string" val="SCRIPT NAME: plugin.zanzal.droneminer.restock" />
				</sval>
				<sval type="array" size="3">
					<sval type="int" val="0" />
					<sval type="int" val="1" />
					<sval type="string" val="DESCRIPTION: Checks to see if homebase needs to be restocked and if it" />
				</sval>
				<sval type="array" size="3">
					<sval type="int" val="0" />
					<sval type="int" val="1" />
					<sval type="string" val="does move to homebase and unload the specified quantities." />
				</sval>
				<sval type="array" size="3">
					<sval type="int" val="0" />
					<sval type="int" val="1" />
					<sval type="string" val="" />
				</sval>
				<sval type="array" size="3">
					<sval type="int" val="0" />
					<sval type="int" val="1" />
					<sval type="string" val="AUTHOR: Zanzal          DATE: 3 January 2014" />
				</sval>
				<sval type="array" size="3">
					<sval type="int" val="0" />
					<sval type="int" val="1" />
					<sval type="string" val="************************************************" />
				</sval>
				<sval type="array" size="2">
					<sval type="int" val="1" />
					<sval type="int" val="2" />
				</sval>
				<sval type="array" size="2">
					<sval type="int" val="5" />
					<sval type="int" val="2" />
				</sval>
				<sval type="array" size="2">
					<sval type="int" val="15" />
					<sval type="int" val="2" />
				</sval>
				<sval type="array" size="2">
					<sval type="int" val="15" />
					<sval type="int" val="2" />
				</sval>
				<sval type="array" size="2">
					<sval type="int" val="16" />
					<sval type="int" val="2" />
				</sval>
				<sval type="array" size="2">
					<sval type="int" val="23" />
					<sval type="int" val="4" />
				</sval>
				<sval type="array" size="2">
					<sval type="int" val="23" />
					<sval type="int" val="4" />
				</sval>
				<sval type="array" size="2">
					<sval type="int" val="23" />
					<sval type="int" val="2" />
				</sval>
				<sval type="array" size="2">
					<sval type="int" val="24" />
					<sval type="int" val="2" />
				</sval>
				<sval type="array" size="2">
					<sval type="int" val="37" />
					<sval type="int" val="2" />
				</sval>
				<sval type="array" size="2">
					<sval type="int" val="41" />
					<sval type="int" val="2" />
				</sval>
				<sval type="array" size="2">
					<sval type="int" val="45" />
					<sval type="int" val="4" />
				</sval>
				<sval type="array" size="2">
					<sval type="int" val="46" />
					<sval type="int" val="4" />
				</sval>
				<sval type="array" size="2">
					<sval type="int" val="47" />
					<sval type="int" val="2" />
				</sval>
				<sval type="array" size="2">
					<sval type="int" val="51" />
					<sval type="int" val="4" />
				</sval>
				<sval type="array" size="2">
					<sval type="int" val="52" />
					<sval type="int" val="2" />
				</sval>
				<sval type="array" size="2">
					<sval type="int" val="63" />
					<sval type="int" val="4" />
				</sval>
				<sval type="array" size="2">
					<sval type="int" val="63" />
					<sval type="int" val="4" />
				</sval>
			</sval>
			<sval type="int" val="0" />
		</sval>
	</codearray>
</script>
