<?xml version="1.0" standalone="yes"?>
<?xml-stylesheet href="x2script.xsl" type="text/xsl"?>
<!-- Generated using X-Studio -->
<script>
	<name>plugin.zanzal.shopping.sectorbuywithdrones</name>
	<version>1</version>
	<engineversion>50</engineversion>
	<description></description>
	<arguments>
		<argument index="1" name="ware" type="Var/Ware" desc="" />
		<argument index="2" name="quantity" type="Var/Number" desc="" />
	</arguments>
	<sourcetext>
		<line linenr="001" indent="">
			<comment>* ************************************************</comment>
		</line>
		<line linenr="002" indent="">
			<comment>* SCRIPT NAME: plugin.zanzal.shopping.sectorbuywithdrones</comment>
		</line>
		<line linenr="003" indent="">
			<comment>* DESCRIPTION: A routine to try and buy $quantity of $ware </comment>
		</line>
		<line linenr="004" indent="">
			<comment>* sold in the current sector by using as many drones as possible.</comment>
		</line>
		<line linenr="005" indent="">
			<comment>* </comment>
		</line>
		<line linenr="006" indent="">
			<comment>* AUTHOR: Zanzal          DATE: 28 December 2013</comment>
		</line>
		<line linenr="007" indent="">
			<comment>* ************************************************</comment>
		</line>
		<line linenr="008" indent="" />
		<line linenr="009" indent="">
			<var>$find.flags</var>
			<text> </text>
			<text>=</text>
			<text> </text>
			<var>[Find.Nearest]</var>
			<text> </text>
			<text>|</text>
			<text> </text>
			<var>[Find.Multiple]</var>
		</line>
		<line linenr="010" indent="">
			<var>$ship.position</var>
			<text> </text>
			<text>=</text>
			<text> </text>
			<var>[THIS]</var>
			<text>-&gt;</text>
			<text> </text>
			<text>get</text>
			<text> </text>
			<text>position</text>
			<text> </text>
			<text>as</text>
			<text> </text>
			<text>array</text>
		</line>
		<line linenr="011" indent="">
			<var>$station.list</var>
			<text> </text>
			<text>=</text>
			<text> </text>
			<text>find</text>
			<text> </text>
			<text>station</text>
			<text>:</text>
			<text> </text>
			<text>sector</text>
			<text>=</text>
			<var>[SECTOR]</var>
			<text> </text>
			<text>class</text>
			<text> </text>
			<text>or</text>
			<text> </text>
			<text>type</text>
			<text>=</text>
			<var>null</var>
			<text> </text>
			<text>race</text>
			<text>=</text>
			<var>null</var>
			<text> </text>
			<text>flags</text>
			<text>=</text>
			<var>$find.flags</var>
			<text> </text>
			<text>refobj</text>
			<text>=</text>
			<var>[THIS]</var>
			<text> </text>
			<text>maxdist</text>
			<text>=</text>
			<var>75000</var>
			<text> </text>
			<text>maxnum</text>
			<text>=</text>
			<var>99</var>
			<text> </text>
			<text>refpos</text>
			<text>=</text>
			<var>$ship.position</var>
		</line>
		<line linenr="012" indent="" />
		<line linenr="013" indent="">
			<var>$x</var>
			<text> </text>
			<text>=</text>
			<text> </text>
			<var>0</var>
		</line>
		<line linenr="014" indent="">
			<var>$station.list.cnt</var>
			<text> </text>
			<text>=</text>
			<text> </text>
			<text>size</text>
			<text> </text>
			<text>of</text>
			<text> </text>
			<text>array</text>
			<text> </text>
			<var>$station.list</var>
		</line>
		<line linenr="015" indent="">
			<var>$drone.count</var>
			<text> </text>
			<text>=</text>
			<text> </text>
			<var>[THIS]</var>
			<text>-&gt;</text>
			<text> </text>
			<text>get</text>
			<text> </text>
			<text>amount</text>
			<text> </text>
			<text>of</text>
			<text> </text>
			<text>ware</text>
			<text> </text>
			<var>{Freight Drone}</var>
			<text> </text>
			<text>in</text>
			<text> </text>
			<text>cargo</text>
			<text> </text>
			<text>bay</text>
		</line>
		<line linenr="016" indent="" />
		<line linenr="017" indent="">
			<var>$amount.left</var>
			<text> </text>
			<text>=</text>
			<text> </text>
			<var>$quantity</var>
		</line>
		<line linenr="018" indent="">
			<text>while</text>
			<text> </text>
			<var>$x</var>
			<text> </text>
			<text>&lt;</text>
			<text> </text>
			<var>$station.list.cnt</var>
			<text> </text>
			<text>AND</text>
			<text> </text>
			<var>$amount.left</var>
			<text> </text>
			<text>&gt;</text>
			<text> </text>
			<var>0</var>
		</line>
		<line linenr="019" indent="&#160;">
			<text>if</text>
			<text> </text>
			<var>$drone.count</var>
			<text> </text>
			<text>==</text>
			<text> </text>
			<var>0</var>
		</line>
		<line linenr="020" indent="&#160;&#160;">
			<text>gosub</text>
			<text> </text>
			<var>wait_for_drones</var>
			<text>:</text>
		</line>
		<line linenr="021" indent="&#160;">
			<text>end</text>
		</line>
		<line linenr="022" indent="&#160;">
			<var>$station.item</var>
			<text> </text>
			<text>=</text>
			<text> </text>
			<var>$station.list</var>
			<text>[</text>
			<var>$x</var>
			<text>]</text>
		</line>
		<line linenr="023" indent="&#160;">
			<var>$station.distance</var>
			<text> </text>
			<text>=</text>
			<text> </text>
			<text>get</text>
			<text> </text>
			<text>distance</text>
			<text> </text>
			<text>between</text>
			<text> </text>
			<var>[THIS]</var>
			<text> </text>
			<text>and</text>
			<text> </text>
			<var>$station.item</var>
		</line>
		<line linenr="024" indent="&#160;" />
		<line linenr="025" indent="&#160;">
			<text>if</text>
			<text> </text>
			<var>[THIS]</var>
			<text>-&gt;</text>
			<text> </text>
			<text>can</text>
			<text> </text>
			<text>buy</text>
			<text> </text>
			<text>ware</text>
			<text> </text>
			<var>$ware</var>
			<text> </text>
			<text>at</text>
			<text> </text>
			<text>station</text>
			<text> </text>
			<var>$station.item</var>
		</line>
		<line linenr="026" indent="&#160;&#160;">
			<var>$wares.count</var>
			<text> </text>
			<text>=</text>
			<text> </text>
			<var>$station.item</var>
			<text>-&gt;</text>
			<text> </text>
			<text>get</text>
			<text> </text>
			<text>amount</text>
			<text> </text>
			<text>of</text>
			<text> </text>
			<text>ware</text>
			<text> </text>
			<var>$ware</var>
			<text> </text>
			<text>in</text>
			<text> </text>
			<text>cargo</text>
			<text> </text>
			<text>bay</text>
		</line>
		<line linenr="027" indent="&#160;&#160;">
			<text>if</text>
			<text> </text>
			<var>$wares.count</var>
			<text> </text>
			<text>&gt;</text>
			<text> </text>
			<var>$amount.left</var>
		</line>
		<line linenr="028" indent="&#160;&#160;&#160;">
			<var>$wares.count</var>
			<text> </text>
			<text>=</text>
			<text> </text>
			<var>$amount.left</var>
		</line>
		<line linenr="029" indent="&#160;&#160;">
			<text>end</text>
		</line>
		<line linenr="030" indent="&#160;&#160;" />
		<line linenr="031" indent="&#160;&#160;">
			<var>$amount.left</var>
			<text> </text>
			<text>=</text>
			<text> </text>
			<var>$amount.left</var>
			<text> </text>
			<text>-</text>
			<text> </text>
			<var>$wares.count</var>
		</line>
		<line linenr="032" indent="&#160;&#160;">
			<text>while</text>
			<text> </text>
			<var>$wares.count</var>
			<text> </text>
			<text>&gt;</text>
			<text> </text>
			<var>0</var>
		</line>
		<line linenr="033" indent="&#160;&#160;&#160;">
			<text>gosub</text>
			<text> </text>
			<var>create_freighter_drone</var>
			<text>:</text>
		</line>
		<line linenr="034" indent="&#160;&#160;&#160;">
			<text>if</text>
			<text> </text>
			<var>$drone.count</var>
			<text> </text>
			<text>==</text>
			<text> </text>
			<var>0</var>
		</line>
		<line linenr="035" indent="&#160;&#160;&#160;&#160;">
			<text>gosub</text>
			<text> </text>
			<var>wait_for_drones</var>
			<text>:</text>
		</line>
		<line linenr="036" indent="&#160;&#160;&#160;">
			<text>end</text>
		</line>
		<line linenr="037" indent="&#160;&#160;">
			<text>end</text>
		</line>
		<line linenr="038" indent="&#160;">
			<text>end</text>
		</line>
		<line linenr="039" indent="&#160;">
			<text>inc</text>
			<text> </text>
			<var>$x</var>
		</line>
		<line linenr="040" indent="">
			<text>end</text>
		</line>
		<line linenr="041" indent="" />
		<line linenr="042" indent="">
			<text>return</text>
			<text> </text>
			<var>null</var>
		</line>
		<line linenr="043" indent="" />
		<line linenr="044" indent="">
			<var>wait_for_drones</var>
			<text>:</text>
		</line>
		<line linenr="045" indent="&#160;" interruptable="@">
			<text>=</text>
			<text> </text>
			<var>[THIS]</var>
			<text>-&gt;</text>
			<text> </text>
			<text>call</text>
			<text> </text>
			<text>script</text>
			<text> </text>
			<call>plugin.zanzal.waitfordrones</call>
			<text> </text>
			<text>:</text>
			<text> </text>
			<text>quantity</text>
			<text>=</text>
			<var>1</var>
		</line>
		<line linenr="046" indent="&#160;">
			<var>$drone.count</var>
			<text> </text>
			<text>=</text>
			<text> </text>
			<var>[THIS]</var>
			<text>-&gt;</text>
			<text> </text>
			<text>get</text>
			<text> </text>
			<text>amount</text>
			<text> </text>
			<text>of</text>
			<text> </text>
			<text>ware</text>
			<text> </text>
			<var>{Freight Drone}</var>
			<text> </text>
			<text>in</text>
			<text> </text>
			<text>cargo</text>
			<text> </text>
			<text>bay</text>
		</line>
		<line linenr="047" indent="&#160;">
			<text>if</text>
			<text> </text>
			<var>$drone.count</var>
			<text> </text>
			<text>==</text>
			<text> </text>
			<var>0</var>
		</line>
		<line linenr="048" indent="&#160;&#160;">
			<text>return</text>
			<text> </text>
			<var>null</var>
		</line>
		<line linenr="049" indent="&#160;">
			<text>end</text>
		</line>
		<line linenr="050" indent="">
			<text>endsub</text>
		</line>
		<line linenr="051" indent="" />
		<line linenr="052" indent="">
			<var>create_freighter_drone</var>
			<text>:</text>
		</line>
		<line linenr="053" indent="&#160;">
			<var>$ship.sector</var>
			<text> </text>
			<text>=</text>
			<text> </text>
			<var>[THIS]</var>
			<text>-&gt;</text>
			<text> </text>
			<text>get</text>
			<text> </text>
			<text>sector</text>
		</line>
		<line linenr="054" indent="&#160;">
			<var>$ship.x</var>
			<text> </text>
			<text>=</text>
			<text> </text>
			<var>[THIS]</var>
			<text>-&gt;</text>
			<text> </text>
			<text>get</text>
			<text> </text>
			<text>x</text>
			<text> </text>
			<text>position</text>
		</line>
		<line linenr="055" indent="&#160;">
			<var>$ship.y</var>
			<text> </text>
			<text>=</text>
			<text> </text>
			<var>[THIS]</var>
			<text>-&gt;</text>
			<text> </text>
			<text>get</text>
			<text> </text>
			<text>y</text>
			<text> </text>
			<text>position</text>
		</line>
		<line linenr="056" indent="&#160;">
			<var>$ship.z</var>
			<text> </text>
			<text>=</text>
			<text> </text>
			<var>[THIS]</var>
			<text>-&gt;</text>
			<text> </text>
			<text>get</text>
			<text> </text>
			<text>z</text>
			<text> </text>
			<text>position</text>
		</line>
		<line linenr="057" indent="&#160;">
			<var>$ship.owner</var>
			<text> </text>
			<text>=</text>
			<text> </text>
			<var>[THIS]</var>
			<text>-&gt;</text>
			<text> </text>
			<text>get</text>
			<text> </text>
			<text>owner</text>
			<text> </text>
			<text>race</text>
		</line>
		<line linenr="058" indent="&#160;">
			<text>=</text>
			<text> </text>
			<var>[THIS]</var>
			<text>-&gt;</text>
			<text> </text>
			<text>add</text>
			<text> </text>
			<var>-1</var>
			<text> </text>
			<text>units</text>
			<text> </text>
			<text>of</text>
			<text> </text>
			<var>{Freight Drone}</var>
		</line>
		<line linenr="059" indent="&#160;">
			<var>$ware.drone</var>
			<text> </text>
			<text>=</text>
			<text> </text>
			<text>create</text>
			<text> </text>
			<text>ship</text>
			<text>:</text>
			<text> </text>
			<text>type</text>
			<text>=</text>
			<var>{Argon Freight Drone}</var>
			<text> </text>
			<text>owner</text>
			<text>=</text>
			<var>$ship.owner</var>
			<text> </text>
			<text>addto</text>
			<text>=</text>
			<var>$ship.sector</var>
			<text> </text>
			<text>x</text>
			<text>=</text>
			<var>$ship.x</var>
			<text> </text>
			<text>y</text>
			<text>=</text>
			<var>$ship.y</var>
			<text> </text>
			<text>z</text>
			<text>=</text>
			<var>$ship.z</var>
		</line>
		<line linenr="060" indent="&#160;">
			<var>$ware.drone</var>
			<text>-&gt;</text>
			<text> </text>
			<text>set</text>
			<text> </text>
			<text>name</text>
			<text> </text>
			<text>to</text>
			<text> </text>
			<text>'Shopping Drone'</text>
		</line>
		<line linenr="061" indent="&#160;">
			<var>$ware.drone</var>
			<text>-&gt;</text>
			<text> </text>
			<text>set</text>
			<text> </text>
			<text>homebase</text>
			<text> </text>
			<text>to</text>
			<text> </text>
			<var>[THIS]</var>
		</line>
		<line linenr="062" indent="&#160;">
			<var>$amount</var>
			<text> </text>
			<text>=</text>
			<text> </text>
			<var>$ware.drone</var>
			<text>-&gt;</text>
			<text> </text>
			<text>get</text>
			<text> </text>
			<text>free</text>
			<text> </text>
			<text>amount</text>
			<text> </text>
			<text>of</text>
			<text> </text>
			<text>ware</text>
			<text> </text>
			<var>$ware</var>
			<text> </text>
			<text>in</text>
			<text> </text>
			<text>cargo</text>
			<text> </text>
			<text>bay</text>
		</line>
		<line linenr="063" indent="&#160;">
			<text>if</text>
			<text> </text>
			<var>$amount</var>
			<text> </text>
			<text>&gt;</text>
			<text> </text>
			<var>$wares.count</var>
		</line>
		<line linenr="064" indent="&#160;&#160;">
			<var>$amount</var>
			<text> </text>
			<text>=</text>
			<text> </text>
			<var>$wares.count</var>
		</line>
		<line linenr="065" indent="&#160;">
			<text>end</text>
		</line>
		<line linenr="066" indent="&#160;">
			<var>$wares.count</var>
			<text> </text>
			<text>=</text>
			<text> </text>
			<var>$wares.count</var>
			<text> </text>
			<text>-</text>
			<text> </text>
			<var>$amount</var>
		</line>
		<line linenr="067" indent="&#160;">
			<var>$ware.drone</var>
			<text>-&gt;</text>
			<text> </text>
			<text>begin</text>
			<text> </text>
			<text>task</text>
			<text> </text>
			<var>0</var>
			<text> </text>
			<text>with</text>
			<text> </text>
			<text>script</text>
			<text> </text>
			<call>plugin.zanzal.shopping.drone.buyware</call>
			<text> </text>
			<text>and</text>
			<text> </text>
			<text>priority</text>
			<text> </text>
			<var>0</var>
			<text>:</text>
			<text> </text>
			<text>arg1</text>
			<text>=</text>
			<var>$station.item</var>
			<text> </text>
			<text>arg2</text>
			<text>=</text>
			<var>$ware</var>
			<text> </text>
			<text>arg3</text>
			<text>=</text>
			<var>$amount</var>
			<text> </text>
			<text>arg4</text>
			<text>=</text>
			<var>null</var>
			<text> </text>
			<text>arg5</text>
			<text>=</text>
			<var>null</var>
		</line>
		<line linenr="068" indent="&#160;">
			<text>dec</text>
			<text> </text>
			<var>$drone.count</var>
		</line>
		<line linenr="069" indent="">
			<text>endsub</text>
		</line>
	</sourcetext>
	<codearray>
		<sval type="array" size="10">
			<sval type="string" val="plugin.zanzal.shopping.sectorbuywithdrones" />
			<sval type="int" val="50" />
			<sval type="string" val="" />
			<sval type="int" val="1" />
			<sval type="int" val="0" />
			<sval type="array" size="19">
				<sval type="string" val="ware" />
				<sval type="string" val="quantity" />
				<sval type="string" val="find.flags" />
				<sval type="string" val="ship.position" />
				<sval type="string" val="station.list" />
				<sval type="string" val="x" />
				<sval type="string" val="station.list.cnt" />
				<sval type="string" val="drone.count" />
				<sval type="string" val="amount.left" />
				<sval type="string" val="station.item" />
				<sval type="string" val="station.distance" />
				<sval type="string" val="wares.count" />
				<sval type="string" val="ship.sector" />
				<sval type="string" val="ship.x" />
				<sval type="string" val="ship.y" />
				<sval type="string" val="ship.z" />
				<sval type="string" val="ship.owner" />
				<sval type="string" val="ware.drone" />
				<sval type="string" val="amount" />
			</sval>
			<sval type="array" size="48">
				<sval type="array" size="13">
					<sval type="int" val="104" />
					<sval type="int" val="2" />
					<sval type="int" val="3" />
					<sval type="int" val="131075" />
					<sval type="int" val="106" />
					<sval type="int" val="131075" />
					<sval type="int" val="111" />
					<sval type="int" val="15" />
					<sval type="int" val="7" />
					<sval type="int" val="3" />
					<sval type="int" val="-1" />
					<sval type="int" val="7" />
					<sval type="int" val="-2" />
				</sval>
				<sval type="array" size="4">
					<sval type="int" val="795" />
					<sval type="int" val="131075" />
					<sval type="int" val="1" />
					<sval type="int" val="3" />
				</sval>
				<sval type="array" size="18">
					<sval type="int" val="794" />
					<sval type="int" val="4" />
					<sval type="int" val="131075" />
					<sval type="int" val="6" />
					<sval type="int" val="0" />
					<sval type="int" val="0" />
					<sval type="int" val="0" />
					<sval type="int" val="0" />
					<sval type="int" val="131074" />
					<sval type="int" val="2" />
					<sval type="int" val="131075" />
					<sval type="int" val="1" />
					<sval type="int" val="4" />
					<sval type="int" val="75000" />
					<sval type="int" val="4" />
					<sval type="int" val="99" />
					<sval type="int" val="131074" />
					<sval type="int" val="3" />
				</sval>
				<sval type="array" size="7">
					<sval type="int" val="104" />
					<sval type="int" val="5" />
					<sval type="int" val="1" />
					<sval type="int" val="4" />
					<sval type="int" val="0" />
					<sval type="int" val="1" />
					<sval type="int" val="-1" />
				</sval>
				<sval type="array" size="4">
					<sval type="int" val="131" />
					<sval type="int" val="6" />
					<sval type="int" val="131074" />
					<sval type="int" val="4" />
				</sval>
				<sval type="array" size="6">
					<sval type="int" val="618" />
					<sval type="int" val="131075" />
					<sval type="int" val="1" />
					<sval type="int" val="7" />
					<sval type="int" val="9" />
					<sval type="int" val="1048656" />
				</sval>
				<sval type="array" size="7">
					<sval type="int" val="104" />
					<sval type="int" val="8" />
					<sval type="int" val="1" />
					<sval type="int" val="131074" />
					<sval type="int" val="1" />
					<sval type="int" val="1" />
					<sval type="int" val="-1" />
				</sval>
				<sval type="array" size="25">
					<sval type="int" val="104" />
					<sval type="int" val="-1610606583" />
					<sval type="int" val="7" />
					<sval type="int" val="131074" />
					<sval type="int" val="5" />
					<sval type="int" val="131074" />
					<sval type="int" val="6" />
					<sval type="int" val="15" />
					<sval type="int" val="3" />
					<sval type="int" val="131074" />
					<sval type="int" val="8" />
					<sval type="int" val="4" />
					<sval type="int" val="0" />
					<sval type="int" val="15" />
					<sval type="int" val="2" />
					<sval type="int" val="15" />
					<sval type="int" val="9" />
					<sval type="int" val="7" />
					<sval type="int" val="-1" />
					<sval type="int" val="3" />
					<sval type="int" val="-2" />
					<sval type="int" val="9" />
					<sval type="int" val="-4" />
					<sval type="int" val="2" />
					<sval type="int" val="-5" />
				</sval>
				<sval type="array" size="13">
					<sval type="int" val="104" />
					<sval type="int" val="-1610610173" />
					<sval type="int" val="3" />
					<sval type="int" val="131074" />
					<sval type="int" val="7" />
					<sval type="int" val="4" />
					<sval type="int" val="0" />
					<sval type="int" val="15" />
					<sval type="int" val="0" />
					<sval type="int" val="3" />
					<sval type="int" val="-1" />
					<sval type="int" val="0" />
					<sval type="int" val="-2" />
				</sval>
				<sval type="array" size="2">
					<sval type="int" val="1167" />
					<sval type="int" val="25" />
				</sval>
				<sval type="array" size="6">
					<sval type="int" val="129" />
					<sval type="int" val="9" />
					<sval type="int" val="131074" />
					<sval type="int" val="4" />
					<sval type="int" val="131074" />
					<sval type="int" val="5" />
				</sval>
				<sval type="array" size="6">
					<sval type="int" val="738" />
					<sval type="int" val="10" />
					<sval type="int" val="131075" />
					<sval type="int" val="1" />
					<sval type="int" val="131074" />
					<sval type="int" val="9" />
				</sval>
				<sval type="array" size="8">
					<sval type="int" val="1454" />
					<sval type="int" val="131075" />
					<sval type="int" val="1" />
					<sval type="int" val="-1610607101" />
					<sval type="int" val="131074" />
					<sval type="int" val="0" />
					<sval type="int" val="131074" />
					<sval type="int" val="9" />
				</sval>
				<sval type="array" size="6">
					<sval type="int" val="618" />
					<sval type="int" val="131074" />
					<sval type="int" val="9" />
					<sval type="int" val="11" />
					<sval type="int" val="131074" />
					<sval type="int" val="0" />
				</sval>
				<sval type="array" size="13">
					<sval type="int" val="104" />
					<sval type="int" val="-1610608637" />
					<sval type="int" val="3" />
					<sval type="int" val="131074" />
					<sval type="int" val="11" />
					<sval type="int" val="131074" />
					<sval type="int" val="8" />
					<sval type="int" val="15" />
					<sval type="int" val="2" />
					<sval type="int" val="3" />
					<sval type="int" val="-1" />
					<sval type="int" val="2" />
					<sval type="int" val="-2" />
				</sval>
				<sval type="array" size="7">
					<sval type="int" val="104" />
					<sval type="int" val="11" />
					<sval type="int" val="1" />
					<sval type="int" val="131074" />
					<sval type="int" val="8" />
					<sval type="int" val="1" />
					<sval type="int" val="-1" />
				</sval>
				<sval type="array" size="13">
					<sval type="int" val="104" />
					<sval type="int" val="8" />
					<sval type="int" val="3" />
					<sval type="int" val="131074" />
					<sval type="int" val="8" />
					<sval type="int" val="131074" />
					<sval type="int" val="11" />
					<sval type="int" val="15" />
					<sval type="int" val="12" />
					<sval type="int" val="3" />
					<sval type="int" val="-1" />
					<sval type="int" val="12" />
					<sval type="int" val="-2" />
				</sval>
				<sval type="array" size="13">
					<sval type="int" val="104" />
					<sval type="int" val="-1610607095" />
					<sval type="int" val="3" />
					<sval type="int" val="131074" />
					<sval type="int" val="11" />
					<sval type="int" val="4" />
					<sval type="int" val="0" />
					<sval type="int" val="15" />
					<sval type="int" val="2" />
					<sval type="int" val="3" />
					<sval type="int" val="-1" />
					<sval type="int" val="2" />
					<sval type="int" val="-2" />
				</sval>
				<sval type="array" size="2">
					<sval type="int" val="1167" />
					<sval type="int" val="31" />
				</sval>
				<sval type="array" size="13">
					<sval type="int" val="104" />
					<sval type="int" val="-1610607357" />
					<sval type="int" val="3" />
					<sval type="int" val="131074" />
					<sval type="int" val="7" />
					<sval type="int" val="4" />
					<sval type="int" val="0" />
					<sval type="int" val="15" />
					<sval type="int" val="0" />
					<sval type="int" val="3" />
					<sval type="int" val="-1" />
					<sval type="int" val="0" />
					<sval type="int" val="-2" />
				</sval>
				<sval type="array" size="2">
					<sval type="int" val="1167" />
					<sval type="int" val="25" />
				</sval>
				<sval type="array" size="2">
					<sval type="int" val="112" />
					<sval type="int" val="17" />
				</sval>
				<sval type="array" size="2">
					<sval type="int" val="142" />
					<sval type="int" val="5" />
				</sval>
				<sval type="array" size="2">
					<sval type="int" val="112" />
					<sval type="int" val="7" />
				</sval>
				<sval type="array" size="3">
					<sval type="int" val="103" />
					<sval type="int" val="0" />
					<sval type="int" val="0" />
				</sval>
				<sval type="array" size="2">
					<sval type="int" val="101" />
					<sval type="string" val="wait_for_drones" />
				</sval>
				<sval type="array" size="8">
					<sval type="int" val="102" />
					<sval type="string" val="plugin.zanzal.waitfordrones" />
					<sval type="int" val="-2147483647" />
					<sval type="int" val="131075" />
					<sval type="int" val="1" />
					<sval type="int" val="1" />
					<sval type="int" val="4" />
					<sval type="int" val="1" />
				</sval>
				<sval type="array" size="6">
					<sval type="int" val="618" />
					<sval type="int" val="131075" />
					<sval type="int" val="1" />
					<sval type="int" val="7" />
					<sval type="int" val="9" />
					<sval type="int" val="1048656" />
				</sval>
				<sval type="array" size="13">
					<sval type="int" val="104" />
					<sval type="int" val="-1610605053" />
					<sval type="int" val="3" />
					<sval type="int" val="131074" />
					<sval type="int" val="7" />
					<sval type="int" val="4" />
					<sval type="int" val="0" />
					<sval type="int" val="15" />
					<sval type="int" val="0" />
					<sval type="int" val="3" />
					<sval type="int" val="-1" />
					<sval type="int" val="0" />
					<sval type="int" val="-2" />
				</sval>
				<sval type="array" size="3">
					<sval type="int" val="103" />
					<sval type="int" val="0" />
					<sval type="int" val="0" />
				</sval>
				<sval type="array" size="1">
					<sval type="int" val="1168" />
				</sval>
				<sval type="array" size="2">
					<sval type="int" val="101" />
					<sval type="string" val="create_freighter_drone" />
				</sval>
				<sval type="array" size="4">
					<sval type="int" val="703" />
					<sval type="int" val="131075" />
					<sval type="int" val="1" />
					<sval type="int" val="12" />
				</sval>
				<sval type="array" size="4">
					<sval type="int" val="740" />
					<sval type="int" val="131075" />
					<sval type="int" val="1" />
					<sval type="int" val="13" />
				</sval>
				<sval type="array" size="4">
					<sval type="int" val="741" />
					<sval type="int" val="131075" />
					<sval type="int" val="1" />
					<sval type="int" val="14" />
				</sval>
				<sval type="array" size="4">
					<sval type="int" val="742" />
					<sval type="int" val="131075" />
					<sval type="int" val="1" />
					<sval type="int" val="15" />
				</sval>
				<sval type="array" size="4">
					<sval type="int" val="701" />
					<sval type="int" val="131075" />
					<sval type="int" val="1" />
					<sval type="int" val="16" />
				</sval>
				<sval type="array" size="8">
					<sval type="int" val="646" />
					<sval type="int" val="131075" />
					<sval type="int" val="1" />
					<sval type="int" val="-2147483647" />
					<sval type="int" val="4" />
					<sval type="int" val="-1" />
					<sval type="int" val="9" />
					<sval type="int" val="1048656" />
				</sval>
				<sval type="array" size="14">
					<sval type="int" val="739" />
					<sval type="int" val="17" />
					<sval type="int" val="9" />
					<sval type="int" val="459046" />
					<sval type="int" val="131074" />
					<sval type="int" val="16" />
					<sval type="int" val="131074" />
					<sval type="int" val="12" />
					<sval type="int" val="131074" />
					<sval type="int" val="13" />
					<sval type="int" val="131074" />
					<sval type="int" val="14" />
					<sval type="int" val="131074" />
					<sval type="int" val="15" />
				</sval>
				<sval type="array" size="5">
					<sval type="int" val="1029" />
					<sval type="int" val="131074" />
					<sval type="int" val="17" />
					<sval type="int" val="5" />
					<sval type="string" val="Shopping Drone" />
				</sval>
				<sval type="array" size="5">
					<sval type="int" val="713" />
					<sval type="int" val="131074" />
					<sval type="int" val="17" />
					<sval type="int" val="131075" />
					<sval type="int" val="1" />
				</sval>
				<sval type="array" size="6">
					<sval type="int" val="620" />
					<sval type="int" val="131074" />
					<sval type="int" val="17" />
					<sval type="int" val="18" />
					<sval type="int" val="131074" />
					<sval type="int" val="0" />
				</sval>
				<sval type="array" size="13">
					<sval type="int" val="104" />
					<sval type="int" val="-1610601469" />
					<sval type="int" val="3" />
					<sval type="int" val="131074" />
					<sval type="int" val="18" />
					<sval type="int" val="131074" />
					<sval type="int" val="11" />
					<sval type="int" val="15" />
					<sval type="int" val="2" />
					<sval type="int" val="3" />
					<sval type="int" val="-1" />
					<sval type="int" val="2" />
					<sval type="int" val="-2" />
				</sval>
				<sval type="array" size="7">
					<sval type="int" val="104" />
					<sval type="int" val="18" />
					<sval type="int" val="1" />
					<sval type="int" val="131074" />
					<sval type="int" val="11" />
					<sval type="int" val="1" />
					<sval type="int" val="-1" />
				</sval>
				<sval type="array" size="13">
					<sval type="int" val="104" />
					<sval type="int" val="11" />
					<sval type="int" val="3" />
					<sval type="int" val="131074" />
					<sval type="int" val="11" />
					<sval type="int" val="131074" />
					<sval type="int" val="18" />
					<sval type="int" val="15" />
					<sval type="int" val="12" />
					<sval type="int" val="3" />
					<sval type="int" val="-1" />
					<sval type="int" val="12" />
					<sval type="int" val="-2" />
				</sval>
				<sval type="array" size="18">
					<sval type="int" val="1017" />
					<sval type="int" val="131074" />
					<sval type="int" val="17" />
					<sval type="string" val="plugin.zanzal.shopping.drone.buyware" />
					<sval type="int" val="4" />
					<sval type="int" val="0" />
					<sval type="int" val="4" />
					<sval type="int" val="0" />
					<sval type="int" val="131074" />
					<sval type="int" val="9" />
					<sval type="int" val="131074" />
					<sval type="int" val="0" />
					<sval type="int" val="131074" />
					<sval type="int" val="18" />
					<sval type="int" val="0" />
					<sval type="int" val="0" />
					<sval type="int" val="0" />
					<sval type="int" val="0" />
				</sval>
				<sval type="array" size="2">
					<sval type="int" val="143" />
					<sval type="int" val="7" />
				</sval>
				<sval type="array" size="1">
					<sval type="int" val="1168" />
				</sval>
			</sval>
			<sval type="array" size="2">
				<sval type="array" size="2">
					<sval type="int" val="13" />
					<sval type="string" val="" />
				</sval>
				<sval type="array" size="2">
					<sval type="int" val="10" />
					<sval type="string" val="" />
				</sval>
			</sval>
			<sval type="array" size="23">
				<sval type="array" size="3">
					<sval type="int" val="0" />
					<sval type="int" val="1" />
					<sval type="string" val="************************************************" />
				</sval>
				<sval type="array" size="3">
					<sval type="int" val="0" />
					<sval type="int" val="1" />
					<sval type="string" val="SCRIPT NAME: plugin.zanzal.shopping.sectorbuywithdrones" />
				</sval>
				<sval type="array" size="3">
					<sval type="int" val="0" />
					<sval type="int" val="1" />
					<sval type="string" val="DESCRIPTION: A routine to try and buy $quantity of $ware " />
				</sval>
				<sval type="array" size="3">
					<sval type="int" val="0" />
					<sval type="int" val="1" />
					<sval type="string" val="sold in the current sector by using as many drones as possible." />
				</sval>
				<sval type="array" size="3">
					<sval type="int" val="0" />
					<sval type="int" val="1" />
					<sval type="string" val="" />
				</sval>
				<sval type="array" size="3">
					<sval type="int" val="0" />
					<sval type="int" val="1" />
					<sval type="string" val="AUTHOR: Zanzal          DATE: 28 December 2013" />
				</sval>
				<sval type="array" size="3">
					<sval type="int" val="0" />
					<sval type="int" val="1" />
					<sval type="string" val="************************************************" />
				</sval>
				<sval type="array" size="2">
					<sval type="int" val="0" />
					<sval type="int" val="2" />
				</sval>
				<sval type="array" size="2">
					<sval type="int" val="3" />
					<sval type="int" val="2" />
				</sval>
				<sval type="array" size="2">
					<sval type="int" val="6" />
					<sval type="int" val="2" />
				</sval>
				<sval type="array" size="2">
					<sval type="int" val="10" />
					<sval type="int" val="4" />
				</sval>
				<sval type="array" size="2">
					<sval type="int" val="12" />
					<sval type="int" val="2" />
				</sval>
				<sval type="array" size="2">
					<sval type="int" val="16" />
					<sval type="int" val="4" />
				</sval>
				<sval type="array" size="2">
					<sval type="int" val="16" />
					<sval type="int" val="2" />
				</sval>
				<sval type="array" size="2">
					<sval type="int" val="21" />
					<sval type="int" val="4" />
				</sval>
				<sval type="array" size="2">
					<sval type="int" val="22" />
					<sval type="int" val="4" />
				</sval>
				<sval type="array" size="2">
					<sval type="int" val="22" />
					<sval type="int" val="4" />
				</sval>
				<sval type="array" size="2">
					<sval type="int" val="24" />
					<sval type="int" val="4" />
				</sval>
				<sval type="array" size="2">
					<sval type="int" val="24" />
					<sval type="int" val="2" />
				</sval>
				<sval type="array" size="2">
					<sval type="int" val="25" />
					<sval type="int" val="2" />
				</sval>
				<sval type="array" size="2">
					<sval type="int" val="30" />
					<sval type="int" val="4" />
				</sval>
				<sval type="array" size="2">
					<sval type="int" val="31" />
					<sval type="int" val="2" />
				</sval>
				<sval type="array" size="2">
					<sval type="int" val="44" />
					<sval type="int" val="4" />
				</sval>
			</sval>
			<sval type="int" val="0" />
		</sval>
	</codearray>
</script>
